year,employment,series,source_id,source_url,source_locator,scope_break,note
2009,33140.0,Legacy ESA estimate,US_esa2014_legacy,https://www.igea.net/wp-content/uploads/2014/11/VideoGames21stCentury_2014.pdf,"printed p. 14, Table D-2",False,Source-reported total retained; separate estimation/reporting families must not be spliced.
2012,42975.0,Legacy ESA estimate,US_esa2014_legacy,https://www.igea.net/wp-content/uploads/2014/11/VideoGames21stCentury_2014.pdf,"printed p. 14, Table D-2",False,Source-reported total retained; separate estimation/reporting families must not be spliced.
2013,56712.0,ESA Mapping Project,US_esa2017,https://www.theesa.com/wp-content/uploads/2024/02/2017-EIR-National-Report.pdf,"printed p. 19, Tables E-1/E-2",False,Source-reported total retained; separate estimation/reporting families must not be spliced.
2014,58963.0,ESA Mapping Project,US_esa2017,https://www.theesa.com/wp-content/uploads/2024/02/2017-EIR-National-Report.pdf,"printed p. 19, Table E-2",False,Source-reported total retained; separate estimation/reporting families must not be spliced.
2015,60031.0,ESA Mapping Project,US_esa2017,https://www.theesa.com/wp-content/uploads/2024/02/2017-EIR-National-Report.pdf,p19 Tables E-1/E-2,False,Source-reported total retained; separate estimation/reporting families must not be spliced.
2016,65678.0,ESA Mapping Project,US_esa2017,https://www.theesa.com/wp-content/uploads/2024/02/2017-EIR-National-Report.pdf,p12 Table C-2; p19 text assigns total to 2016,True,Source-reported total retained; separate estimation/reporting families must not be spliced.
2019,61230.0,Development / publishing subtotal,US_esa2020,https://www.theesa.com/wp-content/uploads/2024/02/Video-Games-in-the-21st-Century-2020-Economic-Impact-Report-Final.pdf,p9 Table1,False,Source-reported total retained; separate estimation/reporting families must not be spliced.
2023,71991.0,Development / publishing subtotal,US_esa2024,https://www.theesa.com/wp-content/uploads/2024/02/EIR_ESA_2024.pdf,p9 Table1,False,Source-reported total retained; separate estimation/reporting families must not be spliced.
2025,60276.0,Development / publishing subtotal,US_esa2026,https://www.theesa.com/wp-content/uploads/2026/04/EIR_2026_FINAL.pdf,p10 Table1,False,Source-reported total retained; separate estimation/reporting families must not be spliced.
