iso2,country,year,value,display_value,unit,series_id,period,url,locator,status,chart_eligible,trend_eligible,allowed_trend_years,trend_review,definition,record
AU,Australia,2007,1431,"1,431",people,AU_abs_historical_snapshots,Last pay period ending June 2007,https://www.abs.gov.au/AUSSTATS/abs%40.nsf/mf/8515.0,Summary of findings: Employment,accepted_primary_verified,True,False,,"Both are ABS headcounts at the last pay period ending June, but the archive describes changing scope/coverage and expressly cautions historical comparison. The country catalogue likewise records AU_abs_headcount as chart_eligible but trend_eligible false and prohibits joining it to IGEA. Isolated markers only; no connecting lines.","Businesses primarily developing digital games; census headcount, not FTE. ABS cautions historical change estimates; retain as snapshots, separate from IGEA.",research-extension-2026-09-19/AU/accepted-observations.json
AU,Australia,2012,581,581,people,AU_abs_historical_snapshots,Last pay period ending June 2012,https://www.abs.gov.au/AUSSTATS/abs%40.nsf/Previousproducts/8679.0Main%20Features32011-12,Financial activity: Digital game developers,accepted_primary_verified,True,False,,"Both are ABS headcounts at the last pay period ending June, but the archive describes changing scope/coverage and expressly cautions historical comparison. The country catalogue likewise records AU_abs_headcount as chart_eligible but trend_eligible false and prohibits joining it to IGEA. Isolated markers only; no connecting lines.","Businesses primarily developing digital games; census headcount, not FTE. ABS cautions historical change estimates; retain as snapshots, separate from IGEA.",research-extension-2026-09-19/AU/accepted-observations.json
BR,Brazil,2008,560,560,people,BR_developer_employees_reported_2008,"current at publication, July 2008",https://www.abragames.org/uploads/5/6/8/0/56805537/pesquisa_2008_-_a_industria_brasileira_de_jogos_eletronicos.pdf,"PDF printed p. 3, 'A indústria brasileira de jogos eletrônicos 2008 em uma página'",accepted_primary_verified,False,False,,Contextual historical company-set or respondent total.2008 employment42 firms versus32 thanked respondents unresolved;2014 total133 valid respondents incl founders/collaborators. Not comparable with later extrapolated national estimates; withheld from representative regional chart.,"560 profissionais empregados por 42 companies producing game software (games or part of them). This is an Abragames-reported employment stock for the stated company set, not a documented census or extrapolated national total; the report separately thanks 32 respondent companies and does not reconcile that number with the 42-company headline. It says 'empregados' and does not say whether founders/partners are included.",research-extension-2026-09-19/BR/accepted-observations.json
BR,Brazil,2014,1133,"1,133",people,BR_developer_people_sample_2014,online survey fieldwork 9-31 January 2014; report presented July 2014,https://www.abragames.org/uploads/5/6/8/0/56805537/i_censo_da_industria_brasileira_de_jogos_digitais_2.pdf,"PDF printed pp. 31-32 methodology; printed p. 39, section 4.3.2 'Proporção entre funcionários e sócios'",accepted_primary_verified,False,False,,Contextual historical company-set or respondent total.2008 employment42 firms versus32 thanked respondents unresolved;2014 total133 valid respondents incl founders/collaborators. Not comparable with later extrapolated national estimates; withheld from representative regional chart.,"Reported total workforce at 133 valid responding Brazilian game-developer companies: 392 sócios (partners/founders) plus 741 colaboradores (staff/collaborators). The publisher calls this a census but the employment number is a respondent sum, not an extrapolation to all Brazilian developers. Fieldwork occurred in January 2014; 2013 is the revenue reference year elsewhere in the report and must not be applied to this workforce value.",research-extension-2026-09-19/BR/accepted-observations.json
CA,Canada,2013,27612,"27,612",ILU,CA_statcan_ilu,2013 calendar-year ILUs,https://www150.statcan.gc.ca/n1/pub/36-28-0001/2025008/article/00001-eng.htm,"Table 3, Total row",accepted,True,True,2013;2014;2015;2016;2017;2018;2019;2020;2021;2022,"Do not merge the ILUs with CA_esac_legacy, CA_esac_revised, or CA_esac_2015_undated as one employment trend or index. Do not convert, relabel, or compare the ILU totals as FTEs or point-in-time headcount. Do not combine the values with CA_contract_share or CA_immigration_share to estimate national contractor or citizenship counts.",Annual T4-based individual labour units allocated by wages across employers; provinces excluding territories.,research-extension-2026-09-19/CA/accepted-observations.json
CA,Canada,2014,28616,"28,616",ILU,CA_statcan_ilu,2014 calendar-year ILUs,https://www150.statcan.gc.ca/n1/pub/36-28-0001/2025008/article/00001-eng.htm,"Table 3, Total row",accepted,True,True,2013;2014;2015;2016;2017;2018;2019;2020;2021;2022,"Do not merge the ILUs with CA_esac_legacy, CA_esac_revised, or CA_esac_2015_undated as one employment trend or index. Do not convert, relabel, or compare the ILU totals as FTEs or point-in-time headcount. Do not combine the values with CA_contract_share or CA_immigration_share to estimate national contractor or citizenship counts.",Annual T4-based individual labour units allocated by wages across employers; provinces excluding territories.,research-extension-2026-09-19/CA/accepted-observations.json
DE,Germany,2025,12659,"12,659",people,DE_core_revised2026,2025 comparator restated in2026,https://www.gamecampus.de/arbeiten/daten-fakten,Employment paragraphs and methodological note,accepted revised-vintage observation,True,True,2025;2026,"Do not append either observation to DE_core 2015-2025, and do not replace DE_core's original-vintage 2025 value of 12,134 in that trend. Do not calculate a 2024-to-revised-2025 change, a 2025-old-to-2026 change, or a 2015-2026 continuous trend/index across the database expansion. Do not join Goldmedia's expanded-core 2018/2024 context values, which include games-specific service providers, to either core developer/publisher series. Do not treat the 2025 restated comparator as a 31 March 2025 snapshot unless the publisher separately establishes that reference date.",Employees at German developers/publishers in expanded gamesmap/Goldmedia universe;2025 restated for comparability.,research-extension-2026-09-19/DE/accepted-observations.json
DE,Germany,2026,12235,"12,235",people,DE_core_revised2026,31 March 2026,https://www.gamecampus.de/arbeiten/daten-fakten,Employment paragraphs and methodological note,accepted revised-vintage observation,True,True,2025;2026,"Do not append either observation to DE_core 2015-2025, and do not replace DE_core's original-vintage 2025 value of 12,134 in that trend. Do not calculate a 2024-to-revised-2025 change, a 2025-old-to-2026 change, or a 2015-2026 continuous trend/index across the database expansion. Do not join Goldmedia's expanded-core 2018/2024 context values, which include games-specific service providers, to either core developer/publisher series. Do not treat the 2025 restated comparator as a 31 March 2025 snapshot unless the publisher separately establishes that reference date.",Employees at German developers/publishers in expanded gamesmap/Goldmedia universe;2025 restated for comparability.,research-extension-2026-09-19/DE/accepted-observations.json
DK,Denmark,2008,486,486,FTE,DK_core_game_producers_v2009,"annual, 2008",https://pro-f.dk/sites/default/files/2021-10/Danske%20Indholdsproducenter%202009_1_1.pdf,"PDF p26 / printed p29, Table8; FTE definition in employment narrative and methodology",accepted historical payroll FTE vintage,True,True,2008;2009,Source-native2008/2009 core game-producer payroll FTE pair. Selected company population excludes freelancers/support firms. No joins to later report vintages.,"Employees in the report's selected core computer-game producer companies, expressed as FTE ('antal medarbejdere'). The report defines games as console, PC, AAA, mobile and browser games; it excludes non-producer support functions and self-employed freelancers.",research-extension-2026-09-19/DK/accepted-observations.json
DK,Denmark,2009,552,552,FTE,DK_core_game_producers_v2009,"annual, 2009",https://pro-f.dk/sites/default/files/2021-10/Danske%20Indholdsproducenter%202009_1_1.pdf,"PDF p26 / printed p29, Table8; FTE definition in employment narrative and methodology",accepted historical payroll FTE vintage,True,True,2008;2009,Source-native2008/2009 core game-producer payroll FTE pair. Selected company population excludes freelancers/support firms. No joins to later report vintages.,"Employees in the report's selected core computer-game producer companies, expressed as FTE ('antal medarbejdere'). The report identifies 72 computer-game developers and states the count is converted to FTE.",research-extension-2026-09-19/DK/accepted-observations.json
ES,Spain,2013,2630,"2,630",people,ES_direct,annual direct-employment estimate,https://www.oficinamediaespana.eu/images/media_europa/2023_libro_blanco_dev_digital_media.pdf,"PDF p. 31 / printed p. 31, Figura 16, 'Evolución del empleo en el videojuego español (2013-2022)'.",accepted_primary_verified,True,True,2013;2014;2015;2016;2017;2018;2019;2020;2021;2022;2023;2024,"DEV retrospective Figure 16 matches all overlapping 2015-2022 original observations. Extend direct-employment series to 2013; changing annual survey coverage remains a caveat. Exclude forecasts, freelancers and indirect jobs.","DEV's estimated direct employment in Spanish video-game development. The figure separately labels 2022's freelance and indirect jobs, so this is not a supported-employment total. The report's current-edition methodology describes a DEV studio survey/estimate, but the historical chart does not document each prior-year sampling frame.",research-extension-2026-09-19/ES/accepted-observations.json
ES,Spain,2014,3376,"3,376",people,ES_direct,annual direct-employment estimate,https://www.oficinamediaespana.eu/images/media_europa/2023_libro_blanco_dev_digital_media.pdf,"PDF p. 31 / printed p. 31, Figura 16, 'Evolución del empleo en el videojuego español (2013-2022)'.",accepted_primary_verified,True,True,2013;2014;2015;2016;2017;2018;2019;2020;2021;2022;2023;2024,"DEV retrospective Figure 16 matches all overlapping 2015-2022 original observations. Extend direct-employment series to 2013; changing annual survey coverage remains a caveat. Exclude forecasts, freelancers and indirect jobs.","DEV's estimated direct employment in Spanish video-game development. The figure separately labels 2022's freelance and indirect jobs, so this is not a supported-employment total. The report's current-edition methodology describes a DEV studio survey/estimate, but the historical chart does not document each prior-year sampling frame.",research-extension-2026-09-19/ES/accepted-observations.json
FI,Finland,2022,3700,"approximately 3,700",FTE,FI_domestic_explicit_fte,end of 2022,https://neogames.fi/wp-content/uploads/2023/05/FGIR2022report.pdf,"Report 2022, printed p. 20, Developers & Diversity",accepted approximate domestic FTE,True,True,,Eligible only with explicit domestic FTE series2024; both approximate end-year national estimates including entrepreneurs. Interview coverage changes; preserve source-year labels and uncertainty. No splice to worldwide totals.,"Entire Finnish Game Industry: approximately 3,700 FTE staff in Finland. The surrounding paragraph says totals include entrepreneurs; 400 people in Finnish-owned studios abroad are reported separately.",research-extension-2026-09-19/FI/accepted-observations.json
FR,France,2010,6201,"6,201",persons,FR_dge_pwc_broad_industry_persons,2010 annual figure; precise stock/average timing unspecified,https://www.entreprises.gouv.fr/files/files/Publications/2021/Dossiers-dge/industrie-du-jeu-video-tissu-economique-et-competitivite-mars-2021.pdf,"printed p. 7, Figure 3; PDF p. 7",accepted_primary_verified,True,True,2010;2011;2012;2013;2014;2015;2016;2017;2018,"PwC actor-database broad ecosystem employment: studios, publishers, distributors and other actors. Source-native 2010-2018 comparison only; not FTE. No join to EY2019-2024. Exact within-year timing and independent-worker coverage unstated; retain printed totals despite component discrepancies.","Reported industry employment from PwC Strategy& actor database: studios, publishers, distributors and 'other actors supporting the ecosystem'. This is persons/employment, not FTE; it is broader than EY 2025 direct employee FTE and must not be spliced with it. Independent-worker treatment and precise time basis not stated.",research-extension-2026-09-19/FR/accepted-observations.json
FR,France,2011,6718,"6,718",persons,FR_dge_pwc_broad_industry_persons,2011 annual figure; precise stock/average timing unspecified,https://www.entreprises.gouv.fr/files/files/Publications/2021/Dossiers-dge/industrie-du-jeu-video-tissu-economique-et-competitivite-mars-2021.pdf,"printed p. 7, Figure 3; PDF p. 7",accepted_primary_verified,True,True,2010;2011;2012;2013;2014;2015;2016;2017;2018,"PwC actor-database broad ecosystem employment: studios, publishers, distributors and other actors. Source-native 2010-2018 comparison only; not FTE. No join to EY2019-2024. Exact within-year timing and independent-worker coverage unstated; retain printed totals despite component discrepancies.","Reported industry employment from PwC Strategy& actor database: studios, publishers, distributors and 'other actors supporting the ecosystem'. This is persons/employment, not FTE; it is broader than EY 2025 direct employee FTE and must not be spliced with it. Independent-worker treatment and precise time basis not stated.",research-extension-2026-09-19/FR/accepted-observations.json
FR,France,2012,7178,"7,178",persons,FR_dge_pwc_broad_industry_persons,2012 annual figure; precise stock/average timing unspecified,https://www.entreprises.gouv.fr/files/files/Publications/2021/Dossiers-dge/industrie-du-jeu-video-tissu-economique-et-competitivite-mars-2021.pdf,"printed p. 7, Figure 3; PDF p. 7",accepted_primary_verified,True,True,2010;2011;2012;2013;2014;2015;2016;2017;2018,"PwC actor-database broad ecosystem employment: studios, publishers, distributors and other actors. Source-native 2010-2018 comparison only; not FTE. No join to EY2019-2024. Exact within-year timing and independent-worker coverage unstated; retain printed totals despite component discrepancies.","Reported industry employment from PwC Strategy& actor database: studios, publishers, distributors and 'other actors supporting the ecosystem'. This is persons/employment, not FTE; it is broader than EY 2025 direct employee FTE and must not be spliced with it. Independent-worker treatment and precise time basis not stated.",research-extension-2026-09-19/FR/accepted-observations.json
FR,France,2013,8279,"8,279",persons,FR_dge_pwc_broad_industry_persons,2013 annual figure; precise stock/average timing unspecified,https://www.entreprises.gouv.fr/files/files/Publications/2021/Dossiers-dge/industrie-du-jeu-video-tissu-economique-et-competitivite-mars-2021.pdf,"printed p. 7, Figure 3; PDF p. 7",accepted_primary_verified,True,True,2010;2011;2012;2013;2014;2015;2016;2017;2018,"PwC actor-database broad ecosystem employment: studios, publishers, distributors and other actors. Source-native 2010-2018 comparison only; not FTE. No join to EY2019-2024. Exact within-year timing and independent-worker coverage unstated; retain printed totals despite component discrepancies.","Reported industry employment from PwC Strategy& actor database: studios, publishers, distributors and 'other actors supporting the ecosystem'. This is persons/employment, not FTE; it is broader than EY 2025 direct employee FTE and must not be spliced with it. Independent-worker treatment and precise time basis not stated.",research-extension-2026-09-19/FR/accepted-observations.json
FR,France,2014,8863,"8,863",persons,FR_dge_pwc_broad_industry_persons,2014 annual figure; precise stock/average timing unspecified,https://www.entreprises.gouv.fr/files/files/Publications/2021/Dossiers-dge/industrie-du-jeu-video-tissu-economique-et-competitivite-mars-2021.pdf,"printed p. 7, Figure 3; PDF p. 7",accepted_primary_verified,True,True,2010;2011;2012;2013;2014;2015;2016;2017;2018,"PwC actor-database broad ecosystem employment: studios, publishers, distributors and other actors. Source-native 2010-2018 comparison only; not FTE. No join to EY2019-2024. Exact within-year timing and independent-worker coverage unstated; retain printed totals despite component discrepancies.","Reported industry employment from PwC Strategy& actor database: studios, publishers, distributors and 'other actors supporting the ecosystem'. This is persons/employment, not FTE; it is broader than EY 2025 direct employee FTE and must not be spliced with it. Independent-worker treatment and precise time basis not stated.",research-extension-2026-09-19/FR/accepted-observations.json
FR,France,2015,9465,"9,465",persons,FR_dge_pwc_broad_industry_persons,2015 annual figure; precise stock/average timing unspecified,https://www.entreprises.gouv.fr/files/files/Publications/2021/Dossiers-dge/industrie-du-jeu-video-tissu-economique-et-competitivite-mars-2021.pdf,"printed p. 7, Figure 3; PDF p. 7",accepted_primary_verified,True,True,2010;2011;2012;2013;2014;2015;2016;2017;2018,"PwC actor-database broad ecosystem employment: studios, publishers, distributors and other actors. Source-native 2010-2018 comparison only; not FTE. No join to EY2019-2024. Exact within-year timing and independent-worker coverage unstated; retain printed totals despite component discrepancies.","Reported industry employment from PwC Strategy& actor database: studios, publishers, distributors and 'other actors supporting the ecosystem'. This is persons/employment, not FTE; it is broader than EY 2025 direct employee FTE and must not be spliced with it. Independent-worker treatment and precise time basis not stated.",research-extension-2026-09-19/FR/accepted-observations.json
FR,France,2016,9900,"9,900",persons,FR_dge_pwc_broad_industry_persons,2016 annual figure; precise stock/average timing unspecified,https://www.entreprises.gouv.fr/files/files/Publications/2021/Dossiers-dge/industrie-du-jeu-video-tissu-economique-et-competitivite-mars-2021.pdf,"printed p. 7, Figure 3; PDF p. 7",accepted_primary_verified,True,True,2010;2011;2012;2013;2014;2015;2016;2017;2018,"PwC actor-database broad ecosystem employment: studios, publishers, distributors and other actors. Source-native 2010-2018 comparison only; not FTE. No join to EY2019-2024. Exact within-year timing and independent-worker coverage unstated; retain printed totals despite component discrepancies.","Reported industry employment from PwC Strategy& actor database: studios, publishers, distributors and 'other actors supporting the ecosystem'. This is persons/employment, not FTE; it is broader than EY 2025 direct employee FTE and must not be spliced with it. Independent-worker treatment and precise time basis not stated.",research-extension-2026-09-19/FR/accepted-observations.json
FR,France,2017,11060,"11,060",persons,FR_dge_pwc_broad_industry_persons,2017 annual figure; precise stock/average timing unspecified,https://www.entreprises.gouv.fr/files/files/Publications/2021/Dossiers-dge/industrie-du-jeu-video-tissu-economique-et-competitivite-mars-2021.pdf,"printed p. 7, Figure 3; PDF p. 7",accepted_primary_verified,True,True,2010;2011;2012;2013;2014;2015;2016;2017;2018,"PwC actor-database broad ecosystem employment: studios, publishers, distributors and other actors. Source-native 2010-2018 comparison only; not FTE. No join to EY2019-2024. Exact within-year timing and independent-worker coverage unstated; retain printed totals despite component discrepancies.","Reported industry employment from PwC Strategy& actor database: studios, publishers, distributors and 'other actors supporting the ecosystem'. This is persons/employment, not FTE; it is broader than EY 2025 direct employee FTE and must not be spliced with it. Independent-worker treatment and precise time basis not stated.",research-extension-2026-09-19/FR/accepted-observations.json
FR,France,2018,11936,"11,936",persons,FR_dge_pwc_broad_industry_persons,2018 annual figure; precise stock/average timing unspecified,https://www.entreprises.gouv.fr/files/files/Publications/2021/Dossiers-dge/industrie-du-jeu-video-tissu-economique-et-competitivite-mars-2021.pdf,"printed p. 7, Figure 3; PDF p. 7",accepted_primary_verified,True,True,2010;2011;2012;2013;2014;2015;2016;2017;2018,"PwC actor-database broad ecosystem employment: studios, publishers, distributors and other actors. Source-native 2010-2018 comparison only; not FTE. No join to EY2019-2024. Exact within-year timing and independent-worker coverage unstated; retain printed totals despite component discrepancies.","Reported industry employment from PwC Strategy& actor database: studios, publishers, distributors and 'other actors supporting the ecosystem'. This is persons/employment, not FTE; it is broader than EY 2025 direct employee FTE and must not be spliced with it. Independent-worker treatment and precise time basis not stated.",research-extension-2026-09-19/FR/accepted-observations.json
GB,United Kingdom,2017,13277,"13,277",FTE,GB_tiga_fte,November 2017,https://tiga.org/news/the-uk-video-games-development-sector-surges-forward,"November 2017 to November 2018 bullet: 'from 13,277 to almost 14,353 full-time and full-time equivalent staff'",accepted_primary_verified,True,True,2016;2017;2018;2020;2021;2023;2024,"Approve the two accepted November 2017 TIGA endpoints as additions to their existing source-native series. Do not combine, add, subtract, or switch between GB_tiga_fte and GB_tiga_people. The former prorates freelancer work into FTE; the latter counts contractors as people. Do not append either endpoint to GB_dcms_jobs. DCMS is APS annual-average filled jobs under SIC 58.21 and 62.011, including first and second jobs and self-employment, with a different geography and uncertainty profile. Do not use UK indirect jobs supported (24,274 in 2017) as direct employment, and do not join the endpoints to the Ukie 2016 direct-company FTE or its 47,620 supported-FTE total. Do not treat TIGA November snapshot years as calendar-year annual averages or as a 2019 index baseline.","TIGA's creative staff in studios, reported as full-time and full-time equivalent staff. The public release does not separately restate the contractor prorating rule in this item; retain the existing GB_tiga_fte series definition.",research-extension-2026-09-19/GB/accepted-observations.json
GB,United Kingdom,2017,15851,"15,851",people,GB_tiga_people,November 2017,https://tiga.org/news/the-uk-video-games-development-sector-surges-forward,"November 2017 to November 2018 bullet: 'total games development workforce, including contractors, grew from 15,851 to 16,532'",accepted_primary_verified,True,True,2017;2018;2020;2023;2024;2025,"Approve the two accepted November 2017 TIGA endpoints as additions to their existing source-native series. Do not combine, add, subtract, or switch between GB_tiga_fte and GB_tiga_people. The former prorates freelancer work into FTE; the latter counts contractors as people. Do not append either endpoint to GB_dcms_jobs. DCMS is APS annual-average filled jobs under SIC 58.21 and 62.011, including first and second jobs and self-employment, with a different geography and uncertainty profile. Do not use UK indirect jobs supported (24,274 in 2017) as direct employment, and do not join the endpoints to the Ukie 2016 direct-company FTE or its 47,620 supported-FTE total. Do not treat TIGA November snapshot years as calendar-year annual averages or as a 2019 index baseline.","TIGA total games development workforce including contractors; headcount, distinct from FTE and from indirect jobs supported.",research-extension-2026-09-19/GB/accepted-observations.json
ID,Indonesia,2019,1286,"1,286",people,ID_kominfo2020_survey_game_developers_all,"2019 reference coverage explicitly stated on printed p1 and research question on p5; survey conducted2020, report publishedApril2021",https://www.researchgate.net/publication/394347887_Peta_Ekosistem_Industri_Game_2020,"Peta Ekosistem Industri Game 2020, p. 34 (Sumber Daya Manusia): 1,286 workers in surveyed game developers, consisting of 1,136 at incorporated developers and 150 at unincorporated developers. Reference period: printed p1 and introductory research question; excludes Covid-impact section.",source_verified,False,False,,,"Survey-respondent workforce at Indonesian video-game developers. Official study used non-probability collection: census approach for incorporated companies and community-database snowball sampling for unincorporated actors. Not a national employment estimate; worker statuses include permanent, contract and internship but the 1,286 total is not published by status. Publisher-only coverage is not established.",research-extension-2026-09-19/ID/accepted-observations.json
IN,India,2023,100000,"approximately 100,000",people,IN_ey_2023_online_gaming_direct_indirect,FY23 fact-sheet snapshot in EY's December 2023 report; body text also calls it present employment,https://www.ey.com/content/dam/ey-unified-site/ey-com/en-in/insights/media-entertainment/documents/ey-new-frontier-online-gaming-report.pdf,"PDF p9 factsheet explicitly labels100,000 employees FY23; p13 defines direct and indirect roles and cites TeamLease November2022.",accepted_primary_verified,False,False,,,"EY's broad Indian online-gaming employment estimate, explicitly including direct and indirect roles across core and support functions. The report identifies real-money gaming as 82.8% of FY23 online-gaming market value, so this is not a core video-game-development workforce measure. EY cites TeamLease Digital's November 2022 gaming report for the employment claim; detailed population, sampling and direct/indirect multiplier method are not stated.",research-extension-2026-09-19/IN/accepted-observations.json
JP,Japan,2012,9452,"9,452",persons engaged,JP_census_3914_required_items,1 February 2012,https://www.stat.go.jp/data/e-census/2012/kakuho/pdf/service.pdf,"PDF page2 / printed page1, Table I-1, JSIC3914 row",accepted standalone classified-establishment observation,True,True,2012;2016,"Approve a separate two-point, source-native Economic Census series for JSIC 3914 Game software industry establishment persons engaged. Do not join to JP_core_range or JP_broad. CESA's public estimates are undated, include console hardware in the core range, and broaden further to peripherals, distribution, retail, amusement, toys and media. Do not join to JP_status_2024, JP_status_2025, JP_freelancers_2024, or JP_freelancers_2025. CEDEC values are voluntary respondent shares, not national workforce stocks. Do not fill unobserved annual or post-2016 gaps, substitute a 2021 middle-classification/software/service table, or portray the 2016 value as a 2021 count. Do not join to METI Information and Communications Industry Basic Survey values. That enterprise survey is main-industry based and has a distinct enterprise universe and worker-status treatment; it is outside this review.","National workers in establishments classified as 3914 Game software industry: establishments creating game software, including component programs, for home-TV game machines, portable electronic game machines and PCs, and conducting related research, analysis or advice. The classification excludes game-cassette and game-optical-disc manufacturing.",research-extension-2026-09-19/JP/accepted-observations.json
JP,Japan,2016,18216,"18,216",persons engaged,JP_census_3914_required_items,1 June 2016,https://www.e-stat.go.jp/stat-search/file-download?statInfId=000031674378&fileKind=1,"Official e-Stat download, Table 1, row '3914 ゲームソフトウェア業': establishment count 256; persons engaged 18,216. Official results overview p. 2, item 4: same industry-tabulation exclusion rule.",accepted classified-establishment census observation,True,True,2012;2016,"Approve a separate two-point, source-native Economic Census series for JSIC 3914 Game software industry establishment persons engaged. Do not join to JP_core_range or JP_broad. CESA's public estimates are undated, include console hardware in the core range, and broaden further to peripherals, distribution, retail, amusement, toys and media. Do not join to JP_status_2024, JP_status_2025, JP_freelancers_2024, or JP_freelancers_2025. CEDEC values are voluntary respondent shares, not national workforce stocks. Do not fill unobserved annual or post-2016 gaps, substitute a 2021 middle-classification/software/service table, or portray the 2016 value as a 2021 count. Do not join to METI Information and Communications Industry Basic Survey values. That enterprise survey is main-industry based and has a distinct enterprise universe and worker-status treatment; it is outside this review.","National persons engaged in privately owned establishments classified as 3914 Game software industry. JSIC 3914 covers creation of game software, including components, for home-TV consoles, portable electronic games and PCs, plus related research, analysis and advice; it excludes game-cassette and game-optical-disc manufacturing.",research-extension-2026-09-19/JP/accepted-observations.json
JP,Japan,2020,14519,"14,519",people,JP_meti_game_enterprises_development_regular,FY2020 end,https://www.e-stat.go.jp/stat-search/file-download?fileKind=0&statInfId=000032181020,"2021-5 Chapter 5, 7表, game-software enterprises column: 回答企業数 70; 常時従業者数 / 計 14,519.",accepted respondent snapshot; not a national total,False,False,,Single changing-respondent survey snapshot; no national chart or census join. Review 2018 category revision before historical linking.,"Direct published total 常時従業者数 / 計 for the development/production division of responding game-software enterprises; not reconstructed from components, not whole-enterprise employment, and not an establishment census. Scope is JSIC division 39 enterprises with capital/investment of JPY30m or more.",research-extension-2026-09-19/JP/accepted-observations.json
JP,Japan,2017,14094,"14,094",people,JP_meti_game_enterprises_development_regular,FY2017 end,https://www.e-stat.go.jp/stat-search/file-download?fileKind=0&statInfId=000031813847,"H30-5.xlsx sheet 企業数、業種別表(1-13表）, M218 game-software enterprises, M222=73 respondents, M223=14094 regular workers.",accepted primary respondent snapshot; not a national total,False,False,,"Direct form confirms paid directors and workers employed indefinitely or at least one month, with eligible contract/freelance workers; temporary/incoming dispatch separately reported. Changing respondent composition prevents national trend or census join.",Direct published total 常時従業者数（臨時雇用者を除く） for the development/production division of responding game-software enterprises; not whole-enterprise employment or an establishment census. Scope is JSIC division 39 enterprises with capital/investment of JPY30m or more.,research-extension-2026-09-19/JP/accepted-observations.json
KR,South Korea,2008,42730,"42,730",people,KR_core_archive_2008_2009,reference year2008; within-year stock date not established,https://www.kocca.kr/knowledge/publication/indu/__icsFiles/afieldfile/2011/10/14/zKKTQgQzXSMC.pdf,Summary PDF page8 / printed page22 / Table4,accepted_primary_verified,True,False,,Original KOCCA historical production/distribution count verified; exact within-year date and survey-frame continuity unresolved. Isolated marker only; excludes separate venue/distribution-consumption workforce.,KOCCA-reported game production and distribution workforce; excludes separately tabulated distribution and consumption businesses. Historical frame and worker-status continuity unresolved.,research-extension-2026-09-19/KR/accepted-observations.json
KR,South Korea,2009,43365,"43,365",people,KR_core_archive_2008_2009,reference year 2009; within-year reference date not established,https://m.kocca.kr/knowledge/publication/indu/__icsFiles/afieldfile/2012/10/10/w0uw0G1FcfBw.pdf,"2012 White Paper on Korean Games, Korean summary, PDF p. 8, Table 4, game production and distribution row.",accepted_primary_verified,True,False,,Original KOCCA historical production/distribution count verified; exact within-year date and survey-frame continuity unresolved. Isolated marker only; excludes separate venue/distribution-consumption workforce.,"KOCCA-reported production/distribution workers, excluding separately reported PC cafes, arcade and video-game venues. Historical source-native observation; frame and worker-status continuity unresolved.",research-extension-2026-09-19/KR/accepted-observations.json
KR,South Korea,2010,48585,"48,585",people,KR_core_archive_2010_2014,annual stock (2010),https://www.kocca.kr/knowledge/publication/indu/__icsFiles/afieldfile/2013/11/11/uQ38hyWQZt2L.pdf,"PDF p. 9 / printed p. 25, Table 4, '게임산업 종사자 수(2010~2012)' / Number of game-industry employees (2010-2012), row '게임 제작 및 배급' (game production and distribution).",accepted_primary_verified,True,False,,Historical KOCCA production/distribution counts verified; survey-frame continuity unresolved. Isolated historical markers only; excludes PC cafes and arcades.,"KOCCA's game production and distribution workforce: covered development/publishing businesses, separately tabulated from PC cafes, arcade game rooms and video-game venues. Unit is people; national annual survey estimate. Historical source vintages retained separately; survey-frame continuity not yet established.",research-extension-2026-09-19/KR/accepted-observations.json
KR,South Korea,2011,51859,"51,859",people,KR_core_archive_2010_2014,annual stock (2011),https://www.kocca.kr/knowledge/publication/indu/__icsFiles/afieldfile/2013/11/11/uQ38hyWQZt2L.pdf,"PDF p. 9 / printed p. 25, Table 4, '게임산업 종사자 수(2010~2012)' / Number of game-industry employees (2010-2012), row '게임 제작 및 배급' (game production and distribution).",accepted_primary_verified,True,False,,Historical KOCCA production/distribution counts verified; survey-frame continuity unresolved. Isolated historical markers only; excludes PC cafes and arcades.,"KOCCA's game production and distribution workforce: covered development/publishing businesses, separately tabulated from PC cafes, arcade game rooms and video-game venues. Unit is people; national annual survey estimate. Historical source vintages retained separately; survey-frame continuity not yet established.",research-extension-2026-09-19/KR/accepted-observations.json
KR,South Korea,2012,52466,"52,466",people,KR_core_archive_2010_2014,annual stock (2012),https://www.kocca.kr/knowledge/publication/indu/__icsFiles/afieldfile/2013/11/11/uQ38hyWQZt2L.pdf,"PDF p. 9 / printed p. 25, Table 4, '게임산업 종사자 수(2010~2012)' / Number of game-industry employees (2010-2012), row '게임 제작 및 배급' (game production and distribution).",accepted_primary_verified,True,False,,Historical KOCCA production/distribution counts verified; survey-frame continuity unresolved. Isolated historical markers only; excludes PC cafes and arcades.,"KOCCA's game production and distribution workforce: covered development/publishing businesses, separately tabulated from PC cafes, arcade game rooms and video-game venues. Unit is people; national annual survey estimate. Historical source vintages retained separately; survey-frame continuity not yet established.",research-extension-2026-09-19/KR/accepted-observations.json
KR,South Korea,2013,40541,"40,541",people,KR_core_archive_2010_2014,annual stock (2013),https://m.korea.kr/expertWeb/resources/files/data/document_file/2016/2016%20%EC%A0%80%EC%9E%91%EA%B6%8C%20%EB%B3%B4%ED%98%B8%20%EC%97%B0%EC%B0%A8%EB%B3%B4%EA%B3%A0%EC%84%9C.pdf,"PDF p. 133 / printed p. 105, Table II-8, '국내 게임산업 종사자수(2012~2014년)' / Domestic game-industry worker count (2012-2014), row '게임 제작 및 배급'. Table credits KOCCA, 2015 White Paper on Korean Games (2015-10).",accepted_government_reproduction_verified,True,False,,Historical KOCCA production/distribution counts verified; survey-frame continuity unresolved. Isolated historical markers only; excludes PC cafes and arcades.,"KOCCA's game production and distribution workforce: covered development/publishing businesses, separately tabulated from game distribution and consumption (PC cafes and arcades). Unit is people; government report reproduces the KOCCA White Paper table. Historical source vintages retained separately; survey-frame continuity not yet established.",research-extension-2026-09-19/KR/accepted-observations.json
KR,South Korea,2014,39221,"39,221",people,KR_core_archive_2010_2014,annual stock (2014),https://welcon.kocca.kr/cmm/fms/CrawlingFileDown.do?atchFileId=FILE_3d4caf8b-17a4-4c87-8804-d2b91e83b471&fileSn=1,"PDF/printed p. 12, Table 5, 'Number of game industry employees (2014-2016)', row 'Game development/distribution firms - Sub Total'.",accepted_primary_verified,True,False,,Historical KOCCA production/distribution counts verified; survey-frame continuity unresolved. Isolated historical markers only; excludes PC cafes and arcades.,"KOCCA/MCST game development and distribution workforce: covered development/publishing businesses, separately tabulated from game circulation/consumption businesses (PC Bangs and arcade game rooms). Unit is people; national annual survey estimate. Historical source vintages retained separately; survey-frame continuity not yet established.",research-extension-2026-09-19/KR/accepted-observations.json
NL,Netherlands,2011,3000,"3,000",jobs,NL_domestic_broad_legacy_vintage,2011 employment stock,https://drive.google.com/file/d/1S78-Bjqu71hewnHVnI08ShLVP1HADvkc/view?usp=sharing,"Games Monitor '12, printed p. 28 / PDF p. 28, Appendix 1 Methodological accountability, Banen; corroborating headline printed p. 7 / PDF p. 7",accepted_primary_verified,True,False,,"Isolated legacy and interim estimates. Appendix Banen explicitly dates 3,000 jobs to 2011, supplemented by summer-2012 survey/web data and imputation; no precise synchronized census date. 2020 is approximately 4,000 from a limited interim survey.","Dutch establishments of companies and self-employed persons whose core activity is electronic-game development, production, publishing, facilitation or distribution; includes applied and entertainment games and qualifying specialist services; excludes clients, education, government, retail, physical games and online gambling. LISA jobs are paid jobs of at least 12 hours per week, supplemented by website/survey estimates. Foreign establishments are excluded.",research-extension-2026-09-19/NL/accepted-observations.json
NL,Netherlands,2020,4000,"approximately 4,000",people,NL_domestic_broad_covid_update,2020 interim estimate; exact stock date unspecified,https://drive.google.com/file/d/1fXRIKtclZrateBHpLYh7UEZgS_g-r0mP/view?usp=share_link,"Games Monitor 2020 Update - COVID Impact, printed/PDF p. 6, Revenue Development / Employee Development; corroborating printed/PDF p. 8, Summary",accepted_primary_verified,True,False,,"Isolated legacy and interim estimates. Appendix Banen explicitly dates 3,000 jobs to 2011, supplemented by summer-2012 survey/web data and imputation; no precise synchronized census date. 2020 is approximately 4,000 from a limited interim survey.","Limited-survey interim estimate for the Dutch video-game industry using the same criteria as earlier Games Monitor editions. The report says the database was updated and a November 2020 survey sent to around 500 people, with a little over 100 responses; websites, LinkedIn profiles and directory updates support the approximate employee total. Includes applied and entertainment companies, but the report does not publish a full headcount methodology or an exact all-worker census.",research-extension-2026-09-19/NL/accepted-observations.json
NO,Norway,2017,227,227,people,NO_2019vintage_sample_permanent,2017 annual reported count; exact within-year timing unspecified,https://www.virke.no/globalassets/3.bransjer/service-og-kultur/produsentforeningen/virke-spillrapporten-2019.pdf,"PDF p15, printed p29, Appendix2 employment rows and four-asterisk footnote",accepted_primary_verified,False,False,,"Respondent employment includes Norway and abroad,15 companies. Permanent and temporary component counts are contextual; do not splice to later vintages with changed sample or revised history.",Permanent employees in responding game firms; questionnaire explicitly includes Norway and abroad.15 reporting companies; not domestic national employment.,research-extension-2026-09-19/NO/accepted-observations.json
NO,Norway,2017,24,24,people,NO_2019vintage_sample_temporary,2017 annual reported count; exact within-year timing unspecified,https://www.virke.no/globalassets/3.bransjer/service-og-kultur/produsentforeningen/virke-spillrapporten-2019.pdf,"PDF p15, printed p29, Appendix2 employment rows and four-asterisk footnote",accepted_primary_verified,False,False,,"Respondent employment includes Norway and abroad,15 companies. Permanent and temporary component counts are contextual; do not splice to later vintages with changed sample or revised history.",Temporary employees in responding game firms; questionnaire explicitly includes Norway and abroad.15 reporting companies; not domestic national employment.,research-extension-2026-09-19/NO/accepted-observations.json
NO,Norway,2018,259,259,people,NO_2019vintage_sample_permanent,2018 annual reported count; exact within-year timing unspecified,https://www.virke.no/globalassets/3.bransjer/service-og-kultur/produsentforeningen/virke-spillrapporten-2019.pdf,"PDF p15, printed p29, Appendix2 employment rows and four-asterisk footnote",accepted_primary_verified,False,False,,"Respondent employment includes Norway and abroad,15 companies. Permanent and temporary component counts are contextual; do not splice to later vintages with changed sample or revised history.",Permanent employees in responding game firms; questionnaire explicitly includes Norway and abroad.15 reporting companies; not domestic national employment.,research-extension-2026-09-19/NO/accepted-observations.json
NO,Norway,2018,26,26,people,NO_2019vintage_sample_temporary,2018 annual reported count; exact within-year timing unspecified,https://www.virke.no/globalassets/3.bransjer/service-og-kultur/produsentforeningen/virke-spillrapporten-2019.pdf,"PDF p15, printed p29, Appendix2 employment rows and four-asterisk footnote",accepted_primary_verified,False,False,,"Respondent employment includes Norway and abroad,15 companies. Permanent and temporary component counts are contextual; do not splice to later vintages with changed sample or revised history.",Temporary employees in responding game firms; questionnaire explicitly includes Norway and abroad.15 reporting companies; not domestic national employment.,research-extension-2026-09-19/NO/accepted-observations.json
NZ,New Zealand,2011,359,359,FTE,NZ_nzgda_historical_snapshots,September 2011,https://www.nzgda.com/blog/news/new-zealand-made-video-games-industry-grew-46-this-year,Employment paragraph and closing survey-method paragraph,accepted_primary_verified,True,False,,"All four values are NZGDA member-studio survey full-time-equivalent values, but the responding count changes 21, 33, 33, 30; 2011 uses September while 2012-2014 use 31 March; no population gross-up or continuous panel is established. The country catalogue marks NZ_fte chart_eligible but trend_eligible false. The 2014 source additionally distinguishes 450 FTE professionals from several hundred part-time developers without defining their relationship to the FTE total. Isolated markers only; no connecting lines.","NZGDA member-studio survey, 21 studios; full-time equivalents. Changing respondents and reference dates, no verified population gross-up or continuous panel.",research-extension-2026-09-19/NZ/accepted-observations.json
NZ,New Zealand,2012,380,380,FTE,NZ_nzgda_historical_snapshots,31 March 2012,https://www.nzgda.com/blog/news/nz-video-games-industry-continues-to-grow,Employment paragraph and closing survey-method paragraph,accepted_primary_verified,True,False,,"All four values are NZGDA member-studio survey full-time-equivalent values, but the responding count changes 21, 33, 33, 30; 2011 uses September while 2012-2014 use 31 March; no population gross-up or continuous panel is established. The country catalogue marks NZ_fte chart_eligible but trend_eligible false. The 2014 source additionally distinguishes 450 FTE professionals from several hundred part-time developers without defining their relationship to the FTE total. Isolated markers only; no connecting lines.","NZGDA member-studio survey, 33 studios; full-time equivalents. Changing respondents and reference dates, no verified population gross-up or continuous panel.",research-extension-2026-09-19/NZ/accepted-observations.json
NZ,New Zealand,2013,448,448,FTE,NZ_nzgda_historical_snapshots,31 March 2013,https://www.nzgda.com/blog/news/nz-made-video-games-industry-grew-86-in-2012,Employment paragraph and closing survey-method paragraph,accepted_primary_verified,True,False,,"All four values are NZGDA member-studio survey full-time-equivalent values, but the responding count changes 21, 33, 33, 30; 2011 uses September while 2012-2014 use 31 March; no population gross-up or continuous panel is established. The country catalogue marks NZ_fte chart_eligible but trend_eligible false. The 2014 source additionally distinguishes 450 FTE professionals from several hundred part-time developers without defining their relationship to the FTE total. Isolated markers only; no connecting lines.","NZGDA member-studio survey, 33 studios; full-time equivalents. Changing respondents and reference dates, no verified population gross-up or continuous panel.",research-extension-2026-09-19/NZ/accepted-observations.json
NZ,New Zealand,2014,450,450,FTE,NZ_nzgda_historical_snapshots,31 March 2014,https://www.nzgda.com/blog/news/nz-video-games-industry-doubles-exports,Employment paragraph and closing survey-method paragraph,accepted_primary_verified,True,False,,"All four values are NZGDA member-studio survey full-time-equivalent values, but the responding count changes 21, 33, 33, 30; 2011 uses September while 2012-2014 use 31 March; no population gross-up or continuous panel is established. The country catalogue marks NZ_fte chart_eligible but trend_eligible false. The 2014 source additionally distinguishes 450 FTE professionals from several hundred part-time developers without defining their relationship to the FTE total. Isolated markers only; no connecting lines.","NZGDA member-studio survey, 30 studios; full-time equivalents. Changing respondents and reference dates, no verified population gross-up or continuous panel.",research-extension-2026-09-19/NZ/accepted-observations.json
PH,Philippines,2013,4000,"estimated 4,000",workers,PH_dost_2013_current_estimate,Current estimate in DOST release8July2013; precise stock date unstated,https://www.dost.gov.ph/knowledge-resources/news/33-2013-news/137-ready-set-game-get-to-know-the-game-development-industry-at-the-s-t-week.html,"Published8July2013, paragraph quoting DOST-ICTO deputy executive director Monchito Ibrahim",source_verified,False,False,,,"Official contemporary game-development industry estimate; sampling, worker status and contractor treatment unspecified. Later10000 and15000 figures are targets, not observations.",research-extension-2026-09-19/PH/accepted-observations.json
PH,Philippines,2016,3000,"3,000 (chart rounded)",FTE,PH_boi_ibpap_roadmap2028_historical,2016 historical roadmap baseline,https://admin.ibpap.org/storage/hub-resources/1fntWJGQKvZg4CfwP4yfXs0Jr1n85DVR1vYXJvSn.pdf,"Original IBPAP Roadmap2028 executive summary PDF/printed p34, headcount chart, FTE thousands; corroborated in BOI profile p1.",source_verified,False,False,,,"Game-development services workforce, BOI reproduction of Philippine IT-BPM Roadmap2028. Values3.0 and4.7 thousand; method and remote geography not exposed.2022E and2028F scenario endpoints excluded.",research-extension-2026-09-19/PH/accepted-observations.json
PH,Philippines,2021,4700,"4,700 (chart rounded)",FTE,PH_boi_ibpap_roadmap2028_historical,2021 historical roadmap baseline,https://admin.ibpap.org/storage/hub-resources/1fntWJGQKvZg4CfwP4yfXs0Jr1n85DVR1vYXJvSn.pdf,"Original IBPAP Roadmap2028 executive summary PDF/printed p34, headcount chart, FTE thousands; corroborated in BOI profile p1.",source_verified,False,False,,,"Game-development services workforce, BOI reproduction of Philippine IT-BPM Roadmap2028. Values3.0 and4.7 thousand; method and remote geography not exposed.2022E and2028F scenario endpoints excluded.",research-extension-2026-09-19/PH/accepted-observations.json
PL,Poland,2020,9710,"9,710",people,PL_core_workforce,2020 current estimate,https://gic.gd/d/The_Game_Industry_of_Poland_report_2020.pdf,PDF/printed p8 infographic and p28-29 Employment in game production,accepted_primary_verified,True,False,,2020 production/global-publishing full-time employee estimate. Changed scope/discovery in later editions prevents a join; people are not converted to FTE.,"Game Industry Conference's tighter estimate of 9,710 full-time employees in Poland's game-production sector. The scope includes game-production studios, external-development companies and global publishers; it excludes Polish local-market distribution and non-production service providers, including separately discussed QA/localisation providers.",research-extension-2026-09-19/PL/accepted-observations.json
PL,Poland,2022,14200,"14,200",people,PL_gic_magazine2022,2022 as labelled by source; exact stock date not specified,https://drive.google.com/file/d/1MQ8HMbRiFoX5phR5PqvzmrIN2M0MhSW6/view,"PolskiGamedev.pl Magazyn vol2 2022/2023, PDF/printed pp140-141; Trzy wykresy spowolnienia by Jakub Marszalkowski",accepted_primary_verified,True,False,,"GIC estimate of people working in game production in Poland, labelled 2022. Exact stock date unstated in inspected article; not FTE or uniform year-end count. Author describes approximately 2100 additional workers over 15 months, despite chart YoY labels. Marker only; no cross-vintage annual growth calculation.",GIC estimate of people working in game production in Poland. Infographic reports490 producers and publishers. Exact contractor/full-time conversion and geographic counting rules not restated in article.,research-extension-2026-09-19/PL/accepted-observations.json
RO,Romania,2020,6000,"6,000+",people (qualified lower-bound headline),RO_earlier_benchmark,calendar year 2020,https://rgda.ro/wp-content/uploads/2021/10/RGDA-Report-2020_ffinal.pdf,"PDF p. 3, Executive Summary metric '6000+ employees'; the associated RGDA report page is dated 29 October 2021",accepted_primary_verified,True,False,,"2021 employees and collaborators extends the 2022-2023 collaborator-inclusive series only. 2020 6,000+ is an isolated qualified headline; no employee-only 2024 join.","Source states 6,000+ employees in the Romanian gaming industry. RGDA says the report draws on public material, discussions, and industry-member forms and has not been audited. It does not state whether the headline includes collaborators; retain as a lower bound, not an exact 6,000 observation. Preserve the plus sign without imposing a strict mathematical inequality.",research-extension-2026-09-19/RO/accepted-observations.json
RO,Romania,2021,6700,"6,700",people,RO_employees_collaborators,calendar year 2021,https://rgda.ro/wp-content/uploads/2023/01/RGDAs-General-Assembly.pdf,"PDF p. 14 / printed slide 13, slide headed '2021 snapshot of Romania’s video games industry' (dated October 2022): 'Employees and collaborators: 6,700'; also states +12% versus 2020",accepted_primary_verified,True,True,2021;2022;2023,"2021 employees and collaborators extends the 2022-2023 collaborator-inclusive series only. 2020 6,000+ is an isolated qualified headline; no employee-only 2024 join.","Employees and collaborators in Romania's video-games industry. Collaborator legal status and the employee/collaborator split are not disclosed, so this belongs with the collaborator-inclusive series and cannot be spliced to employee-only wording.",research-extension-2026-09-19/RO/accepted-observations.json
RS,Serbia,2021,2200,"approximately 2,200+",people,RS_national_estimate_historical,2021 report reference year; precise within-year stock date unspecified,https://drive.google.com/file/d/1I6azl-z3xSWhEEbiLKmyGvkBPbLBzQaZ/view,"PDF p5, Year at a glance; publisher annual-report archive identifies reference year",accepted_primary_verified,True,False,,Historical SGA estimates retained as isolated contextual markers. Unresolved expansion method and overseas-worker treatment prevent historical joins. Preserve approximate/plus qualifiers; PwC revenue work does not validate workforce estimates.,"SGA headline industry estimate: approximately 2,200+; not respondent workforce. Exact expansion method and treatment of overseas remote workers unresolved. PwC contribution concerns revenues, not validation of workforce counts.",research-extension-2026-09-19/RS/accepted-observations.json
RS,Serbia,2022,2500,"approximately 2,500+",people,RS_national_estimate_historical,2022 report reference year; precise within-year stock date unspecified,https://drive.google.com/file/d/1iu6B8M8s30mV3boam1xAD5x68heI6bPc/view,"PDF p6, Year at a glance; publisher annual-report archive identifies reference year",accepted_primary_verified,True,False,,Historical SGA estimates retained as isolated contextual markers. Unresolved expansion method and overseas-worker treatment prevent historical joins. Preserve approximate/plus qualifiers; PwC revenue work does not validate workforce estimates.,"SGA headline industry estimate: approximately 2,500+; not respondent workforce. Exact expansion method and treatment of overseas remote workers unresolved. PwC contribution concerns revenues, not validation of workforce counts.",research-extension-2026-09-19/RS/accepted-observations.json
RS,Serbia,2023,4300,"estimated 4,300",people,RS_national_estimate_historical,2023 report reference year; precise within-year stock date unspecified,https://drive.google.com/file/d/1xQujc0aNvveXoqVrkks8G5nFFedM4kMe/view,"PDF p6, Year at a glance; publisher annual-report archive identifies reference year",accepted_primary_verified,True,False,,Historical SGA estimates retained as isolated contextual markers. Unresolved expansion method and overseas-worker treatment prevent historical joins. Preserve approximate/plus qualifiers; PwC revenue work does not validate workforce estimates.,"SGA headline industry estimate: estimated 4,300; not respondent workforce. Exact expansion method and treatment of overseas remote workers unresolved. PwC contribution concerns revenues, not validation of workforce counts.",research-extension-2026-09-19/RS/accepted-observations.json
SE,Sweden,2012,1967,"1,967",reported full-time positions,SE_domestic_gdi2020_vintage,2012 accounting period; timing qualifications in report,https://dataspelsbranschen.squarespace.com/s/15122020_GDI_EN_48p_digital_s_below20.pdf,PDF p13 / printed p10 employment chart; method printed p9,accepted historical report vintage,True,True,2012;2013;2014,"GDI2020 Sweden-based employment historical segment only. Annual-account full-time averages with report timing qualifications, not uniform year-end counts. No splice into latest vintage; overlap2015 differs.","Sweden-based employment as labelled by GDI2020. Annual-account averages, with December counts where available; excludes unreported freelancers/subcontractors. Do not treat as uniform year-end headcount.",research-extension-2026-09-19/SE/accepted-observations.json
SE,Sweden,2013,2534,"2,534",reported full-time positions,SE_domestic_gdi2020_vintage,2013 accounting period; timing qualifications in report,https://dataspelsbranschen.squarespace.com/s/15122020_GDI_EN_48p_digital_s_below20.pdf,PDF p13 / printed p10 employment chart; method printed p9,accepted historical report vintage,True,True,2012;2013;2014,"GDI2020 Sweden-based employment historical segment only. Annual-account full-time averages with report timing qualifications, not uniform year-end counts. No splice into latest vintage; overlap2015 differs.","Sweden-based employment as labelled by GDI2020. Annual-account averages, with December counts where available; excludes unreported freelancers/subcontractors. Do not treat as uniform year-end headcount.",research-extension-2026-09-19/SE/accepted-observations.json
SE,Sweden,2014,3117,"3,117",reported full-time positions,SE_domestic_gdi2020_vintage,2014 accounting period; timing qualifications in report,https://dataspelsbranschen.squarespace.com/s/15122020_GDI_EN_48p_digital_s_below20.pdf,PDF p13 / printed p10 employment chart; method printed p9,accepted historical report vintage,True,True,2012;2013;2014,"GDI2020 Sweden-based employment historical segment only. Annual-account full-time averages with report timing qualifications, not uniform year-end counts. No splice into latest vintage; overlap2015 differs.","Sweden-based employment as labelled by GDI2020. Annual-account averages, with December counts where available; excludes unreported freelancers/subcontractors. Do not treat as uniform year-end headcount.",research-extension-2026-09-19/SE/accepted-observations.json
SE,Sweden,2010,1203,"1,203",reported full-time positions,SE_domestic_gdi2021_early,2010 accounting period; timing qualifications in report,https://dataspelsbranschen.squarespace.com/s/Spelutvecklarindex2021-SV-WEBB.pdf,GDI2021 PDF/printed p12 historical domestic chart; p48 method. Third edition March 2022.,accepted historical marker,True,False,,GDI2021 Sweden-labelled historical figures. Annual-account full-time averages with timing substitutions; original reports carried forward unavailable company accounts (eight firms in 2010; three in 2011). Coverage excludes some legal forms and activities. Marker-only pending historical frame comparability; no join across report vintages.,GDI2021 Sweden-labelled historical figures. Annual-account full-time averages with timing substitutions; original reports carried forward unavailable company accounts (eight firms in 2010; three in 2011). Coverage excludes some legal forms and activities. Marker-only pending historical frame comparability; no join across report vintages.,research-extension-2026-09-19/SE/accepted-observations.json
SE,Sweden,2011,1512,"1,512",reported full-time positions,SE_domestic_gdi2021_early,2011 accounting period; timing qualifications in report,https://dataspelsbranschen.squarespace.com/s/Spelutvecklarindex2021-SV-WEBB.pdf,GDI2021 PDF/printed p12 historical domestic chart; p48 method. Third edition March 2022.,accepted historical marker,True,False,,GDI2021 Sweden-labelled historical figures. Annual-account full-time averages with timing substitutions; original reports carried forward unavailable company accounts (eight firms in 2010; three in 2011). Coverage excludes some legal forms and activities. Marker-only pending historical frame comparability; no join across report vintages.,GDI2021 Sweden-labelled historical figures. Annual-account full-time averages with timing substitutions; original reports carried forward unavailable company accounts (eight firms in 2010; three in 2011). Coverage excludes some legal forms and activities. Marker-only pending historical frame comparability; no join across report vintages.,research-extension-2026-09-19/SE/accepted-observations.json
SE,Sweden,2007,1153.33,"1,153.33",reported employees in company accounts,SE_registered_companies_gdi2009,2007 as labelled in GDI2009 historical table; accounting-period qualifications,https://dataspelsbranschen.squarespace.com/s/dsb_utvecklarindex09-screen.pdf,PDF/printed p4 key table; p5 coverage notes,accepted company-scope context only,False,False,,Swedish-registered limited-company account compilation for developers and specialist suppliers. Employee location is not separately established; excludes other legal forms and some activities. Verified historical company-scope context only; withheld from domestic chart. Do not infer FTE solely from fractional values.,Swedish-registered limited-company account compilation for developers and specialist suppliers. Employee location is not separately established; excludes other legal forms and some activities. Verified historical company-scope context only; withheld from domestic chart. Do not infer FTE solely from fractional values.,research-extension-2026-09-19/SE/accepted-observations.json
SE,Sweden,2008,1353.4,"1,353.4",reported employees in company accounts,SE_registered_companies_gdi2009,2008 as labelled in GDI2009 historical table; accounting-period qualifications,https://dataspelsbranschen.squarespace.com/s/dsb_utvecklarindex09-screen.pdf,PDF/printed p4 key table; p5 coverage notes,accepted company-scope context only,False,False,,Swedish-registered limited-company account compilation for developers and specialist suppliers. Employee location is not separately established; excludes other legal forms and some activities. Verified historical company-scope context only; withheld from domestic chart. Do not infer FTE solely from fractional values.,Swedish-registered limited-company account compilation for developers and specialist suppliers. Employee location is not separately established; excludes other legal forms and some activities. Verified historical company-scope context only; withheld from domestic chart. Do not infer FTE solely from fractional values.,research-extension-2026-09-19/SE/accepted-observations.json
SE,Sweden,2009,1102,"1,102",reported employees in company accounts,SE_registered_companies_gdi2009,2009 as labelled in GDI2009 historical table; accounting-period qualifications,https://dataspelsbranschen.squarespace.com/s/dsb_utvecklarindex09-screen.pdf,PDF/printed p4 key table; p5 coverage notes,accepted company-scope context only,False,False,,Swedish-registered limited-company account compilation for developers and specialist suppliers. Employee location is not separately established; excludes other legal forms and some activities. Verified historical company-scope context only; withheld from domestic chart. Do not infer FTE solely from fractional values.,Swedish-registered limited-company account compilation for developers and specialist suppliers. Employee location is not separately established; excludes other legal forms and some activities. Verified historical company-scope context only; withheld from domestic chart. Do not infer FTE solely from fractional values.,research-extension-2026-09-19/SE/accepted-observations.json
TR,Turkey,2024,14918,"14,918","people, FTE-oriented questionnaire",TR_toged_2024_verified,2024; exact reference day unspecified,https://www.egdf.eu/wp-content/uploads/2026/08/VGE_EGDF-report2024_0821.pdf,PDF/printed p58; questionnaire p78,accepted verified source-native observation,True,False,,"Turkey-specific sample, reference day, response rate and estimation method not supplied. Not a strict domestic-workplace total. 2020-2022 N/A; 2023 restated as10777. Do not connect to undated25000 claim.","Questionnaire requests FTE employees, entrepreneurs and in-house freelancers at game developer studios/publishers. Remote workers abroad assigned to employer registration country. Foreign subsidiaries and foreign subcontractor companies excluded.",research-extension-2026-09-19/TR/accepted-observations.json
UA,Ukraine,2010,1862,"1,862",persons employed,UA_kved5821_employed_2010_2012,2010 annual statistical observation; within-year timing unspecified,https://www.ukrstat.gov.ua/operativ/operativ2018/fin/pssg/pssg_u/kzpsg_ek_2010_2018_u.xlsx,"Лист5 row6325, columnsC-D; title/headerA1:G6; territory footnoteA8728",accepted primary workbook verified,False,False,,"Publishing-only KVED58.21, not all game development.2014-2018 territorial exclusions differ from2010-2013. Intra-year timing unresolved. Retain as source-backed context; no representative national-chart placement or cross-break joins.","Persons employed in business entities classified to KVED58.21 computer-game publishing. Ministry compilation of State Statistics Service data. Covers legal entities and individual entrepreneurs; worker definition includes regular, non-staff and unpaid owners/founders/family workers. Not all game development: firms under programming and other codes are outside this class. Annual observations; exact averaging/stock convention and territorial continuity need underlying statistical table verification.",research-extension-2026-09-19/UA/accepted-observations.json
UA,Ukraine,2011,2059,"2,059",persons employed,UA_kved5821_employed_2010_2012,2011 annual statistical observation; within-year timing unspecified,https://www.ukrstat.gov.ua/operativ/operativ2018/fin/pssg/pssg_u/kzpsg_ek_2010_2018_u.xlsx,"Лист5 row6326, columnsC-D; title/headerA1:G6; territory footnoteA8728",accepted primary workbook verified,False,False,,"Publishing-only KVED58.21, not all game development.2014-2018 territorial exclusions differ from2010-2013. Intra-year timing unresolved. Retain as source-backed context; no representative national-chart placement or cross-break joins.","Persons employed in business entities classified to KVED58.21 computer-game publishing. Ministry compilation of State Statistics Service data. Covers legal entities and individual entrepreneurs; worker definition includes regular, non-staff and unpaid owners/founders/family workers. Not all game development: firms under programming and other codes are outside this class. Annual observations; exact averaging/stock convention and territorial continuity need underlying statistical table verification.",research-extension-2026-09-19/UA/accepted-observations.json
UA,Ukraine,2012,1232,"1,232",persons employed,UA_kved5821_employed_2010_2012,2012 annual statistical observation; within-year timing unspecified,https://www.ukrstat.gov.ua/operativ/operativ2018/fin/pssg/pssg_u/kzpsg_ek_2010_2018_u.xlsx,"Лист5 row6327, columnsC-D; title/headerA1:G6; territory footnoteA8728",accepted primary workbook verified,False,False,,"Publishing-only KVED58.21, not all game development.2014-2018 territorial exclusions differ from2010-2013. Intra-year timing unresolved. Retain as source-backed context; no representative national-chart placement or cross-break joins.","Persons employed in business entities classified to KVED58.21 computer-game publishing. Ministry compilation of State Statistics Service data. Covers legal entities and individual entrepreneurs; worker definition includes regular, non-staff and unpaid owners/founders/family workers. Not all game development: firms under programming and other codes are outside this class. Annual observations; exact averaging/stock convention and territorial continuity need underlying statistical table verification.",research-extension-2026-09-19/UA/accepted-observations.json
UA,Ukraine,2013,887,887,persons employed,UA_kved5821_employed_2013_2018,2013 annual statistical observation; exact within-year convention unspecified in ministry compilation,https://drive.google.com/file/d/1XVeC3ZrkRMCHzzHzOZMtGWdNWHfMONjp/view,"PDF p6 / printed vi, KVED58.21 row; PDF p1 / printed i, definitions and original statistical links",accepted_primary_verified,False,False,,"Publishing-only KVED58.21, not all game development.2014-2018 territorial exclusions differ from2010-2013. Intra-year timing unresolved. Retain as source-backed context; no representative national-chart placement or cross-break joins.","Persons employed in business entities classified to KVED58.21 computer-game publishing. Ministry compilation of State Statistics Service data. Covers legal entities and individual entrepreneurs; worker definition includes regular, non-staff and unpaid owners/founders/family workers. Not all game development: firms under programming and other codes are outside this class. Annual observations; exact averaging/stock convention and territorial continuity need underlying statistical table verification.",research-extension-2026-09-19/UA/accepted-observations.json
UA,Ukraine,2014,841,841,persons employed,UA_kved5821_employed_2013_2018,2014 annual statistical observation; exact within-year convention unspecified in ministry compilation,https://drive.google.com/file/d/1XVeC3ZrkRMCHzzHzOZMtGWdNWHfMONjp/view,"PDF p6 / printed vi, KVED58.21 row; PDF p1 / printed i, definitions and original statistical links",accepted_primary_verified,False,False,,"Publishing-only KVED58.21, not all game development.2014-2018 territorial exclusions differ from2010-2013. Intra-year timing unresolved. Retain as source-backed context; no representative national-chart placement or cross-break joins.","Persons employed in business entities classified to KVED58.21 computer-game publishing. Ministry compilation of State Statistics Service data. Covers legal entities and individual entrepreneurs; worker definition includes regular, non-staff and unpaid owners/founders/family workers. Not all game development: firms under programming and other codes are outside this class. Annual observations; exact averaging/stock convention and territorial continuity need underlying statistical table verification.",research-extension-2026-09-19/UA/accepted-observations.json
UA,Ukraine,2015,708,708,persons employed,UA_kved5821_employed_2013_2018,2015 annual statistical observation; exact within-year convention unspecified in ministry compilation,https://drive.google.com/file/d/1XVeC3ZrkRMCHzzHzOZMtGWdNWHfMONjp/view,"PDF p6 / printed vi, KVED58.21 row; PDF p1 / printed i, definitions and original statistical links",accepted_primary_verified,False,False,,"Publishing-only KVED58.21, not all game development.2014-2018 territorial exclusions differ from2010-2013. Intra-year timing unresolved. Retain as source-backed context; no representative national-chart placement or cross-break joins.","Persons employed in business entities classified to KVED58.21 computer-game publishing. Ministry compilation of State Statistics Service data. Covers legal entities and individual entrepreneurs; worker definition includes regular, non-staff and unpaid owners/founders/family workers. Not all game development: firms under programming and other codes are outside this class. Annual observations; exact averaging/stock convention and territorial continuity need underlying statistical table verification.",research-extension-2026-09-19/UA/accepted-observations.json
UA,Ukraine,2016,897,897,persons employed,UA_kved5821_employed_2013_2018,2016 annual statistical observation; exact within-year convention unspecified in ministry compilation,https://drive.google.com/file/d/1XVeC3ZrkRMCHzzHzOZMtGWdNWHfMONjp/view,"PDF p6 / printed vi, KVED58.21 row; PDF p1 / printed i, definitions and original statistical links",accepted_primary_verified,False,False,,"Publishing-only KVED58.21, not all game development.2014-2018 territorial exclusions differ from2010-2013. Intra-year timing unresolved. Retain as source-backed context; no representative national-chart placement or cross-break joins.","Persons employed in business entities classified to KVED58.21 computer-game publishing. Ministry compilation of State Statistics Service data. Covers legal entities and individual entrepreneurs; worker definition includes regular, non-staff and unpaid owners/founders/family workers. Not all game development: firms under programming and other codes are outside this class. Annual observations; exact averaging/stock convention and territorial continuity need underlying statistical table verification.",research-extension-2026-09-19/UA/accepted-observations.json
UA,Ukraine,2017,953,953,persons employed,UA_kved5821_employed_2013_2018,2017 annual statistical observation; exact within-year convention unspecified in ministry compilation,https://drive.google.com/file/d/1XVeC3ZrkRMCHzzHzOZMtGWdNWHfMONjp/view,"PDF p6 / printed vi, KVED58.21 row; PDF p1 / printed i, definitions and original statistical links",accepted_primary_verified,False,False,,"Publishing-only KVED58.21, not all game development.2014-2018 territorial exclusions differ from2010-2013. Intra-year timing unresolved. Retain as source-backed context; no representative national-chart placement or cross-break joins.","Persons employed in business entities classified to KVED58.21 computer-game publishing. Ministry compilation of State Statistics Service data. Covers legal entities and individual entrepreneurs; worker definition includes regular, non-staff and unpaid owners/founders/family workers. Not all game development: firms under programming and other codes are outside this class. Annual observations; exact averaging/stock convention and territorial continuity need underlying statistical table verification.",research-extension-2026-09-19/UA/accepted-observations.json
UA,Ukraine,2018,1072,"1,072",persons employed,UA_kved5821_employed_2013_2018,2018 annual statistical observation; exact within-year convention unspecified in ministry compilation,https://drive.google.com/file/d/1XVeC3ZrkRMCHzzHzOZMtGWdNWHfMONjp/view,"PDF p6 / printed vi, KVED58.21 row; PDF p1 / printed i, definitions and original statistical links",accepted_primary_verified,False,False,,"Publishing-only KVED58.21, not all game development.2014-2018 territorial exclusions differ from2010-2013. Intra-year timing unresolved. Retain as source-backed context; no representative national-chart placement or cross-break joins.","Persons employed in business entities classified to KVED58.21 computer-game publishing. Ministry compilation of State Statistics Service data. Covers legal entities and individual entrepreneurs; worker definition includes regular, non-staff and unpaid owners/founders/family workers. Not all game development: firms under programming and other codes are outside this class. Annual observations; exact averaging/stock convention and territorial continuity need underlying statistical table verification.",research-extension-2026-09-19/UA/accepted-observations.json
UA,Ukraine,2019,1196,"1,196",persons employed,UA_kved5821_employed_2019_2021,2019 annual statistical observation; within-year convention unspecified,https://www.ukrstat.gov.ua/operativ/operativ2022/fin/pssg/kzpsg_ek_2010_2021.xlsx,2024!C10546:I10546; total D10546; FOP E10546; excluding-bank total G10546; territory note A14543/A14547,accepted primary workbook verified,False,False,,Publishing-only contextual observation. Territorial break in2022 and unresolved within-year convention; no all-games national chart or cross-break joins.,"State Statistics business entities classified to KVED58.21 computer-game publishing; enterprises and individual entrepreneurs. Not all game development, not FTE, not employee-only payroll count.",research-extension-2026-09-19/UA/accepted-observations.json
UA,Ukraine,2020,1183,"1,183",persons employed,UA_kved5821_employed_2019_2021,2020 annual statistical observation; within-year convention unspecified,https://www.ukrstat.gov.ua/operativ/operativ2022/fin/pssg/kzpsg_ek_2010_2021.xlsx,2024!C10547:I10547; total D10547; FOP E10547; excluding-bank total G10547; territory note A14543/A14547,accepted primary workbook verified,False,False,,Publishing-only contextual observation. Territorial break in2022 and unresolved within-year convention; no all-games national chart or cross-break joins.,"State Statistics business entities classified to KVED58.21 computer-game publishing; enterprises and individual entrepreneurs. Not all game development, not FTE, not employee-only payroll count.",research-extension-2026-09-19/UA/accepted-observations.json
UA,Ukraine,2021,1382,"1,382",persons employed,UA_kved5821_employed_2019_2021,2021 annual statistical observation; within-year convention unspecified,https://www.ukrstat.gov.ua/operativ/operativ2022/fin/pssg/kzpsg_ek_2010_2021.xlsx,2024!C10548:I10548; total D10548; FOP E10548; excluding-bank total G10548; territory note A14543/A14547,accepted primary workbook verified,False,False,,Publishing-only contextual observation. Territorial break in2022 and unresolved within-year convention; no all-games national chart or cross-break joins.,"State Statistics business entities classified to KVED58.21 computer-game publishing; enterprises and individual entrepreneurs. Not all game development, not FTE, not employee-only payroll count.",research-extension-2026-09-19/UA/accepted-observations.json
UA,Ukraine,2022,1399,"1,399",persons employed,UA_kved5821_employed_wartime_2022_2024,2022 annual statistical observation; within-year convention unspecified,https://www.ukrstat.gov.ua/operativ/operativ2022/fin/pssg/kzpsg_ek_2010_2021.xlsx,2024!C10549:I10549; total D10549; FOP E10549; excluding-bank total G10549; territory note A14543/A14547,accepted primary workbook verified,False,False,,Publishing-only contextual observation. Territorial break in2022 and unresolved within-year convention; no all-games national chart or cross-break joins.,"State Statistics business entities classified to KVED58.21 computer-game publishing; enterprises and individual entrepreneurs. Not all game development, not FTE, not employee-only payroll count.",research-extension-2026-09-19/UA/accepted-observations.json
UA,Ukraine,2024,1391,"1,391",persons employed,UA_kved5821_employed_wartime_2022_2024,2024 annual statistical observation; within-year convention unspecified,https://www.ukrstat.gov.ua/operativ/operativ2022/fin/pssg/kzpsg_ek_2010_2021.xlsx,2024!C10551:I10551; total D10551; FOP E10551; excluding-bank total G10551; territory note A14543/A14547,accepted primary workbook verified,False,False,,Publishing-only contextual observation. Territorial break in2022 and unresolved within-year convention; no all-games national chart or cross-break joins.,"State Statistics business entities classified to KVED58.21 computer-game publishing; enterprises and individual entrepreneurs. Not all game development, not FTE, not employee-only payroll count.",research-extension-2026-09-19/UA/accepted-observations.json
US,United States,2009,33140,"33,140",people,US_legacy_siwek_all_establishments,2009 annual estimate,https://www.igea.net/wp-content/uploads/2014/11/VideoGames21stCentury_2014.pdf,"printed p. 14, Table D-2",accepted source-reported estimate,True,True,2009;2012,"Source-reported modeled employment comparison, ESA2014 vintage; Only this source/vintage pair. Not precise national census; no splice to thresholded TableD1, ESA2017 Mapping or TEConomy.",Paired with 2012 in the source's own all-worker table; do not join to another ESA series.,research-extension-2026-09-19/US/accepted-observations.json
US,United States,2012,42975,"42,975",people,US_legacy_siwek_all_establishments,2012 annual estimate,https://www.igea.net/wp-content/uploads/2014/11/VideoGames21stCentury_2014.pdf,"printed p. 14, Table D-2",accepted source-reported estimate,True,True,2009;2012,"Source-reported modeled employment comparison, ESA2014 vintage; Only this source/vintage pair. Not precise national census; no splice to thresholded TableD1, ESA2017 Mapping or TEConomy.",Paired with 2009 in the source's own all-worker table; do not join to another ESA series.,research-extension-2026-09-19/US/accepted-observations.json
US,United States,2013,56712,"56,712",people,US_mapping_2017,2013 ESA Mapping Project observation,https://www.theesa.com/wp-content/uploads/2024/02/2017-EIR-National-Report.pdf,"printed p. 19, Tables E-1/E-2",accepted reported mapping observation,True,True,2013;2014;2015,"ESA2017 published mapping-table history, employment/founding-year reporting frame; Do not connect2015 to2016(65678), whose reporting universe is wider. No join to older modeled estimates or newer TEConomy. Changing coverage may influence apparent growth.",Paired with 2014 and 2015 in the ESA Mapping Project series; reporting universe is narrower than the 2016 C-2 total because E-1 excludes locations without founding-year data.,research-extension-2026-09-19/US/accepted-observations.json
US,United States,2014,58963,"58,963",people,US_mapping_2017,2014 ESA Mapping Project observation,https://www.theesa.com/wp-content/uploads/2024/02/2017-EIR-National-Report.pdf,"printed p. 19, Table E-2",accepted reported mapping observation,True,True,2013;2014;2015,"ESA2017 published mapping-table history, employment/founding-year reporting frame; Do not connect2015 to2016(65678), whose reporting universe is wider. No join to older modeled estimates or newer TEConomy. Changing coverage may influence apparent growth.",Paired with 2013 and 2015 in the ESA Mapping Project series; reporting universe is narrower than the 2016 C-2 total because E-1 excludes locations without founding-year data.,research-extension-2026-09-19/US/accepted-observations.json
