iso2,country,series_id,origin,unit,years,dated_years,undated_observations,trend_review,scope,source_record
AU,Australia,AU_igea_survey,original snapshot,source_reported_full_time_employment,2016;2017;2019;2020;2021;2022;2023;2024,8,0,not eligible,Financial years ending 30 June. Changing studio samples; no continuous population estimate or index.,country/AU.json
AU,Australia,AU_igea_augmented,original snapshot,source_reported_full_time_employment,2025,1,0,not eligible,Methodology break from historical survey. Source_native total retained; do not calculate a consistent 2024-25 decline.,country/AU.json
AU,Australia,AU_abs_headcount,original snapshot,people,2016;2022,2,0,not eligible,"Headcount snapshots, no 2019 baseline. ABS cautions comparisons to 2015-16 as categories changed; do not join to IGEA.",country/AU.json
BR,Brazil,BR_developer_people,original snapshot,people,2018;2022;2023,3,0,not eligible,"Discrete survey estimates with changing mapped coverage and respondent composition. 2018 historical chart contradicts table; use table 4,234 confirmed in 2022 and 2023. Not FTE or payroll-only national employment.",country/BR.json
BR,Brazil,BR_sample_people,original snapshot,people,2018;2022;2023,3,0,not eligible,"Changing sample, never substitute for estimated national workforce.",country/BR.json
CA,Canada,CA_statcan_ilu,original snapshot,ILU,2015;2016;2017;2018;2019;2020;2021;2022,8,0,within-series eligible,"Consistent annual unit, but ILU is neither FTE nor point-in-time headcount. Use Table 3 values: adjacent prose incorrectly describes a 2022 total decline.",country/CA.json
CA,Canada,CA_esac_legacy,original snapshot,FTE,2017;2019;2021,3,0,not eligible,2017 and 2019 survey vintages; 2021 original retained but superseded by revised estimate. Dates can mean prior fiscal year or survey-year business status. Cannot join revised 2021/2024 as an unbroken method.,country/CA.json
CA,Canada,CA_esac_revised,original snapshot,FTE,2021;2024,2,0,within-series eligible,"2024 method adds eight company-size strata; source reapplied method to 2021, making this pair comparable. Reference periods 2020-21 and 2023-24.",country/CA.json
CA,Canada,CA_esac_2015_undated,original snapshot,FTE,,0,1,not eligible,"Executive summary says 2015, direct employment section explicitly says 2014. Year left null; do not place automatically on 2015 axis.",country/CA.json
CN,China,CN_listed_panel,original snapshot,people,2021;2022;2023;2024;2025,5,0,not eligible,"Company panel excluded from national core chart and index; cannot infer country employment contraction. Eligible only for a clearly labelled source-native snapshot, sample or context chart; not a comparable domestic core trend.",country/CN.json
CN,China,CN_broad_2018_claim,original snapshot,people,2018,1,0,not eligible,Secondary attributed national figure with undefined scope; cannot compare with CNG listed-company panel.,country/CN.json
CY,Cyprus,CY_local,original snapshot,people,2019;2020;2021;2022;2023;2024,6,0,suspended,"Current review: suspend CY_local from domestic games comparisons. CYGMA p15 calls these local tax-paying game-publishing jobs, but the cited Footprint p9 gives identical values as publishing employment and explicitly leaves local/remote worker location unresolved. Scope and geography conflict; values remain archived, not independently validated.",country/CY.json
DE,Germany,DE_core,original snapshot,people,2015;2016;2017;2018;2019;2020;2021;2022;2023;2024;2025,11,0,within-series eligible,Core market only. Snapshot year differs from financial observation-year series abroad. Persistent gamesmap concept; underlying population evolves.,country/DE.json
DE,Germany,DE_2026_unresolved,original snapshot,people,2026,1,0,not eligible,Latest narrative number cannot be reconciled with chart or reported decline. Keep nonpreferred evidence; do not calculate growth.,country/DE.json
DK,Denmark,DK_payroll_fte,original snapshot,FTE,2017;2018;2019;2020;2021;2022,6,0,within-series eligible,"2024 edition reconstructs five previous years. Company population revised in 2021; use within-edition history, not naive edition splicing.",country/DK.json
DK,Denmark,DK_payroll_fte_v2018,original snapshot,FTE,2015;2016;2017,3,0,within-series eligible,"Separate historical vintage. Do not splice with 2021 or 2024 editions: population changed. 2017 old value 1,009 differs from 2024 vintage 737.",country/DK.json
DK,Denmark,DK_payroll_fte_v2021,original snapshot,FTE,2016;2017;2018;2019,4,0,within-series eligible,2016–2019 within-vintage history; not a year-by-year complete historical population. 2021 report expressly warns against edition comparison.,country/DK.json
ES,Spain,ES_direct,original snapshot,people,2015;2016;2017;2018;2019;2020;2021;2022;2023;2024,10,0,within-series eligible,Domestic development-company workers; precise handling of owners and cross-border direct staff not fully specified. Retrospective direct series; explicit external freelancers separated.,country/ES.json
FI,Finland,FI_studios_global,original snapshot,people,2016;2018;2020;2022;2024,5,0,within-series eligible,Publisher labels total people; domestic 2024 component described as FTE. Not country-comparable; no 2019 baseline.,country/FI.json
FI,Finland,FI_domestic_2024_fte,original snapshot,FTE,2024,1,0,not eligible,Reportp 12 explicitly uses FTE even though nearby passages call the same figure people; retained as FTE without conversion.,country/FI.json
FI,Finland,FI_overseas,original snapshot,people,2020;2022;2024,3,0,within-series eligible,Separate overseas component,country/FI.json
FI,Finland,FI_domestic_derived,original snapshot,people,2020;2022,2,0,within-series eligible,Subtract overseas from global; not independently verified as headcount versus FTE; excluded from cross-country charts,country/FI.json
FR,France,FR_ey_direct_fte,original snapshot,FTE,2019;2020;2021;2022;2023;2024,6,0,within-series eligible,Domestic direct employee FTE. Games-specificp 54 exclusion of independent workers overrides the generic appendix discussion of non-salaried work. Preferred annual chart retains the consistent roundedp 56 series; exactp 54 endpoints 6674 and 9944 are separately preserved nonpreferred. No splice with older EY editions.,country/FR.json
GB,United Kingdom,GB_tiga_fte,original snapshot,FTE,2016;2018;2020;2021;2023;2024,6,0,within-series eligible,"Survey endpoint snapshots, not annual averages. 2025 exact FTE not disclosed in inspected summary. No 2019 observation; never use 2018 or 2020 as 2019 baseline.",country/GB.json
GB,United Kingdom,GB_tiga_people,original snapshot,people,2018;2020;2023;2024;2025,5,0,within-series eligible,Total workforce including freelancers. Public releases use headcount rather than FTE. Contractor location/deduplication across firms not fully explained publicly.,country/GB.json
GB,United Kingdom,GB_dcms_jobs,original snapshot,jobs,2015;2016;2017;2018;2019;2020;2021;2022;2023;2024;2025,11,0,not eligible,"Official statistics in development; accreditation suspended August 2025 over APS quality. Plot with uncertainty, not as reliable annual hiring/layoff change; do not combine with TIGA or use in headline index.",country/GB.json
ID,Indonesia,ID_official_core_min,original snapshot,people,,0,1,not eligible,"Lower-bound mapping result, no national completeness or precise observation date verified. Do not infer 2015 count by reversing stated growth. Eligible only for a clearly labelled source-native snapshot, sample or context chart; not a comparable domestic core trend.",country/ID.json
ID,Indonesia,ID_broad_impact,original snapshot,jobs,,0,1,not eligible,Indirect/broad impact not comparable with core employment.,country/ID.json
IL,Israel,IL_ecosystem,original snapshot,people,2017;2021,2,0,not eligible,"Context-only snapshots. Unresolved geography and wider industry scope bar national ranking, trends and index.",country/IL.json
IN,India,IN_ey2025,original snapshot,people,,0,1,not eligible,Undated current estimate and unresolved online-gaming/RMG boundary; excluded from dated domestic core comparison.,country/IN.json
IN,India,IN_primus2025,original snapshot,people,,0,1,not eligible,"130,000 claim is separate from EY 66,000 estimate, not a subsequent observation proving growth.",country/IN.json
JP,Japan,JP_core_range,original snapshot,people,,0,1,not eligible,"Range only, observation year unresolved and hardware included. Do not map to 2024 or use a midpoint. Eligible only for a clearly labelled source-native snapshot, sample or context chart; not a comparable domestic core trend.",country/JP.json
JP,Japan,JP_broad,original snapshot,people,,0,1,not eligible,Not eligible for country trend comparison without a verified annual domestic core series.,country/JP.json
KR,South Korea,KR_core,original snapshot,people,2015;2016;2017;2018;2019;2020;2021;2022;2023;2024,10,0,within-series eligible,Domestic development/publishing. Latest survey frame excludes operating firms with no revenue; when this rule began is unresolved. Index withheld because population-frame continuity is not fully audited.,country/KR.json
KR,South Korea,KR_broad,original snapshot,people,2015;2016;2017;2018;2019;2020;2021;2022;2023;2024,10,0,not eligible,"Broad direct industry headcount, not comparable with core developer/publisher totals.",country/KR.json
NL,Netherlands,NL_domestic_broad,original snapshot,jobs,2015;2018;2021;2023,4,0,within-series eligible,"Same published definition; most 2021–2023 decline is reclassification of company focus, not job loss. No 2019 observation.",country/NL.json
NO,Norway,NO_sample_permanent,original snapshot,people,2019;2020;2021;2022;2023;2024,6,0,not eligible,Changing sample coverage; no national gross-up and no cross-country ranking.,country/NO.json
NO,Norway,NO_sample_temporary,original snapshot,people,2019;2020;2021;2022;2023;2024,6,0,not eligible,Changing sample coverage; no national gross-up and no cross-country ranking.,country/NO.json
NO,Norway,NO_sample_total,original snapshot,people,2023;2024,2,0,within-series eligible,Sample counts are separately shown as people and FTE; no conversion.,country/NO.json
NO,Norway,NO_sample_fte,original snapshot,FTE,2023;2024,2,0,within-series eligible,Sample counts are separately shown as people and FTE; no conversion.,country/NO.json
NZ,New Zealand,NZ_fulltime,original snapshot,full_time_positions,2015;2018;2020;2022,4,0,not eligible,Fiscal years ending 31 March; reference-date exceptions in country notes. Variable samples and source units; no line trend or index. Overseas-office inclusion unresolved in later summaries.,country/NZ.json
NZ,New Zealand,NZ_workers,original snapshot,people,2017;2019,2,0,not eligible,Fiscal years ending 31 March; reference-date exceptions in country notes. Variable samples and source units; no line trend or index. Overseas-office inclusion unresolved in later summaries.,country/NZ.json
NZ,New Zealand,NZ_fte,original snapshot,FTE,2016;2021;2023;2024;2025,5,0,not eligible,Fiscal years ending 31 March; reference-date exceptions in country notes. Variable samples and source units; no line trend or index. Overseas-office inclusion unresolved in later summaries.,country/NZ.json
PH,Philippines,PH_boi2000,original snapshot,people,,0,1,not eligible,"Lower-bound snapshot with ambiguous observation year and specialist-services scope. Not suitable for annual core trend. Eligible only for a clearly labelled source-native snapshot, sample or context chart; not a comparable domestic core trend.",country/PH.json
PL,Poland,PL_core_workforce,original snapshot,people,2021;2023;2025,3,0,within-series eligible,"Studio counting changed in 2025; the publisher says this is the only methodological shift. Workforce data can also be corrected as source coverage improves. Chart is an estimated industry workforce series, not a payroll census.",country/PL.json
RO,Romania,RO_employees2024,original snapshot,people,2024,1,0,not eligible,2024-only series because prior infographic explicitly includes collaborators. Source reports-7.4% but contractor perimeter not reconciled.,country/RO.json
RO,Romania,RO_employees_collaborators,original snapshot,people,2022;2023,2,0,within-series eligible,Includes collaborators; not automatically comparable to employee-only payroll measures.,country/RO.json
RO,Romania,RO_earlier_benchmark,original snapshot,people,2018;2020,2,0,not eligible,Rounded lower-bound statements; no point estimate inferred.,country/RO.json
RS,Serbia,RS_national_estimate,original snapshot,people,2024;2025,2,0,within-series eligible,National estimate distinguished from respondent count. Treatment of 115 respondent workers outside Serbia is unresolved; exclude strict domestic comparison.,country/RS.json
RS,Serbia,RS_respondent_employees,original snapshot,people,2018;2019;2020;2021;2022;2023;2024;2025,8,0,not eligible,Historical respondent totals are not national industry estimates.,country/RS.json
RS,Serbia,RS_remote_abroad_sample,original snapshot,people,2025,1,0,not eligible,Not foreign citizenship and not domestic employment.,country/RS.json
SE,Sweden,SE_domestic,original snapshot,annual_average_full_time_positions,2015;2016;2017;2018;2019;2020;2021;2022;2023;2024,10,0,within-series eligible,"Domestic series, distinct from overseas subsidiaries. 2024 sample excludes approximately 40 positions at firms bankrupt in 2025. King uses 2023 accounts. No conversion to year-end people.",country/SE.json
SE,Sweden,SE_overseas,original snapshot,people,2024,1,0,not eligible,Supplemental overseas count; never summed into Sweden domestic rankings,country/SE.json
SG,Singapore,SG_games2021,original snapshot,people,2021,1,0,not eligible,"Approximate snapshot only; domestic core developer/publisher scope not separable. Eligible only for a clearly labelled source-native snapshot, sample or context chart; not a comparable domestic core trend.",country/SG.json
TR,Turkey,TR_toged,original snapshot,FTE,2023,1,0,not eligible,Usable association snapshot only; mixed remote geography and missing local method prevent strict domestic comparison or a trend. No 2019 observation.,country/TR.json
TR,Turkey,TR_secondary_range,original snapshot,people,2023,1,0,not eligible,Retained separately as secondary context. Conflicts with TOGED estimate; insufficient evidence to reconcile scope or date.,country/TR.json
TW,Taiwan,TW_survey2022,original snapshot,people,,0,1,not eligible,133 responding companies; some missing employee counts imputed from 104 Job Bank. Respondent total is not a national workforce estimate. Games-company boundary may include adjacent activity.,country/TW.json
UA,Ukraine,UA_panel_room8,original snapshot,people,2021;2023;2026,3,0,not eligible,"Tax-residence basis, not domestic workplaces or nationality. Never sum selected companies as national industry total.",country/UA.json
UA,Ukraine,UA_panel_ubisoft,original snapshot,people,2021;2026,2,0,not eligible,"Tax-residence basis, not domestic workplaces or nationality. Never sum selected companies as national industry total.",country/UA.json
UA,Ukraine,UA_panel_playrix,original snapshot,people,2021;2026,2,0,not eligible,"Tax-residence basis, not domestic workplaces or nationality. Never sum selected companies as national industry total.",country/UA.json
UA,Ukraine,UA_panel_playtika,original snapshot,people,2022;2026,2,0,not eligible,"Tax-residence basis, not domestic workplaces or nationality. Never sum selected companies as national industry total.",country/UA.json
US,United States,US_core,original snapshot,jobs,2019;2023;2025,3,0,not eligible,"Definition close across three editions, but database methodology changed. Plot discrete observations or explicit methodology breaks; no 2019 index.",country/US.json
US,United States,US_broad,original snapshot,jobs,2019;2023;2025,3,0,not eligible,2019-to-2023 removes entire activities and changes firm estimation; 2025 improves small-firm and remote coverage. Broad series cannot measure like-for-like job loss.,country/US.json
US,United States,US_software,original snapshot,jobs,2023;2025,2,0,not eligible,2025 adds Platform explicitly; 2023 other may include some activities. Method changes preclude index.,country/US.json
US,United States,US_services,original snapshot,jobs,2023;2025,2,0,not eligible,Different support-service coverage by edition; do not add this to contractor headcounts from other sources.,country/US.json
US,United States,US_mapping_2017,original snapshot,people,2015;2016,2,0,not eligible,2015 table excludes 151 locations without founding-year data; 2016 covers wider reporting universe. No comparable link to newer TEConomy series.,country/US.json
VN,Vietnam,VN_4100_claim,original snapshot,people,2024,1,0,not eligible,Conflicts with another workforce claim on same source page; not eligible for country core chart.,country/VN.json
VN,Vietnam,VN_35000_claim,original snapshot,people,,0,1,not eligible,"Unreconciled with 4,100 workforce claim and not independently substantiated.",country/VN.json
VN,Vietnam,VN_mobile_claim,original snapshot,people,,0,1,not eligible,"Subsector interview estimate, observation date only contemporary with 2025 article; exclude from annual trend.",country/VN.json
AU,Australia,AU_abs_historical_snapshots,accepted extension,people,2007;2012,2,0,not eligible,"Businesses primarily developing digital games; census headcount, not FTE. ABS cautions historical change estimates; retain as snapshots, separate from IGEA. Both are ABS headcounts at the last pay period ending June, but the archive describes changing scope/coverage and expressly cautions historical comparison. The country catalogue likewise records AU_abs_headcount as chart_eligible but trend_eligible false and prohibits joining it to IGEA. Isolated markers only; no connecting lines.",research-extension-2026-09-19/AU/accepted-observations.json
BR,Brazil,BR_developer_employees_reported_2008,accepted extension,people,2008,1,0,not eligible,"560 profissionais empregados por 42 companies producing game software (games or part of them). This is an Abragames-reported employment stock for the stated company set, not a documented census or extrapolated national total; the report separately thanks 32 respondent companies and does not reconcile that number with the 42-company headline. It says 'empregados' and does not say whether founders/partners are included. Contextual historical company-set or respondent total.2008 employment42 firms versus32 thanked respondents unresolved;2014 total133 valid respondents incl founders/collaborators. Not comparable with later extrapolated national estimates; withheld from representative regional chart.",research-extension-2026-09-19/BR/accepted-observations.json
BR,Brazil,BR_developer_people_sample_2014,accepted extension,people,2014,1,0,not eligible,"Reported total workforce at 133 valid responding Brazilian game-developer companies: 392 sócios (partners/founders) plus 741 colaboradores (staff/collaborators). The publisher calls this a census but the employment number is a respondent sum, not an extrapolation to all Brazilian developers. Fieldwork occurred in January 2014; 2013 is the revenue reference year elsewhere in the report and must not be applied to this workforce value. Contextual historical company-set or respondent total.2008 employment42 firms versus32 thanked respondents unresolved;2014 total133 valid respondents incl founders/collaborators. Not comparable with later extrapolated national estimates; withheld from representative regional chart.",research-extension-2026-09-19/BR/accepted-observations.json
CA,Canada,CA_statcan_ilu,accepted extension,ILU,2013;2014,2,0,within-series eligible,"Annual T4-based individual labour units allocated by wages across employers; provinces excluding territories. Do not merge the ILUs with CA_esac_legacy, CA_esac_revised, or CA_esac_2015_undated as one employment trend or index. Do not convert, relabel, or compare the ILU totals as FTEs or point-in-time headcount. Do not combine the values with CA_contract_share or CA_immigration_share to estimate national contractor or citizenship counts.",research-extension-2026-09-19/CA/accepted-observations.json
DE,Germany,DE_core_revised2026,accepted extension,people,2025;2026,2,0,within-series eligible,"Employees at German developers/publishers in expanded gamesmap/Goldmedia universe;2025 restated for comparability. Do not append either observation to DE_core 2015-2025, and do not replace DE_core's original-vintage 2025 value of 12,134 in that trend. Do not calculate a 2024-to-revised-2025 change, a 2025-old-to-2026 change, or a 2015-2026 continuous trend/index across the database expansion. Do not join Goldmedia's expanded-core 2018/2024 context values, which include games-specific service providers, to either core developer/publisher series. Do not treat the 2025 restated comparator as a 31 March 2025 snapshot unless the publisher separately establishes that reference date.",research-extension-2026-09-19/DE/accepted-observations.json
DK,Denmark,DK_core_game_producers_v2009,accepted extension,FTE,2008;2009,2,0,within-series eligible,"Employees in the report's selected core computer-game producer companies, expressed as FTE ('antal medarbejdere'). The report defines games as console, PC, AAA, mobile and browser games; it excludes non-producer support functions and self-employed freelancers. Source-native2008/2009 core game-producer payroll FTE pair. Selected company population excludes freelancers/support firms. No joins to later report vintages. | Employees in the report's selected core computer-game producer companies, expressed as FTE ('antal medarbejdere'). The report identifies 72 computer-game developers and states the count is converted to FTE. Source-native2008/2009 core game-producer payroll FTE pair. Selected company population excludes freelancers/support firms. No joins to later report vintages.",research-extension-2026-09-19/DK/accepted-observations.json
ES,Spain,ES_direct,accepted extension,people,2013;2014,2,0,within-series eligible,"DEV's estimated direct employment in Spanish video-game development. The figure separately labels 2022's freelance and indirect jobs, so this is not a supported-employment total. The report's current-edition methodology describes a DEV studio survey/estimate, but the historical chart does not document each prior-year sampling frame. DEV retrospective Figure 16 matches all overlapping 2015-2022 original observations. Extend direct-employment series to 2013; changing annual survey coverage remains a caveat. Exclude forecasts, freelancers and indirect jobs.",research-extension-2026-09-19/ES/accepted-observations.json
FI,Finland,FI_domestic_explicit_fte,accepted extension,FTE,2022,1,0,within-series eligible,"Entire Finnish Game Industry: approximately 3,700 FTE staff in Finland. The surrounding paragraph says totals include entrepreneurs; 400 people in Finnish-owned studios abroad are reported separately. Eligible only with explicit domestic FTE series2024; both approximate end-year national estimates including entrepreneurs. Interview coverage changes; preserve source-year labels and uncertainty. No splice to worldwide totals.",research-extension-2026-09-19/FI/accepted-observations.json
FR,France,FR_dge_pwc_broad_industry_persons,accepted extension,persons,2010;2011;2012;2013;2014;2015;2016;2017;2018,9,0,within-series eligible,"Reported industry employment from PwC Strategy& actor database: studios, publishers, distributors and 'other actors supporting the ecosystem'. This is persons/employment, not FTE; it is broader than EY 2025 direct employee FTE and must not be spliced with it. Independent-worker treatment and precise time basis not stated. PwC actor-database broad ecosystem employment: studios, publishers, distributors and other actors. Source-native 2010-2018 comparison only; not FTE. No join to EY2019-2024. Exact within-year timing and independent-worker coverage unstated; retain printed totals despite component discrepancies.",research-extension-2026-09-19/FR/accepted-observations.json
GB,United Kingdom,GB_tiga_fte,accepted extension,FTE,2017,1,0,within-series eligible,"TIGA's creative staff in studios, reported as full-time and full-time equivalent staff. The public release does not separately restate the contractor prorating rule in this item; retain the existing GB_tiga_fte series definition. Approve the two accepted November 2017 TIGA endpoints as additions to their existing source-native series. Do not combine, add, subtract, or switch between GB_tiga_fte and GB_tiga_people. The former prorates freelancer work into FTE; the latter counts contractors as people. Do not append either endpoint to GB_dcms_jobs. DCMS is APS annual-average filled jobs under SIC 58.21 and 62.011, including first and second jobs and self-employment, with a different geography and uncertainty profile. Do not use UK indirect jobs supported (24,274 in 2017) as direct employment, and do not join the endpoints to the Ukie 2016 direct-company FTE or its 47,620 supported-FTE total. Do not treat TIGA November snapshot years as calendar-year annual averages or as a 2019 index baseline.",research-extension-2026-09-19/GB/accepted-observations.json
GB,United Kingdom,GB_tiga_people,accepted extension,people,2017,1,0,within-series eligible,"TIGA total games development workforce including contractors; headcount, distinct from FTE and from indirect jobs supported. Approve the two accepted November 2017 TIGA endpoints as additions to their existing source-native series. Do not combine, add, subtract, or switch between GB_tiga_fte and GB_tiga_people. The former prorates freelancer work into FTE; the latter counts contractors as people. Do not append either endpoint to GB_dcms_jobs. DCMS is APS annual-average filled jobs under SIC 58.21 and 62.011, including first and second jobs and self-employment, with a different geography and uncertainty profile. Do not use UK indirect jobs supported (24,274 in 2017) as direct employment, and do not join the endpoints to the Ukie 2016 direct-company FTE or its 47,620 supported-FTE total. Do not treat TIGA November snapshot years as calendar-year annual averages or as a 2019 index baseline.",research-extension-2026-09-19/GB/accepted-observations.json
ID,Indonesia,ID_kominfo2020_survey_game_developers_all,accepted extension,people,2019,1,0,not eligible,"Survey-respondent workforce at Indonesian video-game developers. Official study used non-probability collection: census approach for incorporated companies and community-database snowball sampling for unincorporated actors. Not a national employment estimate; worker statuses include permanent, contract and internship but the 1,286 total is not published by status. Publisher-only coverage is not established. ",research-extension-2026-09-19/ID/accepted-observations.json
IN,India,IN_ey_2023_online_gaming_direct_indirect,accepted extension,people,2023,1,0,not eligible,"EY's broad Indian online-gaming employment estimate, explicitly including direct and indirect roles across core and support functions. The report identifies real-money gaming as 82.8% of FY23 online-gaming market value, so this is not a core video-game-development workforce measure. EY cites TeamLease Digital's November 2022 gaming report for the employment claim; detailed population, sampling and direct/indirect multiplier method are not stated. ",research-extension-2026-09-19/IN/accepted-observations.json
JP,Japan,JP_census_3914_required_items,accepted extension,persons engaged,2012;2016,2,0,within-series eligible,"National workers in establishments classified as 3914 Game software industry: establishments creating game software, including component programs, for home-TV game machines, portable electronic game machines and PCs, and conducting related research, analysis or advice. The classification excludes game-cassette and game-optical-disc manufacturing. Approve a separate two-point, source-native Economic Census series for JSIC 3914 Game software industry establishment persons engaged. Do not join to JP_core_range or JP_broad. CESA's public estimates are undated, include console hardware in the core range, and broaden further to peripherals, distribution, retail, amusement, toys and media. Do not join to JP_status_2024, JP_status_2025, JP_freelancers_2024, or JP_freelancers_2025. CEDEC values are voluntary respondent shares, not national workforce stocks. Do not fill unobserved annual or post-2016 gaps, substitute a 2021 middle-classification/software/service table, or portray the 2016 value as a 2021 count. Do not join to METI Information and Communications Industry Basic Survey values. That enterprise survey is main-industry based and has a distinct enterprise universe and worker-status treatment; it is outside this review. | National persons engaged in privately owned establishments classified as 3914 Game software industry. JSIC 3914 covers creation of game software, including components, for home-TV consoles, portable electronic games and PCs, plus related research, analysis and advice; it excludes game-cassette and game-optical-disc manufacturing. Approve a separate two-point, source-native Economic Census series for JSIC 3914 Game software industry establishment persons engaged. Do not join to JP_core_range or JP_broad. CESA's public estimates are undated, include console hardware in the core range, and broaden further to peripherals, distribution, retail, amusement, toys and media. Do not join to JP_status_2024, JP_status_2025, JP_freelancers_2024, or JP_freelancers_2025. CEDEC values are voluntary respondent shares, not national workforce stocks. Do not fill unobserved annual or post-2016 gaps, substitute a 2021 middle-classification/software/service table, or portray the 2016 value as a 2021 count. Do not join to METI Information and Communications Industry Basic Survey values. That enterprise survey is main-industry based and has a distinct enterprise universe and worker-status treatment; it is outside this review.",research-extension-2026-09-19/JP/accepted-observations.json
JP,Japan,JP_meti_game_enterprises_development_regular,accepted extension,people,2017;2020,2,0,not eligible,"Direct published total 常時従業者数 / 計 for the development/production division of responding game-software enterprises; not reconstructed from components, not whole-enterprise employment, and not an establishment census. Scope is JSIC division 39 enterprises with capital/investment of JPY30m or more. Single changing-respondent survey snapshot; no national chart or census join. Review 2018 category revision before historical linking. | Direct published total 常時従業者数（臨時雇用者を除く） for the development/production division of responding game-software enterprises; not whole-enterprise employment or an establishment census. Scope is JSIC division 39 enterprises with capital/investment of JPY30m or more. Direct form confirms paid directors and workers employed indefinitely or at least one month, with eligible contract/freelance workers; temporary/incoming dispatch separately reported. Changing respondent composition prevents national trend or census join.",research-extension-2026-09-19/JP/accepted-observations.json
KR,South Korea,KR_core_archive_2008_2009,accepted extension,people,2008;2009,2,0,not eligible,"KOCCA-reported game production and distribution workforce; excludes separately tabulated distribution and consumption businesses. Historical frame and worker-status continuity unresolved. Original KOCCA historical production/distribution count verified; exact within-year date and survey-frame continuity unresolved. Isolated marker only; excludes separate venue/distribution-consumption workforce. | KOCCA-reported production/distribution workers, excluding separately reported PC cafes, arcade and video-game venues. Historical source-native observation; frame and worker-status continuity unresolved. Original KOCCA historical production/distribution count verified; exact within-year date and survey-frame continuity unresolved. Isolated marker only; excludes separate venue/distribution-consumption workforce.",research-extension-2026-09-19/KR/accepted-observations.json
KR,South Korea,KR_core_archive_2010_2014,accepted extension,people,2010;2011;2012;2013;2014,5,0,not eligible,"KOCCA's game production and distribution workforce: covered development/publishing businesses, separately tabulated from PC cafes, arcade game rooms and video-game venues. Unit is people; national annual survey estimate. Historical source vintages retained separately; survey-frame continuity not yet established. Historical KOCCA production/distribution counts verified; survey-frame continuity unresolved. Isolated historical markers only; excludes PC cafes and arcades. | KOCCA's game production and distribution workforce: covered development/publishing businesses, separately tabulated from game distribution and consumption (PC cafes and arcades). Unit is people; government report reproduces the KOCCA White Paper table. Historical source vintages retained separately; survey-frame continuity not yet established. Historical KOCCA production/distribution counts verified; survey-frame continuity unresolved. Isolated historical markers only; excludes PC cafes and arcades. | KOCCA/MCST game development and distribution workforce: covered development/publishing businesses, separately tabulated from game circulation/consumption businesses (PC Bangs and arcade game rooms). Unit is people; national annual survey estimate. Historical source vintages retained separately; survey-frame continuity not yet established. Historical KOCCA production/distribution counts verified; survey-frame continuity unresolved. Isolated historical markers only; excludes PC cafes and arcades.",research-extension-2026-09-19/KR/accepted-observations.json
NL,Netherlands,NL_domestic_broad_legacy_vintage,accepted extension,jobs,2011,1,0,not eligible,"Dutch establishments of companies and self-employed persons whose core activity is electronic-game development, production, publishing, facilitation or distribution; includes applied and entertainment games and qualifying specialist services; excludes clients, education, government, retail, physical games and online gambling. LISA jobs are paid jobs of at least 12 hours per week, supplemented by website/survey estimates. Foreign establishments are excluded. Isolated legacy and interim estimates. Appendix Banen explicitly dates 3,000 jobs to 2011, supplemented by summer-2012 survey/web data and imputation; no precise synchronized census date. 2020 is approximately 4,000 from a limited interim survey.",research-extension-2026-09-19/NL/accepted-observations.json
NL,Netherlands,NL_domestic_broad_covid_update,accepted extension,people,2020,1,0,not eligible,"Limited-survey interim estimate for the Dutch video-game industry using the same criteria as earlier Games Monitor editions. The report says the database was updated and a November 2020 survey sent to around 500 people, with a little over 100 responses; websites, LinkedIn profiles and directory updates support the approximate employee total. Includes applied and entertainment companies, but the report does not publish a full headcount methodology or an exact all-worker census. Isolated legacy and interim estimates. Appendix Banen explicitly dates 3,000 jobs to 2011, supplemented by summer-2012 survey/web data and imputation; no precise synchronized census date. 2020 is approximately 4,000 from a limited interim survey.",research-extension-2026-09-19/NL/accepted-observations.json
NO,Norway,NO_2019vintage_sample_permanent,accepted extension,people,2017;2018,2,0,not eligible,"Permanent employees in responding game firms; questionnaire explicitly includes Norway and abroad.15 reporting companies; not domestic national employment. Respondent employment includes Norway and abroad,15 companies. Permanent and temporary component counts are contextual; do not splice to later vintages with changed sample or revised history.",research-extension-2026-09-19/NO/accepted-observations.json
NO,Norway,NO_2019vintage_sample_temporary,accepted extension,people,2017;2018,2,0,not eligible,"Temporary employees in responding game firms; questionnaire explicitly includes Norway and abroad.15 reporting companies; not domestic national employment. Respondent employment includes Norway and abroad,15 companies. Permanent and temporary component counts are contextual; do not splice to later vintages with changed sample or revised history.",research-extension-2026-09-19/NO/accepted-observations.json
NZ,New Zealand,NZ_nzgda_historical_snapshots,accepted extension,FTE,2011;2012;2013;2014,4,0,not eligible,"NZGDA member-studio survey, 21 studios; full-time equivalents. Changing respondents and reference dates, no verified population gross-up or continuous panel. All four values are NZGDA member-studio survey full-time-equivalent values, but the responding count changes 21, 33, 33, 30; 2011 uses September while 2012-2014 use 31 March; no population gross-up or continuous panel is established. The country catalogue marks NZ_fte chart_eligible but trend_eligible false. The 2014 source additionally distinguishes 450 FTE professionals from several hundred part-time developers without defining their relationship to the FTE total. Isolated markers only; no connecting lines. | NZGDA member-studio survey, 33 studios; full-time equivalents. Changing respondents and reference dates, no verified population gross-up or continuous panel. All four values are NZGDA member-studio survey full-time-equivalent values, but the responding count changes 21, 33, 33, 30; 2011 uses September while 2012-2014 use 31 March; no population gross-up or continuous panel is established. The country catalogue marks NZ_fte chart_eligible but trend_eligible false. The 2014 source additionally distinguishes 450 FTE professionals from several hundred part-time developers without defining their relationship to the FTE total. Isolated markers only; no connecting lines. | NZGDA member-studio survey, 30 studios; full-time equivalents. Changing respondents and reference dates, no verified population gross-up or continuous panel. All four values are NZGDA member-studio survey full-time-equivalent values, but the responding count changes 21, 33, 33, 30; 2011 uses September while 2012-2014 use 31 March; no population gross-up or continuous panel is established. The country catalogue marks NZ_fte chart_eligible but trend_eligible false. The 2014 source additionally distinguishes 450 FTE professionals from several hundred part-time developers without defining their relationship to the FTE total. Isolated markers only; no connecting lines.",research-extension-2026-09-19/NZ/accepted-observations.json
PH,Philippines,PH_dost_2013_current_estimate,accepted extension,workers,2013,1,0,not eligible,"Official contemporary game-development industry estimate; sampling, worker status and contractor treatment unspecified. Later10000 and15000 figures are targets, not observations. ",research-extension-2026-09-19/PH/accepted-observations.json
PH,Philippines,PH_boi_ibpap_roadmap2028_historical,accepted extension,FTE,2016;2021,2,0,not eligible,"Game-development services workforce, BOI reproduction of Philippine IT-BPM Roadmap2028. Values3.0 and4.7 thousand; method and remote geography not exposed.2022E and2028F scenario endpoints excluded. ",research-extension-2026-09-19/PH/accepted-observations.json
PL,Poland,PL_core_workforce,accepted extension,people,2020,1,0,not eligible,"Game Industry Conference's tighter estimate of 9,710 full-time employees in Poland's game-production sector. The scope includes game-production studios, external-development companies and global publishers; it excludes Polish local-market distribution and non-production service providers, including separately discussed QA/localisation providers. 2020 production/global-publishing full-time employee estimate. Changed scope/discovery in later editions prevents a join; people are not converted to FTE.",research-extension-2026-09-19/PL/accepted-observations.json
PL,Poland,PL_gic_magazine2022,accepted extension,people,2022,1,0,not eligible,"GIC estimate of people working in game production in Poland. Infographic reports490 producers and publishers. Exact contractor/full-time conversion and geographic counting rules not restated in article. GIC estimate of people working in game production in Poland, labelled 2022. Exact stock date unstated in inspected article; not FTE or uniform year-end count. Author describes approximately 2100 additional workers over 15 months, despite chart YoY labels. Marker only; no cross-vintage annual growth calculation.",research-extension-2026-09-19/PL/accepted-observations.json
RO,Romania,RO_earlier_benchmark,accepted extension,people (qualified lower-bound headline),2020,1,0,not eligible,"Source states 6,000+ employees in the Romanian gaming industry. RGDA says the report draws on public material, discussions, and industry-member forms and has not been audited. It does not state whether the headline includes collaborators; retain as a lower bound, not an exact 6,000 observation. Preserve the plus sign without imposing a strict mathematical inequality. 2021 employees and collaborators extends the 2022-2023 collaborator-inclusive series only. 2020 6,000+ is an isolated qualified headline; no employee-only 2024 join.",research-extension-2026-09-19/RO/accepted-observations.json
RO,Romania,RO_employees_collaborators,accepted extension,people,2021,1,0,within-series eligible,"Employees and collaborators in Romania's video-games industry. Collaborator legal status and the employee/collaborator split are not disclosed, so this belongs with the collaborator-inclusive series and cannot be spliced to employee-only wording. 2021 employees and collaborators extends the 2022-2023 collaborator-inclusive series only. 2020 6,000+ is an isolated qualified headline; no employee-only 2024 join.",research-extension-2026-09-19/RO/accepted-observations.json
RS,Serbia,RS_national_estimate_historical,accepted extension,people,2021;2022;2023,3,0,not eligible,"SGA headline industry estimate: approximately 2,200+; not respondent workforce. Exact expansion method and treatment of overseas remote workers unresolved. PwC contribution concerns revenues, not validation of workforce counts. Historical SGA estimates retained as isolated contextual markers. Unresolved expansion method and overseas-worker treatment prevent historical joins. Preserve approximate/plus qualifiers; PwC revenue work does not validate workforce estimates. | SGA headline industry estimate: approximately 2,500+; not respondent workforce. Exact expansion method and treatment of overseas remote workers unresolved. PwC contribution concerns revenues, not validation of workforce counts. Historical SGA estimates retained as isolated contextual markers. Unresolved expansion method and overseas-worker treatment prevent historical joins. Preserve approximate/plus qualifiers; PwC revenue work does not validate workforce estimates. | SGA headline industry estimate: estimated 4,300; not respondent workforce. Exact expansion method and treatment of overseas remote workers unresolved. PwC contribution concerns revenues, not validation of workforce counts. Historical SGA estimates retained as isolated contextual markers. Unresolved expansion method and overseas-worker treatment prevent historical joins. Preserve approximate/plus qualifiers; PwC revenue work does not validate workforce estimates.",research-extension-2026-09-19/RS/accepted-observations.json
SE,Sweden,SE_domestic_gdi2020_vintage,accepted extension,reported full-time positions,2012;2013;2014,3,0,within-series eligible,"Sweden-based employment as labelled by GDI2020. Annual-account averages, with December counts where available; excludes unreported freelancers/subcontractors. Do not treat as uniform year-end headcount. GDI2020 Sweden-based employment historical segment only. Annual-account full-time averages with report timing qualifications, not uniform year-end counts. No splice into latest vintage; overlap2015 differs.",research-extension-2026-09-19/SE/accepted-observations.json
SE,Sweden,SE_domestic_gdi2021_early,accepted extension,reported full-time positions,2010;2011,2,0,not eligible,GDI2021 Sweden-labelled historical figures. Annual-account full-time averages with timing substitutions; original reports carried forward unavailable company accounts (eight firms in 2010; three in 2011). Coverage excludes some legal forms and activities. Marker-only pending historical frame comparability; no join across report vintages. GDI2021 Sweden-labelled historical figures. Annual-account full-time averages with timing substitutions; original reports carried forward unavailable company accounts (eight firms in 2010; three in 2011). Coverage excludes some legal forms and activities. Marker-only pending historical frame comparability; no join across report vintages.,research-extension-2026-09-19/SE/accepted-observations.json
SE,Sweden,SE_registered_companies_gdi2009,accepted extension,reported employees in company accounts,2007;2008;2009,3,0,not eligible,Swedish-registered limited-company account compilation for developers and specialist suppliers. Employee location is not separately established; excludes other legal forms and some activities. Verified historical company-scope context only; withheld from domestic chart. Do not infer FTE solely from fractional values. Swedish-registered limited-company account compilation for developers and specialist suppliers. Employee location is not separately established; excludes other legal forms and some activities. Verified historical company-scope context only; withheld from domestic chart. Do not infer FTE solely from fractional values.,research-extension-2026-09-19/SE/accepted-observations.json
TR,Turkey,TR_toged_2024_verified,accepted extension,"people, FTE-oriented questionnaire",2024,1,0,not eligible,"Questionnaire requests FTE employees, entrepreneurs and in-house freelancers at game developer studios/publishers. Remote workers abroad assigned to employer registration country. Foreign subsidiaries and foreign subcontractor companies excluded. Turkey-specific sample, reference day, response rate and estimation method not supplied. Not a strict domestic-workplace total. 2020-2022 N/A; 2023 restated as10777. Do not connect to undated25000 claim.",research-extension-2026-09-19/TR/accepted-observations.json
UA,Ukraine,UA_kved5821_employed_2010_2012,accepted extension,persons employed,2010;2011;2012,3,0,not eligible,"Persons employed in business entities classified to KVED58.21 computer-game publishing. Ministry compilation of State Statistics Service data. Covers legal entities and individual entrepreneurs; worker definition includes regular, non-staff and unpaid owners/founders/family workers. Not all game development: firms under programming and other codes are outside this class. Annual observations; exact averaging/stock convention and territorial continuity need underlying statistical table verification. Publishing-only KVED58.21, not all game development.2014-2018 territorial exclusions differ from2010-2013. Intra-year timing unresolved. Retain as source-backed context; no representative national-chart placement or cross-break joins.",research-extension-2026-09-19/UA/accepted-observations.json
UA,Ukraine,UA_kved5821_employed_2013_2018,accepted extension,persons employed,2013;2014;2015;2016;2017;2018,6,0,not eligible,"Persons employed in business entities classified to KVED58.21 computer-game publishing. Ministry compilation of State Statistics Service data. Covers legal entities and individual entrepreneurs; worker definition includes regular, non-staff and unpaid owners/founders/family workers. Not all game development: firms under programming and other codes are outside this class. Annual observations; exact averaging/stock convention and territorial continuity need underlying statistical table verification. Publishing-only KVED58.21, not all game development.2014-2018 territorial exclusions differ from2010-2013. Intra-year timing unresolved. Retain as source-backed context; no representative national-chart placement or cross-break joins.",research-extension-2026-09-19/UA/accepted-observations.json
UA,Ukraine,UA_kved5821_employed_2019_2021,accepted extension,persons employed,2019;2020;2021,3,0,not eligible,"State Statistics business entities classified to KVED58.21 computer-game publishing; enterprises and individual entrepreneurs. Not all game development, not FTE, not employee-only payroll count. Publishing-only contextual observation. Territorial break in2022 and unresolved within-year convention; no all-games national chart or cross-break joins.",research-extension-2026-09-19/UA/accepted-observations.json
UA,Ukraine,UA_kved5821_employed_wartime_2022_2024,accepted extension,persons employed,2022;2024,2,0,not eligible,"State Statistics business entities classified to KVED58.21 computer-game publishing; enterprises and individual entrepreneurs. Not all game development, not FTE, not employee-only payroll count. Publishing-only contextual observation. Territorial break in2022 and unresolved within-year convention; no all-games national chart or cross-break joins.",research-extension-2026-09-19/UA/accepted-observations.json
US,United States,US_legacy_siwek_all_establishments,accepted extension,people,2009;2012,2,0,within-series eligible,"Paired with 2012 in the source's own all-worker table; do not join to another ESA series. Source-reported modeled employment comparison, ESA2014 vintage; Only this source/vintage pair. Not precise national census; no splice to thresholded TableD1, ESA2017 Mapping or TEConomy. | Paired with 2009 in the source's own all-worker table; do not join to another ESA series. Source-reported modeled employment comparison, ESA2014 vintage; Only this source/vintage pair. Not precise national census; no splice to thresholded TableD1, ESA2017 Mapping or TEConomy.",research-extension-2026-09-19/US/accepted-observations.json
US,United States,US_mapping_2017,accepted extension,people,2013;2014,2,0,within-series eligible,"Paired with 2014 and 2015 in the ESA Mapping Project series; reporting universe is narrower than the 2016 C-2 total because E-1 excludes locations without founding-year data. ESA2017 published mapping-table history, employment/founding-year reporting frame; Do not connect2015 to2016(65678), whose reporting universe is wider. No join to older modeled estimates or newer TEConomy. Changing coverage may influence apparent growth. | Paired with 2013 and 2015 in the ESA Mapping Project series; reporting universe is narrower than the 2016 C-2 total because E-1 excludes locations without founding-year data. ESA2017 published mapping-table history, employment/founding-year reporting frame; Do not connect2015 to2016(65678), whose reporting universe is wider. No join to older modeled estimates or newer TEConomy. Changing coverage may influence apparent growth.",research-extension-2026-09-19/US/accepted-observations.json
