iso2,country,archive_status,next_step,evidence
AU,Australia,Specific source families followed; further work remains,ABS2007/2012 snapshots accepted; preserve historical-change caution and IGEA method break.,research-extension-2026-09-19/AU/findings.md
BR,Brazil,Specific source families followed; further work remains,"Fortaleza2024 reviewed: community sample, no workforce count. Seek post2023 national survey; regional2023 mapping retrieval optional, not a comparable series.",research-extension-2026-09-19/BR/findings.md
CA,Canada,Specific source families followed; further work remains,Annual PTCI companion 2010-2024 and quarterly NCI 2012Q1-2026Q1 verified; 13 overlapping years reconcile within rounding. General benchmarking reviewed; detailed game allocation ratios remain open. Keep separate from ILUs and preserve 2016 break.,research-extension-2026-09-19/CA/findings.md
CN,China,Specific source families followed; further work remains,Detailed-class government workforce or disclosed game-company panel needed; no national series verified.,research-extension-2026-09-19/CN/findings.md
CY,Cyprus,Specific source families followed; further work remains,Resolve CYGMA versus Footprint publishing/local-worker conflict before domestic comparison.,research-extension-2026-09-19/CY/findings.md
DE,Germany,Specific source families followed; further work remains,Goldmedia expanded-core pair differs from core-only series; examine predecessor HMS2020 scope.,research-extension-2026-09-19/DE/findings.md
DK,Denmark,Specific source families followed; further work remains,"Recover blocked2015 report; seek post2022 games-only payroll series, not film-only workbook.",research-extension-2026-09-19/DK/findings.md
ES,Spain,Specific source families followed; further work remains,Audit contemporaneous DEV2014/2015 methods; keep forecasts and broader AEVI jobs separate.,research-extension-2026-09-19/ES/findings.md
FI,Finland,Specific source families followed; further work remains,Explicit domestic2022/2024 verified; earlier worldwide totals need valid domestic split.,research-extension-2026-09-19/FI/findings.md
FR,France,Specific source families followed; further work remains,Trace comparable PwC/EY predecessor or successor; broader jobs and employee FTE remain separate.,research-extension-2026-09-19/FR/findings.md
GB,United Kingdom,Specific source families followed; further work remains,Reconcile old DCMS figures to current vintage; inspect BFI methodology for proposed Ukie benchmark.,research-extension-2026-09-19/GB/findings.md
ID,Indonesia,Specific source families followed; further work remains,"Main review: only the 2019 respondent total of 1,286 is accepted as an addition. Its 1,136 component is not another total. The original 2,112 lower bound remains undated; the report title does not establish a 2024 workforce date. The broad 2013 interactive-games figure remains proposed only.",research-extension-2026-09-19/ID/findings.md
IL,Israel,Specific source families followed; further work remains,No new dated workforce:2017/2021 duplicates; require domestic site counts and separate support/RMG scope.,research-extension-2026-09-19/IL/findings.md
IN,India,Specific source families followed; further work remains,Dated FY23 EY direct-plus-indirect estimate is contextual only; recover original NASSCOM and TeamLease methods.,research-extension-2026-09-19/IN/findings.md
JP,Japan,Specific source families followed; further work remains,2019/2020 field5301 date remains unresolved; repeated original routes exhausted. Scope/correction sources reviewed. Resume only with new archive/access lead; prioritize other national gaps.,research-extension-2026-09-19/JP/findings.md
KR,South Korea,Specific source families followed; further work remains,2008/2009 accepted and plotted as isolated markers; historical frame continuity remains unresolved. Seek full original methods before authorizing connections.,research-extension-2026-09-19/KR/findings.md
MY,Malaysia,Specific source families followed; further work remains,"Main review: no accepted additions. MDEC 2021 and 2024 repeat baseline sources; 2022, MITI and later ministry evidence document exclusions, not national games employment.",research-extension-2026-09-19/MY/findings.md
NL,Netherlands,Specific source families followed; further work remains,Retain2011 jobs and approximate2020 snapshot separately; later2018 revision supersedes original.,research-extension-2026-09-19/NL/findings.md
NO,Norway,Specific source families followed; further work remains,Resolve geographic scope and retrospective revisions; earlier questionnaire includes staff abroad.,research-extension-2026-09-19/NO/findings.md
NZ,New Zealand,Specific source families followed; further work remains,Recover blocked MBIE report/workbook; verify LBD cohort and employee measures before accepting history.,research-extension-2026-09-19/NZ/findings.md
PH,Philippines,Specific source families followed; further work remains,"Main review: accepted three additional observations: estimated 4,000 in 2013 and roadmap historical 3,000 FTE in 2016 / 4,700 FTE in 2021. Separate methods; no joined trend. Original 2,000 lower bound remains undated. Roadmap estimates and forecasts excluded.",research-extension-2026-09-19/PH/findings.md
PL,Poland,Specific source families followed; further work remains,Recover original2016/2018 methods if useful; older estimates are explicitly undercounts and remain unaccepted.,research-extension-2026-09-19/PL/findings.md
RO,Romania,Specific source families followed; further work remains,"Preserve collaborators and6,000+ qualification; recover missing annual observations with explicit reference dates.",research-extension-2026-09-19/RO/findings.md
RS,Serbia,Specific source families followed; further work remains,Reconcile respondent totals versus national headline estimates and relocation effects; preserve approximate plus-qualified counts.,research-extension-2026-09-19/RS/findings.md
SE,Sweden,Specific source families followed; further work remains,Trace pre2012 archive; reconcile2015 vintage difference before any splice.,research-extension-2026-09-19/SE/findings.md
SG,Singapore,Specific source families followed; further work remains,Current2020-2025 IMDA workbook and2010 archive reviewed; broad totals excluded. Seek DOS/IMDA employment specifically for SSIC58201+62012.,research-extension-2026-09-19/SG/findings.md
TR,Turkey,Specific source families followed; further work remains,TOGED public-site followup found no additional employment total.2026 per-person funding limits excluded;2023 remains lone contextual marker.,research-extension-2026-09-19/TR/findings.md
TW,Taiwan,Specific source families followed; further work remains,"Main review: 9,929 duplicates the baseline respondent count. Keep its employment year null: the 2022 economic period is not an explicit employee reference date. The 2019 candidate remains proposed pending original source/date readback. Do not connect changing respondent frames.",research-extension-2026-09-19/TW/findings.md
UA,Ukraine,Specific source families followed; further work remains,"Official2010-2024 publishing-class workbook recovered;14 numeric observations accepted,2023 suppressed. Territory break2022. Seek all-development trade series and annual-timing definition.",research-extension-2026-09-19/UA/findings.md
US,United States,Specific source families followed; further work remains,Earlier ESA reports remain separate methods; government software publishing too broad.,research-extension-2026-09-19/US/findings.md
VN,Vietnam,Specific source families followed; further work remains,"Main review: 4,100 in 2024 duplicates the original numerical observation. New direct ministry evidence improves provenance and explicitly says estimated end-2024. Preserve the original snapshot; do not add a duplicate row. Original source assessment is superseded on provenance only, not comparability. No 2023 level derived.",research-extension-2026-09-19/VN/findings.md
