segment_id,country,iso2,series_id,year,observation_period,value,unit,status,source_id,url,source_locator,source_layer,observation_id,constraints,notes
ES_direct_reviewed,Spain,ES,ES_direct,2013,annual direct-employment estimate,2630,people,accepted_primary_verified,,https://www.oficinamediaespana.eu/images/media_europa/2023_libro_blanco_dev_digital_media.pdf,"PDF p. 31 / printed p. 31, Figura 16, 'Evolución del empleo en el videojuego español (2013-2022)'.",accepted extension,ES_direct_2013,DEV direct development employment. Historical chart matches overlapping original values; changing annual survey coverage. Excludes freelance/indirect totals and forecasts.,
ES_direct_reviewed,Spain,ES,ES_direct,2014,annual direct-employment estimate,3376,people,accepted_primary_verified,,https://www.oficinamediaespana.eu/images/media_europa/2023_libro_blanco_dev_digital_media.pdf,"PDF p. 31 / printed p. 31, Figura 16, 'Evolución del empleo en el videojuego español (2013-2022)'.",accepted extension,ES_direct_2014,DEV direct development employment. Historical chart matches overlapping original values; changing annual survey coverage. Excludes freelance/indirect totals and forecasts.,
ES_direct_reviewed,Spain,ES,ES_direct,2015,2015,4460,people,estimated,ES_dev2023,https://www.oficinamediaespana.eu/images/media_europa/2023_libro_blanco_dev_digital_media.pdf,p 31 Figure 16,original,ES_direct_2015_ES_dev2023_0,DEV direct development employment. Historical chart matches overlapping original values; changing annual survey coverage. Excludes freelance/indirect totals and forecasts.,"Source-reported actual estimate, not the adjacent forecast"
ES_direct_reviewed,Spain,ES,ES_direct,2016,2016,5440,people,estimated,ES_dev2023,https://www.oficinamediaespana.eu/images/media_europa/2023_libro_blanco_dev_digital_media.pdf,p 31 Figure 16,original,ES_direct_2016_ES_dev2023_1,DEV direct development employment. Historical chart matches overlapping original values; changing annual survey coverage. Excludes freelance/indirect totals and forecasts.,"Source-reported actual estimate, not the adjacent forecast"
ES_direct_reviewed,Spain,ES,ES_direct,2017,2017,6337,people,estimated,ES_dev2023,https://www.oficinamediaespana.eu/images/media_europa/2023_libro_blanco_dev_digital_media.pdf,p 31 Figure 16,original,ES_direct_2017_ES_dev2023_2,DEV direct development employment. Historical chart matches overlapping original values; changing annual survey coverage. Excludes freelance/indirect totals and forecasts.,"Source-reported actual estimate, not the adjacent forecast"
ES_direct_reviewed,Spain,ES,ES_direct,2018,2018,6900,people,estimated,ES_dev2023,https://www.oficinamediaespana.eu/images/media_europa/2023_libro_blanco_dev_digital_media.pdf,p 31 Figure 16,original,ES_direct_2018_ES_dev2023_3,DEV direct development employment. Historical chart matches overlapping original values; changing annual survey coverage. Excludes freelance/indirect totals and forecasts.,"Source-reported actual estimate, not the adjacent forecast"
ES_direct_reviewed,Spain,ES,ES_direct,2019,2019,7320,people,estimated,ES_dev2023,https://www.oficinamediaespana.eu/images/media_europa/2023_libro_blanco_dev_digital_media.pdf,p 31 Figure 16,original,ES_direct_2019_ES_dev2023_4,DEV direct development employment. Historical chart matches overlapping original values; changing annual survey coverage. Excludes freelance/indirect totals and forecasts.,"Source-reported actual estimate, not the adjacent forecast"
ES_direct_reviewed,Spain,ES,ES_direct,2020,2020,8026,people,estimated,ES_dev2025,https://dev.org.es/wp-content/uploads/2026/07/2025_LIBRO_BLANCO_DEV.pdf,p 35 actual-history chart,original,ES_direct_2020_ES_dev2025_5,DEV direct development employment. Historical chart matches overlapping original values; changing annual survey coverage. Excludes freelance/indirect totals and forecasts.,"Source-reported actual estimate, not the adjacent forecast"
ES_direct_reviewed,Spain,ES,ES_direct,2021,2021,8833,people,estimated,ES_dev2025,https://dev.org.es/wp-content/uploads/2026/07/2025_LIBRO_BLANCO_DEV.pdf,p 35 actual-history chart,original,ES_direct_2021_ES_dev2025_6,DEV direct development employment. Historical chart matches overlapping original values; changing annual survey coverage. Excludes freelance/indirect totals and forecasts.,"Source-reported actual estimate, not the adjacent forecast"
ES_direct_reviewed,Spain,ES,ES_direct,2022,2022,9261,people,estimated,ES_dev2025,https://dev.org.es/wp-content/uploads/2026/07/2025_LIBRO_BLANCO_DEV.pdf,p 35 actual-history chart,original,ES_direct_2022_ES_dev2025_7,DEV direct development employment. Historical chart matches overlapping original values; changing annual survey coverage. Excludes freelance/indirect totals and forecasts.,"Source-reported actual estimate, not the adjacent forecast"
ES_direct_reviewed,Spain,ES,ES_direct,2023,2023,10259,people,estimated,ES_dev2025,https://dev.org.es/wp-content/uploads/2026/07/2025_LIBRO_BLANCO_DEV.pdf,p 35 actual-history chart,original,ES_direct_2023_ES_dev2025_8,DEV direct development employment. Historical chart matches overlapping original values; changing annual survey coverage. Excludes freelance/indirect totals and forecasts.,"Source-reported actual estimate, not the adjacent forecast"
ES_direct_reviewed,Spain,ES,ES_direct,2024,2024,10508,people,estimated,ES_dev2025,https://dev.org.es/wp-content/uploads/2026/07/2025_LIBRO_BLANCO_DEV.pdf,p 35 actual-history chart,original,ES_direct_2024_ES_dev2025_9,DEV direct development employment. Historical chart matches overlapping original values; changing annual survey coverage. Excludes freelance/indirect totals and forecasts.,"Source-reported actual estimate, not the adjacent forecast"
RO_collaborator_inclusive_reviewed,Romania,RO,RO_employees_collaborators,2021,calendar year 2021,6700,people,accepted_primary_verified,,https://rgda.ro/wp-content/uploads/2023/01/RGDAs-General-Assembly.pdf,"PDF p. 14 / printed slide 13, slide headed '2021 snapshot of Romania’s video games industry' (dated October 2022): 'Employees and collaborators: 6,700'; also states +12% versus 2020",accepted extension,RO_employees_collaborators_2021,"Employees and collaborators, legal-status split undisclosed. No join to 2020 qualified headline or 2024 employee-only series.",
RO_collaborator_inclusive_reviewed,Romania,RO,RO_employees_collaborators,2022,2022,6800,people,estimated,RO_rgda2023,https://rgda.ro/wp-content/uploads/2023/10/2023-10-05-RGDA-Infografic-industrie-2022-EN.pdf,p 1,original,RO_employees_collaborators_2022_RO_rgda2023_1,"Employees and collaborators, legal-status split undisclosed. No join to 2020 qualified headline or 2024 employee-only series.",
RO_collaborator_inclusive_reviewed,Romania,RO,RO_employees_collaborators,2023,2023,6600,people,estimated,RO_rgda2024,https://rgda.ro/wp-content/uploads/2024/11/RGDA_2024_snapshot_07_EN.png,headcount infographic,original,RO_employees_collaborators_2023_RO_rgda2024_2,"Employees and collaborators, legal-status split undisclosed. No join to 2020 qualified headline or 2024 employee-only series.",
SE_domestic_gdi2020_vintage,Sweden,SE,SE_domestic_gdi2020_vintage,2012,2012 accounting period; timing qualifications in report,1967,reported full-time positions,accepted historical report vintage,,https://dataspelsbranschen.squarespace.com/s/15122020_GDI_EN_48p_digital_s_below20.pdf,PDF p13 / printed p10 employment chart; method printed p9,accepted extension,SE_domestic_gdi2020_vintage_2012,"GDI2020 Sweden-based employment historical segment only. Annual-account full-time averages with report timing qualifications, not uniform year-end counts. No splice into latest vintage; overlap2015 differs.",
SE_domestic_gdi2020_vintage,Sweden,SE,SE_domestic_gdi2020_vintage,2013,2013 accounting period; timing qualifications in report,2534,reported full-time positions,accepted historical report vintage,,https://dataspelsbranschen.squarespace.com/s/15122020_GDI_EN_48p_digital_s_below20.pdf,PDF p13 / printed p10 employment chart; method printed p9,accepted extension,SE_domestic_gdi2020_vintage_2013,"GDI2020 Sweden-based employment historical segment only. Annual-account full-time averages with report timing qualifications, not uniform year-end counts. No splice into latest vintage; overlap2015 differs.",
SE_domestic_gdi2020_vintage,Sweden,SE,SE_domestic_gdi2020_vintage,2014,2014 accounting period; timing qualifications in report,3117,reported full-time positions,accepted historical report vintage,,https://dataspelsbranschen.squarespace.com/s/15122020_GDI_EN_48p_digital_s_below20.pdf,PDF p13 / printed p10 employment chart; method printed p9,accepted extension,SE_domestic_gdi2020_vintage_2014,"GDI2020 Sweden-based employment historical segment only. Annual-account full-time averages with report timing qualifications, not uniform year-end counts. No splice into latest vintage; overlap2015 differs.",
DK_core_game_producers_v2009,Denmark,DK,DK_core_game_producers_v2009,2008,"annual, 2008",486,FTE,accepted historical payroll FTE vintage,,https://pro-f.dk/sites/default/files/2021-10/Danske%20Indholdsproducenter%202009_1_1.pdf,"PDF p26 / printed p29, Table8; FTE definition in employment narrative and methodology",accepted extension,DK_core_game_producers_v2009_2008,Source-native2008/2009 core game-producer payroll FTE pair. Selected company population excludes freelancers/support firms. No joins to later report vintages.,
DK_core_game_producers_v2009,Denmark,DK,DK_core_game_producers_v2009,2009,"annual, 2009",552,FTE,accepted historical payroll FTE vintage,,https://pro-f.dk/sites/default/files/2021-10/Danske%20Indholdsproducenter%202009_1_1.pdf,"PDF p26 / printed p29, Table8; FTE definition in employment narrative and methodology",accepted extension,DK_core_game_producers_v2009_2009,Source-native2008/2009 core game-producer payroll FTE pair. Selected company population excludes freelancers/support firms. No joins to later report vintages.,
FR_dge_pwc_broad_industry_persons,France,FR,FR_dge_pwc_broad_industry_persons,2010,2010 annual figure; precise stock/average timing unspecified,6201,persons,accepted_primary_verified,,https://www.entreprises.gouv.fr/files/files/Publications/2021/Dossiers-dge/industrie-du-jeu-video-tissu-economique-et-competitivite-mars-2021.pdf,"printed p. 7, Figure 3; PDF p. 7",accepted extension,FR_dge_pwc_broad_industry_persons_2010,"PwC actor-database broad ecosystem employment: studios, publishers, distributors and other actors. Source-native 2010-2018 comparison only; not FTE. No join to EY2019-2024. Exact within-year timing and independent-worker coverage unstated; retain printed totals despite component discrepancies.",
FR_dge_pwc_broad_industry_persons,France,FR,FR_dge_pwc_broad_industry_persons,2011,2011 annual figure; precise stock/average timing unspecified,6718,persons,accepted_primary_verified,,https://www.entreprises.gouv.fr/files/files/Publications/2021/Dossiers-dge/industrie-du-jeu-video-tissu-economique-et-competitivite-mars-2021.pdf,"printed p. 7, Figure 3; PDF p. 7",accepted extension,FR_dge_pwc_broad_industry_persons_2011,"PwC actor-database broad ecosystem employment: studios, publishers, distributors and other actors. Source-native 2010-2018 comparison only; not FTE. No join to EY2019-2024. Exact within-year timing and independent-worker coverage unstated; retain printed totals despite component discrepancies.",
FR_dge_pwc_broad_industry_persons,France,FR,FR_dge_pwc_broad_industry_persons,2012,2012 annual figure; precise stock/average timing unspecified,7178,persons,accepted_primary_verified,,https://www.entreprises.gouv.fr/files/files/Publications/2021/Dossiers-dge/industrie-du-jeu-video-tissu-economique-et-competitivite-mars-2021.pdf,"printed p. 7, Figure 3; PDF p. 7",accepted extension,FR_dge_pwc_broad_industry_persons_2012,"PwC actor-database broad ecosystem employment: studios, publishers, distributors and other actors. Source-native 2010-2018 comparison only; not FTE. No join to EY2019-2024. Exact within-year timing and independent-worker coverage unstated; retain printed totals despite component discrepancies.",
FR_dge_pwc_broad_industry_persons,France,FR,FR_dge_pwc_broad_industry_persons,2013,2013 annual figure; precise stock/average timing unspecified,8279,persons,accepted_primary_verified,,https://www.entreprises.gouv.fr/files/files/Publications/2021/Dossiers-dge/industrie-du-jeu-video-tissu-economique-et-competitivite-mars-2021.pdf,"printed p. 7, Figure 3; PDF p. 7",accepted extension,FR_dge_pwc_broad_industry_persons_2013,"PwC actor-database broad ecosystem employment: studios, publishers, distributors and other actors. Source-native 2010-2018 comparison only; not FTE. No join to EY2019-2024. Exact within-year timing and independent-worker coverage unstated; retain printed totals despite component discrepancies.",
FR_dge_pwc_broad_industry_persons,France,FR,FR_dge_pwc_broad_industry_persons,2014,2014 annual figure; precise stock/average timing unspecified,8863,persons,accepted_primary_verified,,https://www.entreprises.gouv.fr/files/files/Publications/2021/Dossiers-dge/industrie-du-jeu-video-tissu-economique-et-competitivite-mars-2021.pdf,"printed p. 7, Figure 3; PDF p. 7",accepted extension,FR_dge_pwc_broad_industry_persons_2014,"PwC actor-database broad ecosystem employment: studios, publishers, distributors and other actors. Source-native 2010-2018 comparison only; not FTE. No join to EY2019-2024. Exact within-year timing and independent-worker coverage unstated; retain printed totals despite component discrepancies.",
FR_dge_pwc_broad_industry_persons,France,FR,FR_dge_pwc_broad_industry_persons,2015,2015 annual figure; precise stock/average timing unspecified,9465,persons,accepted_primary_verified,,https://www.entreprises.gouv.fr/files/files/Publications/2021/Dossiers-dge/industrie-du-jeu-video-tissu-economique-et-competitivite-mars-2021.pdf,"printed p. 7, Figure 3; PDF p. 7",accepted extension,FR_dge_pwc_broad_industry_persons_2015,"PwC actor-database broad ecosystem employment: studios, publishers, distributors and other actors. Source-native 2010-2018 comparison only; not FTE. No join to EY2019-2024. Exact within-year timing and independent-worker coverage unstated; retain printed totals despite component discrepancies.",
FR_dge_pwc_broad_industry_persons,France,FR,FR_dge_pwc_broad_industry_persons,2016,2016 annual figure; precise stock/average timing unspecified,9900,persons,accepted_primary_verified,,https://www.entreprises.gouv.fr/files/files/Publications/2021/Dossiers-dge/industrie-du-jeu-video-tissu-economique-et-competitivite-mars-2021.pdf,"printed p. 7, Figure 3; PDF p. 7",accepted extension,FR_dge_pwc_broad_industry_persons_2016,"PwC actor-database broad ecosystem employment: studios, publishers, distributors and other actors. Source-native 2010-2018 comparison only; not FTE. No join to EY2019-2024. Exact within-year timing and independent-worker coverage unstated; retain printed totals despite component discrepancies.",
FR_dge_pwc_broad_industry_persons,France,FR,FR_dge_pwc_broad_industry_persons,2017,2017 annual figure; precise stock/average timing unspecified,11060,persons,accepted_primary_verified,,https://www.entreprises.gouv.fr/files/files/Publications/2021/Dossiers-dge/industrie-du-jeu-video-tissu-economique-et-competitivite-mars-2021.pdf,"printed p. 7, Figure 3; PDF p. 7",accepted extension,FR_dge_pwc_broad_industry_persons_2017,"PwC actor-database broad ecosystem employment: studios, publishers, distributors and other actors. Source-native 2010-2018 comparison only; not FTE. No join to EY2019-2024. Exact within-year timing and independent-worker coverage unstated; retain printed totals despite component discrepancies.",
FR_dge_pwc_broad_industry_persons,France,FR,FR_dge_pwc_broad_industry_persons,2018,2018 annual figure; precise stock/average timing unspecified,11936,persons,accepted_primary_verified,,https://www.entreprises.gouv.fr/files/files/Publications/2021/Dossiers-dge/industrie-du-jeu-video-tissu-economique-et-competitivite-mars-2021.pdf,"printed p. 7, Figure 3; PDF p. 7",accepted extension,FR_dge_pwc_broad_industry_persons_2018,"PwC actor-database broad ecosystem employment: studios, publishers, distributors and other actors. Source-native 2010-2018 comparison only; not FTE. No join to EY2019-2024. Exact within-year timing and independent-worker coverage unstated; retain printed totals despite component discrepancies.",
CA_statcan_ilu,Canada,CA,CA_statcan_ilu,2013,2013 calendar-year ILUs,27612,ILU,accepted,CA_statcan2025,https://www150.statcan.gc.ca/n1/pub/36-28-0001/2025008/article/00001-eng.htm,"Table 3, Total row",accepted extension,CA_statcan_ilu_2013,Annual individual labour units; provinces only. Not FTE or headcount. Table values override contradictory narrative.,
CA_statcan_ilu,Canada,CA,CA_statcan_ilu,2014,2014 calendar-year ILUs,28616,ILU,accepted,CA_statcan2025,https://www150.statcan.gc.ca/n1/pub/36-28-0001/2025008/article/00001-eng.htm,"Table 3, Total row",accepted extension,CA_statcan_ilu_2014,Annual individual labour units; provinces only. Not FTE or headcount. Table values override contradictory narrative.,
CA_statcan_ilu,Canada,CA,CA_statcan_ilu,2015,2015 calendar year,36484,ILU,reported,CA_statcan2025,https://www150.statcan.gc.ca/n1/pub/36-28-0001/2025008/article/00001-eng.htm,Table 3 Total row,original,CA_statcan_ilu_2015_CA_statcan2025_0,Annual individual labour units; provinces only. Not FTE or headcount. Table values override contradictory narrative.,
CA_statcan_ilu,Canada,CA,CA_statcan_ilu,2016,2016 calendar year,37189,ILU,reported,CA_statcan2025,https://www150.statcan.gc.ca/n1/pub/36-28-0001/2025008/article/00001-eng.htm,Table 3 Total row,original,CA_statcan_ilu_2016_CA_statcan2025_1,Annual individual labour units; provinces only. Not FTE or headcount. Table values override contradictory narrative.,
CA_statcan_ilu,Canada,CA,CA_statcan_ilu,2017,2017 calendar year,47256,ILU,reported,CA_statcan2025,https://www150.statcan.gc.ca/n1/pub/36-28-0001/2025008/article/00001-eng.htm,Table 3 Total row,original,CA_statcan_ilu_2017_CA_statcan2025_2,Annual individual labour units; provinces only. Not FTE or headcount. Table values override contradictory narrative.,
CA_statcan_ilu,Canada,CA,CA_statcan_ilu,2018,2018 calendar year,50378,ILU,reported,CA_statcan2025,https://www150.statcan.gc.ca/n1/pub/36-28-0001/2025008/article/00001-eng.htm,Table 3 Total row,original,CA_statcan_ilu_2018_CA_statcan2025_3,Annual individual labour units; provinces only. Not FTE or headcount. Table values override contradictory narrative.,
CA_statcan_ilu,Canada,CA,CA_statcan_ilu,2019,2019 calendar year,57378,ILU,reported,CA_statcan2025,https://www150.statcan.gc.ca/n1/pub/36-28-0001/2025008/article/00001-eng.htm,Table 3 Total row,original,CA_statcan_ilu_2019_CA_statcan2025_4,Annual individual labour units; provinces only. Not FTE or headcount. Table values override contradictory narrative.,
CA_statcan_ilu,Canada,CA,CA_statcan_ilu,2020,2020 calendar year,58221,ILU,reported,CA_statcan2025,https://www150.statcan.gc.ca/n1/pub/36-28-0001/2025008/article/00001-eng.htm,Table 3 Total row,original,CA_statcan_ilu_2020_CA_statcan2025_5,Annual individual labour units; provinces only. Not FTE or headcount. Table values override contradictory narrative.,
CA_statcan_ilu,Canada,CA,CA_statcan_ilu,2021,2021 calendar year,58279,ILU,reported,CA_statcan2025,https://www150.statcan.gc.ca/n1/pub/36-28-0001/2025008/article/00001-eng.htm,Table 3 Total row,original,CA_statcan_ilu_2021_CA_statcan2025_6,Annual individual labour units; provinces only. Not FTE or headcount. Table values override contradictory narrative.,
CA_statcan_ilu,Canada,CA,CA_statcan_ilu,2022,2022 calendar year,59689,ILU,reported,CA_statcan2025,https://www150.statcan.gc.ca/n1/pub/36-28-0001/2025008/article/00001-eng.htm,Table 3 Total row,original,CA_statcan_ilu_2022_CA_statcan2025_7,Annual individual labour units; provinces only. Not FTE or headcount. Table values override contradictory narrative.,Table values used; total rises 2021-2022 despite contradictory source prose.
DE_core_revised2026,Germany,DE,DE_core_revised2026,2025,2025 comparator restated in2026,12659,people,accepted revised-vintage observation,,https://www.gamecampus.de/arbeiten/daten-fakten,Employment paragraphs and methodological note,accepted extension,DE_core_revised2026_2025,Revised 2025 comparator and 31 March 2026 only; do not join older unrevised series.,
DE_core_revised2026,Germany,DE,DE_core_revised2026,2026,31 March 2026,12235,people,accepted revised-vintage observation,,https://www.gamecampus.de/arbeiten/daten-fakten,Employment paragraphs and methodological note,accepted extension,DE_core_revised2026_2026,Revised 2025 comparator and 31 March 2026 only; do not join older unrevised series.,
FI_domestic_fte_reviewed,Finland,FI,FI_domestic_explicit_fte,2022,end of 2022,3700,FTE,accepted approximate domestic FTE,,https://neogames.fi/wp-content/uploads/2023/05/FGIR2022report.pdf,"Report 2022, printed p. 20, Developers & Diversity",accepted extension,FI_domestic_explicit_fte_2022,Approximate domestic FTE incl entrepreneurs; changing interview coverage. Overseas excluded.,
FI_domestic_fte_reviewed,Finland,FI,FI_domestic_2024_fte,2024,end of 2024,3800,FTE,estimated,FI_neogames2024,https://neogames.fi/wp-content/uploads/2025/08/FinnishGameIndustryReport2024.pdf,p 12,original,FI_domestic_2024_fte_2024_FI_neogames2024_5,Approximate domestic FTE incl entrepreneurs; changing interview coverage. Overseas excluded.,Source directly reports approximately 3800 FTE. Not simply an analyst conversion.
GB_tiga_fte,United Kingdom,GB,GB_tiga_fte,2016,March 2016,11893,FTE,estimated,GB_tiga2016,https://tiga.org/news/the-uk-video-games-development-sector-soars-to-new-heights,Employment key findings; methodology and FTE footnote,original,GB_tiga_fte_2016_GB_tiga2016_0,Development/production support; prorated freelancers. Snapshot dates; no headcount or DCMS joins.,
GB_tiga_fte,United Kingdom,GB,GB_tiga_fte,2017,November 2017,13277,FTE,accepted_primary_verified,GB_tiga2019_2017endpoint,https://tiga.org/news/the-uk-video-games-development-sector-surges-forward,"November 2017 to November 2018 bullet: 'from 13,277 to almost 14,353 full-time and full-time equivalent staff'",accepted extension,GB_tiga_fte_2017_GB_tiga2019_2017endpoint_4,Development/production support; prorated freelancers. Snapshot dates; no headcount or DCMS joins.,"Endpoint reported alongside November 2018. Existing packet already carries the later 2018 value as 14,353."
GB_tiga_fte,United Kingdom,GB,GB_tiga_fte,2018,November 2018,14353,FTE,estimated,GB_tiga2020,https://tiga.org/news/tiga-research-reveals-uk-video-games-industry-has-been-expanding-at-fastest-rate-ever-recorded,Employment key findings; methodology and FTE footnote,original,GB_tiga_fte_2018_GB_tiga2020_1,Development/production support; prorated freelancers. Snapshot dates; no headcount or DCMS joins.,
GB_tiga_fte,United Kingdom,GB,GB_tiga_fte,2020,April 2020,16836,FTE,estimated,GB_tiga2020,https://tiga.org/news/tiga-research-reveals-uk-video-games-industry-has-been-expanding-at-fastest-rate-ever-recorded,Employment key findings; methodology and FTE footnote,original,GB_tiga_fte_2020_GB_tiga2020_2,Development/production support; prorated freelancers. Snapshot dates; no headcount or DCMS joins.,
GB_tiga_fte,United Kingdom,GB,GB_tiga_fte,2021,December 2021,20975,FTE,estimated,GB_tiga2023,https://tiga.org/news/studio-numbers-employment-rise-in-uk-video-games-industry-new-tiga-research,Employment key findings; methodology and FTE footnote,original,GB_tiga_fte_2021_GB_tiga2023_3,Development/production support; prorated freelancers. Snapshot dates; no headcount or DCMS joins.,
GB_tiga_fte,United Kingdom,GB,GB_tiga_fte,2023,April 2023,24155,FTE,estimated,GB_tiga2023,https://tiga.org/news/studio-numbers-employment-rise-in-uk-video-games-industry-new-tiga-research,Employment key findings; methodology and FTE footnote,original,GB_tiga_fte_2023_GB_tiga2023_4,Development/production support; prorated freelancers. Snapshot dates; no headcount or DCMS joins.,
GB_tiga_fte,United Kingdom,GB,GB_tiga_fte,2024,May 2024,25419,FTE,estimated,GB_tiga2024,https://tiga.org/news/weathering-the-storm-tiga-research-reveals-uk-games-dev-sector-continues-to-grow-despite-global-sector-downturn,Employment key findings; methodology and FTE footnote,original,GB_tiga_fte_2024_GB_tiga2024_5,Development/production support; prorated freelancers. Snapshot dates; no headcount or DCMS joins.,
GB_tiga_people,United Kingdom,GB,GB_tiga_people,2017,November 2017,15851,people,accepted_primary_verified,GB_tiga2019_2017endpoint,https://tiga.org/news/the-uk-video-games-development-sector-surges-forward,"November 2017 to November 2018 bullet: 'total games development workforce, including contractors, grew from 15,851 to 16,532'",accepted extension,GB_tiga_people_2017_GB_tiga2019_2017endpoint_5,"Development workforce incl contractors, without FTE prorating. Snapshot dates; no FTE or DCMS joins.","Endpoint reported alongside November 2018. Existing packet already carries the later 2018 value as 16,532."
GB_tiga_people,United Kingdom,GB,GB_tiga_people,2018,November 2018,16532,people,estimated,GB_tiga2020,https://tiga.org/news/tiga-research-reveals-uk-video-games-industry-has-been-expanding-at-fastest-rate-ever-recorded,Workforce including freelancers bullet,original,GB_tiga_people_2018_GB_tiga2020_6,"Development workforce incl contractors, without FTE prorating. Snapshot dates; no FTE or DCMS joins.",
GB_tiga_people,United Kingdom,GB,GB_tiga_people,2020,April 2020,18279,people,estimated,GB_tiga2020,https://tiga.org/news/tiga-research-reveals-uk-video-games-industry-has-been-expanding-at-fastest-rate-ever-recorded,Workforce including freelancers bullet,original,GB_tiga_people_2020_GB_tiga2020_7,"Development workforce incl contractors, without FTE prorating. Snapshot dates; no FTE or DCMS joins.",
GB_tiga_people,United Kingdom,GB,GB_tiga_people,2023,April 2023,25026,people,estimated,GB_tiga2023,https://tiga.org/news/studio-numbers-employment-rise-in-uk-video-games-industry-new-tiga-research,Workforce including freelancers bullet,original,GB_tiga_people_2023_GB_tiga2023_8,"Development workforce incl contractors, without FTE prorating. Snapshot dates; no FTE or DCMS joins.",
GB_tiga_people,United Kingdom,GB,GB_tiga_people,2024,May 2024,28516,people,estimated,GB_tiga2024,https://tiga.org/news/weathering-the-storm-tiga-research-reveals-uk-games-dev-sector-continues-to-grow-despite-global-sector-downturn,Workforce including freelancers bullet,original,GB_tiga_people_2024_GB_tiga2024_9,"Development workforce incl contractors, without FTE prorating. Snapshot dates; no FTE or DCMS joins.",
GB_tiga_people,United Kingdom,GB,GB_tiga_people,2025,September 2025,27347,people,estimated,GB_tiga2025,https://tiga.org/news/uk-games-dev-sector-suffers-sharpest-recorded-decline-as-tiga-calls-on-government-to-boost-video-games-expenditure-credit,Workforce including freelancers bullet,original,GB_tiga_people_2025_GB_tiga2025_10,"Development workforce incl contractors, without FTE prorating. Snapshot dates; no FTE or DCMS joins.",
JP_census_3914_required_items,Japan,JP,JP_census_3914_required_items,2012,1 February 2012,9452,persons engaged,accepted standalone classified-establishment observation,,https://www.stat.go.jp/data/e-census/2012/kakuho/pdf/service.pdf,"PDF page2 / printed page1, Table I-1, JSIC3914 row",accepted extension,JP_census_3914_required_items_2012,JSIC3914 establishments with required responses; management-only sites excluded. 1 Feb 2012 / 1 Jun 2016. Not whole games industry.,
JP_census_3914_required_items,Japan,JP,JP_census_3914_required_items,2016,1 June 2016,18216,persons engaged,accepted classified-establishment census observation,,https://www.e-stat.go.jp/stat-search/file-download?statInfId=000031674378&fileKind=1,"Official e-Stat download, Table 1, row '3914 ゲームソフトウェア業': establishment count 256; persons engaged 18,216. Official results overview p. 2, item 4: same industry-tabulation exclusion rule.",accepted extension,JP_census_3914_required_items_2016,JSIC3914 establishments with required responses; management-only sites excluded. 1 Feb 2012 / 1 Jun 2016. Not whole games industry.,
US_legacy_siwek_all_establishments,United States,US,US_legacy_siwek_all_establishments,2009,2009 annual estimate,33140,people,accepted source-reported estimate,US_esa2014_legacy,https://www.igea.net/wp-content/uploads/2014/11/VideoGames21stCentury_2014.pdf,"printed p. 14, Table D-2",accepted extension,US_legacy_siwek_all_establishments_2009_US_esa2014_0,ESA2014 modeled all-worker pair only. Keep reported 42975 despite component discrepancy. No other ESA vintage joins.,Table D-2 labels this as total direct employment for all workers.
US_legacy_siwek_all_establishments,United States,US,US_legacy_siwek_all_establishments,2012,2012 annual estimate,42975,people,accepted source-reported estimate,US_esa2014_legacy,https://www.igea.net/wp-content/uploads/2014/11/VideoGames21stCentury_2014.pdf,"printed p. 14, Table D-2",accepted extension,US_legacy_siwek_all_establishments_2012_US_esa2014_1,ESA2014 modeled all-worker pair only. Keep reported 42975 despite component discrepancy. No other ESA vintage joins.,"Retain the source-reported Table D-2 value of 42,975; record the one-person arithmetic inconsistency rather than replacing it with a calculated value."
US_mapping_2017_2013_2015,United States,US,US_mapping_2017,2013,2013 ESA Mapping Project observation,56712,people,accepted reported mapping observation,US_esa2017,https://www.theesa.com/wp-content/uploads/2024/02/2017-EIR-National-Report.pdf,"printed p. 19, Tables E-1/E-2",accepted extension,US_mapping_2017_2013_US_esa2017_existing_0,Source mapping history with changing coverage; excludes missing employment/founding-year data. Do not connect to wider 2016 universe.,"E-1 reports 1,296 locations reporting employment."
US_mapping_2017_2013_2015,United States,US,US_mapping_2017,2014,2014 ESA Mapping Project observation,58963,people,accepted reported mapping observation,US_esa2017,https://www.theesa.com/wp-content/uploads/2024/02/2017-EIR-National-Report.pdf,"printed p. 19, Table E-2",accepted extension,US_mapping_2017_2014_US_esa2017_existing_1,Source mapping history with changing coverage; excludes missing employment/founding-year data. Do not connect to wider 2016 universe.,Intermediate year in Table E-2; source reports a 2.88 percent compound annual growth rate from 2013 to 2015.
US_mapping_2017_2013_2015,United States,US,US_mapping_2017,2015,2015 ESA mapping observation,60031,people,reported,US_esa2017,https://www.theesa.com/wp-content/uploads/2024/02/2017-EIR-National-Report.pdf,p19 Tables E-1/E-2,original,US_mapping_2017_2015_US_esa2017_0,Source mapping history with changing coverage; excludes missing employment/founding-year data. Do not connect to wider 2016 universe.,"p14 calls impact year 2015; p19 explicitly describes 65,678 as 2016. Use 2016 for latest mapping total; 2015 table has 60,031."
