iso2,country,source_id,title,publisher,url,record_origin,checked_date,access_status,recorded_years,undated_observations,series_ids,units,methodology,assessment,trend_eligible_series,source_note,backward_forward_status
AU,Australia,AU_agds2024,Australian Game Development Survey FY2024,IGEA; Bond University,https://igea.net/wp-content/uploads/2024/12/AGDS-2024-Report-Final.pdf,original country packet,2026-09-09,full_source,2016;2017;2019;2020;2021;2022;2023;2024,0,AU_igea_survey,source_reported_full_time_employment,"Voluntary studio survey, changing respondent pool; no verified full-population expansion for historical series.",Financial years ending 30 June. Changing studio samples; no continuous population estimate or index.,,December 2024 release; exact publication day not confirmed in PDF.,Original coverage imported; archive extension not yet reviewed in this pass.
AU,Australia,AU_agds2025,Australian Game Development Industry Snapshot FY2025,IGEA; Bond University,https://igea.net/wp-content/uploads/2026/03/AGD-2025-Standalone-Infographic.pdf,original country packet,2026-09-09,full_source,2025,0,AU_igea_augmented,source_reported_full_time_employment,FY2025 voluntary responses from 141 studios plus third-party estimates for selected nonrespondents (FAQ). Not a demonstrated exhaustive national census.,Methodology break from historical survey. Source_native total retained; do not calculate a consistent 2024-25 decline.,,,Original coverage imported; archive extension not yet reviewed in this pass.
AU,Australia,AU_faq2025,FAQ: Australian game development survey FY2025 results,IGEA,https://igea.net/wp-content/uploads/2026/03/FAQ-Australian-game-development-survey-FY2025-results.pdf,original country packet,2026-09-09,full_source,,0,,,,,,,Original coverage imported; archive extension not yet reviewed in this pass.
AU,Australia,AU_abs2022,"Film, Television and Digital Games, Australia, 2021-22",Australian Bureau of Statistics,https://www.abs.gov.au/statistics/industry/technology-and-innovation/film-television-and-digital-games-australia/latest-release,original country packet,2026-09-09,full_source,2016;2022,0,AU_abs_headcount,people,Census of known digital game development businesses; ABS Business Register plus industry sources. Last pay period ending June. Scope/classification changes require caution across survey years.,"Headcount snapshots, no 2019 baseline. ABS cautions comparisons to 2015-16 as categories changed; do not join to IGEA.",,,Original coverage imported; archive extension not yet reviewed in this pass.
AU,Australia,AU_absmethod2022,"Film, Television and Digital Games methodology, 2021-22",Australian Bureau of Statistics,https://www.abs.gov.au/methodologies/film-television-and-digital-games-australia-methodology/2021-22-financial-year,original country packet,2026-09-09,full_source,,0,,,,,,,Original coverage imported; archive extension not yet reviewed in this pass.
BR,Brazil,BR_survey2022,Pesquisa da indústria brasileira de games 2022,Abragames / ApexBrasil / Homo Ludens,https://www.abragames.org/uploads/5/6/8/0/56805537/abragames-pt.pdf,original country packet,2026-09-09,full_source,2018;2022,0,BR_developer_people;BR_sample_people;BR_outsourced_count;BR_outsourced_share;BR_foreign_sample,people; percent,"Firm mapping and respondent mean employment for formal/non-formal groups, extrapolated by report authors to mapped developer universe. | Observed sum in sampled developer firms; not extrapolated. | Sum of on-site, remote and hybrid counts in work-regime table. | Reported share or explicit table arithmetic, marked per observation. | Employer-reported diversity count","Discrete survey estimates with changing mapped coverage and respondent composition. 2018 historical chart contradicts table; use table 4,234 confirmed in 2022 and 2023. Not FTE or payroll-only national employment. | Changing sample, never substitute for estimated national workforce. | Sample count only. No cross-year cohort consistency, deduplication of individuals across employers or worker-location coverage established. | Denominators differ and samples change. Cannot gross up by national developer headcount or infer employee-to-freelancer substitution. | Not a national foreign-national estimate and not comparable across changed respondents. Do not multiply sample proportions into national workforce.",,Portuguese primary report. Different financial and current-workforce reference periods; employment table explicitly labels 2018 and 2022.,Original coverage imported; archive extension not yet reviewed in this pass.
BR,Brazil,BR_survey2023,Brazilian Gaming Industry Survey 2023,Abragames / ApexBrasil / Homo Ludens,https://brazilgames.org/wp-content/uploads/2025/03/2023-relatorio-final-v4.3.3-ENG.pdf,original country packet,2026-09-09,full_source,2023,0,BR_developer_people;BR_sample_people;BR_outsourced_count;BR_outsourced_share;BR_foreign_sample,people; percent,"Firm mapping and respondent mean employment for formal/non-formal groups, extrapolated by report authors to mapped developer universe. | Observed sum in sampled developer firms; not extrapolated. | Sum of on-site, remote and hybrid counts in work-regime table. | Reported share or explicit table arithmetic, marked per observation. | Employer-reported diversity count","Discrete survey estimates with changing mapped coverage and respondent composition. 2018 historical chart contradicts table; use table 4,234 confirmed in 2022 and 2023. Not FTE or payroll-only national employment. | Changing sample, never substitute for estimated national workforce. | Sample count only. No cross-year cohort consistency, deduplication of individuals across employers or worker-location coverage established. | Denominators differ and samples change. Cannot gross up by national developer headcount or infer employee-to-freelancer substitution. | Not a national foreign-national estimate and not comparable across changed respondents. Do not multiply sample proportions into national workforce.",,"English primary edition of 2023 survey, released subsequently; upload year 2025 is not observation year. Uses 2022 for much activity data but employment section explicitly estimates 2023.",Original coverage imported; archive extension not yet reviewed in this pass.
BR,Brazil,BR_survey2018,II Census of the Brazilian Digital Games Industry: Summary,Brazilian Ministry of Culture / survey authors; hosted by Abragames,https://www.abragames.org/uploads/5/6/8/0/56805537/af-iicenso-summary_2.pdf,original country packet,2026-09-09,public_summary,2018,0,BR_sample_people,people,Observed sum in sampled developer firms; not extrapolated.,"Changing sample, never substitute for estimated national workforce.",,"Sample count 2,731 people; later survey table instead sums 2,238 formal +492 informal=2,730. Do not substitute sample total for national estimate.",Original coverage imported; archive extension not yet reviewed in this pass.
CA,Canada,CA_statcan2025,A profile of the video game industry in the Canadian provinces,Statistics Canada,https://www150.statcan.gc.ca/n1/pub/36-28-0001/2025008/article/00001-eng.htm,original country packet,2026-09-09,full_source,2015;2016;2017;2018;2019;2020;2021;2022,0,CA_statcan_ilu,ILU,"Linked business registry and tax microdata. One ILU per T4 recipient per year; split between firms when multiple T4s, including firms outside games.","Consistent annual unit, but ILU is neither FTE nor point-in-time headcount. Use Table 3 values: adjacent prose incorrectly describes a 2022 total decline.",CA_statcan_ilu,,Original coverage imported; archive extension not yet reviewed in this pass.
CA,Canada,CA_esac2015,Canada’s Video Game Industry in 2015,ESAC / Nordicity,https://theesa.ca/wp-content/uploads/2022/11/ESAC-Video-Games-Profile-2015-FINAL.pdf,original country packet,2026-09-09,full_source,2015,1,CA_esac_2015_undated;CA_immigration_share,FTE; percent,Nordicity company survey and mapped industry universe; size/region gross-up and economic-impact modelling. | Employer-reported current workforce status shares,"Executive summary says 2015, direct employment section explicitly says 2014. Year left null; do not place automatically on 2015 axis. | Naturalized citizens are Canadian citizens; never count them as foreign nationals. Permanent residence and TFW status do not equal place of birth. No national gross-up.",,Report edition is not necessarily observation calendar year; upload paths may reflect migration.,Original coverage imported; archive extension not yet reviewed in this pass.
CA,Canada,CA_esac2017,Canada’s Video Game Industry 2017,ESAC / Nordicity,https://theesa.ca/wp-content/uploads/2022/11/ESAC-Video-Games-in-Canada-Profile-2017_FINAL.pdf,original country packet,2026-09-09,full_source,2017,0,CA_esac_legacy,FTE,Nordicity company survey and mapped industry universe; size/region gross-up and economic-impact modelling.,2017 and 2019 survey vintages; 2021 original retained but superseded by revised estimate. Dates can mean prior fiscal year or survey-year business status. Cannot join revised 2021/2024 as an unbroken method.,,Report edition is not necessarily observation calendar year; upload paths may reflect migration.,Original coverage imported; archive extension not yet reviewed in this pass.
CA,Canada,CA_esac2021,The Canadian Video Game Industry 2021,ESAC / Nordicity,https://theesa.ca/wp-content/uploads/2022/10/esac-2021-final-report.pdf,original country packet,2026-09-09,full_source,2017;2019;2021,0,CA_esac_legacy;CA_contract_share,FTE; percent,Nordicity company survey and mapped industry universe; size/region gross-up and economic-impact modelling. | Company-survey workforce composition; report presents estimated shares.,2017 and 2019 survey vintages; 2021 original retained but superseded by revised estimate. Dates can mean prior fiscal year or survey-year business status. Cannot join revised 2021/2024 as an unbroken method. | Changing respondents and model weights; cannot multiply these shares into StatCan ILUs or national headcount.,,Report edition is not necessarily observation calendar year; upload paths may reflect migration.,Original coverage imported; archive extension not yet reviewed in this pass.
CA,Canada,CA_esac2024,Canada’s Video Game Industry 2024,ESAC / Nordicity,https://theesa.ca/wp-content/uploads/2025/01/CVGI_2024_EN_FINAL.pdf,original country packet,2026-09-09,full_source,2021;2024,0,CA_esac_revised;CA_contract_share,FTE; percent,Nordicity company survey and mapped industry universe; size/region gross-up and economic-impact modelling. | Company-survey workforce composition; report presents estimated shares.,"2024 method adds eight company-size strata; source reapplied method to 2021, making this pair comparable. Reference periods 2020-21 and 2023-24. | Changing respondents and model weights; cannot multiply these shares into StatCan ILUs or national headcount.",CA_esac_revised,Report edition is not necessarily observation calendar year; upload paths may reflect migration.,Original coverage imported; archive extension not yet reviewed in this pass.
CN,China,CN_cng2025,2025 game industry new productive forces development report,CNG / 伽马数据,https://pdf.dfcfw.com/pdf/H3_AP202507181711204583_1.pdf?1752858662000.pdf=,original country packet,2026-09-09,full_source,2021;2022;2023;2024;2025,0,CN_listed_panel,people,CNG selected-company aggregation; constituent panel and territorial allocation not disclosed on chart.,"Company panel excluded from national core chart and index; cannot infer country employment contraction. Eligible only for a clearly labelled source-native snapshot, sample or context chart; not a comparable domestic core trend.",,Primary CNG report mirrored by Eastmoney; latest H 1 2025 figure explicitly marked E (estimate).,Original coverage imported; archive extension not yet reviewed in this pass.
CN,China,CN_people2019,Report on electronic games and social change,People.com.cn,https://society.people.com.cn/n1/2019/0626/c1008-31197329.html,original country packet,2026-09-09,secondary_only,2018,0,CN_broad_2018_claim,people,Source estimate; detailed methodology not publicly specified,Secondary attributed national figure with undefined scope; cannot compare with CNG listed-company panel.,,,Original coverage imported; archive extension not yet reviewed in this pass.
CY,Cyprus,CY_cygma2025,Cyprus Video Game Industry Report 2025,CYGMA; CBusiness Advisors; Registrar of Companies and CYSTAT,https://cygma.eu/wp-content/uploads/2026/08/Cyprus-Video-Game-Industry-Report-2025_by-CYGMA.pdf,original country packet,2026-09-09,full_source,2019;2020;2021;2022;2023;2024,0,CY_local,people,Company and tax/statistical data assembled by CBusiness Advisors. Report identifies broad NACE classification and omitted-head-office issues.,"Current review: suspend CY_local from domestic games comparisons. CYGMA p15 calls these local tax-paying game-publishing jobs, but the cited Footprint p9 gives identical values as publishing employment and explicitly leaves local/remote worker location unresolved. Scope and geography conflict; values remain archived, not independently validated. Original assessment: Continuous 2019-2024 chart from one report vintage; domestic tax employment is explicit. Index is a within-series change only. Pure core scope and contractor coverage remain imperfect.",,,Reviewed 2026-09-19; eligibility suspended pending source reconciliation.
DE,Germany,DE_game2025,Annual report of the German games industry 2025,game,https://www.game.de/wp-content/uploads/2025/08/Annual-report-of-the-German-games-industry-2025-1.pdf,original country packet,2026-09-09,full_source,2020;2021;2022;2023;2024;2025,0,DE_core,people,"gamesmap database, industry monitoring and extrapolation;May snapshots",Core market only. Snapshot year differs from financial observation-year series abroad. Persistent gamesmap concept; underlying population evolves.,DE_core,,Original coverage imported; archive extension not yet reviewed in this pass.
DE,Germany,DE_game2018,Beschäftigte in der deutschen Gamesbranche 2015–2018,game,https://www.game.de/marktdaten/beschaeftigte-in-der-deutschen-gamesbranche-2015-2018/,original country packet,2026-09-09,full_source,2015;2016;2017;2018,0,DE_core,people,"gamesmap database, industry monitoring and extrapolation;May snapshots",Core market only. Snapshot year differs from financial observation-year series abroad. Persistent gamesmap concept; underlying population evolves.,DE_core,,Original coverage imported; archive extension not yet reviewed in this pass.
DE,Germany,DE_game2019,Jahresreport 2019,game,https://www.game.de/wp-content/uploads/2018/08/game-Jahresreport-2019_web.pdf,original country packet,2026-09-09,full_source,2019,0,DE_core,people,"gamesmap database, industry monitoring and extrapolation;May snapshots",Core market only. Snapshot year differs from financial observation-year series abroad. Persistent gamesmap concept; underlying population evolves.,DE_core,,Original coverage imported; archive extension not yet reviewed in this pass.
DE,Germany,DE_game2026,Annual Report of the German Games Industry 2026,game,https://www.game.de/wp-content/uploads/2026/08/Annual-Report-of-the-German-Games-Industry-2026.pdf,original country packet,2026-09-09,full_source,2026,0,DE_2026_unresolved,people,Association industry compilation,Latest narrative number cannot be reconciled with chart or reported decline. Keep nonpreferred evidence; do not calculate growth.,,Internally inconsistent: prose 12235; chart labels 12134 in both 2025 and 2026; headline minus 3%. Rendered and visually verified.,Original coverage imported; archive extension not yet reviewed in this pass.
DK,Denmark,DK_dip2024,Danske Indholdsproducenter 2024,Producentforeningen / Statistics Denmark,https://gamesdenmark.dk/wp-content/uploads/2024/09/Danske-Indholdsproducenter2024.pdf,original country packet,2026-09-09,full_source,2017;2018;2019;2020;2021;2022,0,DK_payroll_fte,FTE,Statistics Denmark registry linked to manually selected producer company population,"2024 edition reconstructs five previous years. Company population revised in 2021; use within-edition history, not naive edition splicing.",DK_payroll_fte,,Original coverage imported; archive extension not yet reviewed in this pass.
DK,Denmark,DK_interactive_latest,Danske Indholdsproducenter: interactive tables,Producentforeningen,https://public.tableau.com/workbooks/DanskeIndholdsproducenter2025.twb,original country packet,2026-09-09,full_source,,0,,,,"Initial .twbx request 404; correct .twb endpoint returned packaged workbook. Extracts updated 24 June 2026. All three contain only FILM/TV/REKLAME, and Metode says these are the three included industries. Public landing updated 3 July 2026. No games employment can be read from this workbook because that segment is absent, not because access failed.",,"Initial .twbx request 404; correct .twb endpoint returned packaged workbook. Extracts updated 24 June 2026. All three contain only FILM/TV/REKLAME, and Metode says these are the three included industries. Public landing updated 3 July 2026. No games employment can be read from this workbook because that segment is absent, not because access failed.",Original coverage imported; archive extension not yet reviewed in this pass.
DK,Denmark,DK_dip2018,Danske Indholdsproducenter i tal 2018,Producentforeningen / Statistics Denmark,https://pro-f.dk/sites/default/files/2021-10/Danske%20Indholdsproducenter%20i%20tal%202018_0_1.pdf,original country packet,2026-09-09,full_source,2015;2016;2017,0,DK_payroll_fte_v2018,FTE,Statistics Denmark special extraction on selected company CVR numbers,"Separate historical vintage. Do not splice with 2021 or 2024 editions: population changed. 2017 old value 1,009 differs from 2024 vintage 737.",DK_payroll_fte_v2018,"2018 publication, later archive upload. Pre 2019 methodology, before 2021 narrowing to core producers.",Original coverage imported; archive extension not yet reviewed in this pass.
DK,Denmark,DK_dip2021,Danske Indholdsproducenter Marts 2021,Producentforeningen / HBS Economics / Statistics Denmark,https://producentforeningen.dk/sites/default/files/2021-08/Danske%20Indholdsproducenter%202021_0.pdf,original country packet,2026-09-09,full_source,2016;2017;2018;2019,0,DK_payroll_fte_v2021,FTE,"Statistics Denmark business register, HBS Economics and manual industry selection; retrospective 2019 cohort",2016–2019 within-vintage history; not a year-by-year complete historical population. 2021 report expressly warns against edition comparison.,DK_payroll_fte_v2021,"March 2021 edition. Updated 2019 population; narrows to core content producers, reclassifies some game firms as Interactive.",Original coverage imported; archive extension not yet reviewed in this pass.
ES,Spain,ES_dev2025,Libro Blanco 2025,DEV,https://dev.org.es/wp-content/uploads/2026/07/2025_LIBRO_BLANCO_DEV.pdf,original country packet,2026-09-09,full_source,2020;2021;2022;2023;2024,0,ES_direct;ES_external_freelancers;ES_permanent_contract_share,people; percent,DEV studio survey and estimation | DEV survey estimate | Association industry compilation,Domestic development-company workers; precise handling of owners and cross-border direct staff not fully specified. Retrospective direct series; explicit external freelancers separated. | Studios also outsource abroad; do not assume all freelancers reside in Spain | Contract permanence not freelancer share,ES_direct;ES_external_freelancers,,Original coverage imported; archive extension not yet reviewed in this pass.
ES,Spain,ES_dev2023,Libro Blanco 2023,DEV,https://www.oficinamediaespana.eu/images/media_europa/2023_libro_blanco_dev_digital_media.pdf,original country packet,2026-09-09,full_source,2015;2016;2017;2018;2019;2022,0,ES_direct;ES_permanent_contract_share,people; percent,DEV studio survey and estimation | Association industry compilation,Domestic development-company workers; precise handling of owners and cross-border direct staff not fully specified. Retrospective direct series; explicit external freelancers separated. | Contract permanence not freelancer share,ES_direct,"Primary DEV report hosted by Spanish Creative Europe MEDIA office; publication 2024, exact date unverified",Original coverage imported; archive extension not yet reviewed in this pass.
ES,Spain,ES_dev2020,Libro Blanco 2020,DEV,https://dev.org.es/wp-content/uploads/2026/06/libro-blanco-del-desarrollo-espanol-de-videojuegos-2020.pdf,original country packet,2026-09-09,full_source,2019,0,ES_external_freelancers;ES_foreign_origin_share;ES_eu_of_foreign;ES_permanent_contract_share,people; percent,DEV survey estimate | Association industry compilation,Studios also outsource abroad; do not assume all freelancers reside in Spain | Foreign origin is not automatically foreign citizenship. Survey year 2020 refers workforce 2019. | Nested subgroup; not 55% of all workers | Contract permanence not freelancer share,ES_external_freelancers,Archive relocation date 2026 is not original publication year; historical report.,Original coverage imported; archive extension not yet reviewed in this pass.
ES,Spain,ES_dev2018,Libro Blanco 2018,DEV,https://dev.org.es/wp-content/uploads/2026/06/Libro-Blanco-DEV-2018.pdf,original country packet,2026-09-09,full_source,2017,0,ES_external_freelancers;ES_permanent_contract_share,people; percent,DEV survey estimate | Association industry compilation,Studios also outsource abroad; do not assume all freelancers reside in Spain | Contract permanence not freelancer share,ES_external_freelancers,,Original coverage imported; archive extension not yet reviewed in this pass.
FI,Finland,FI_neogames2024,The Finnish Game Industry 2024,Neogames,https://neogames.fi/wp-content/uploads/2025/08/FinnishGameIndustryReport2024.pdf,original country packet,2026-09-09,full_source,2016;2018;2020;2022;2024,0,FI_studios_global;FI_domestic_2024_fte;FI_overseas;FI_domestic_derived;FI_nonfinnish_sample;FI_nonfinnish_estimate;FI_non_eu_eea_sample,people; FTE; percent,71 studio interviews supplemented by public sources; 185 studios with employee data in 2024 | Interviews and public-source employment compilation | Association industry compilation,Publisher labels total people; domestic 2024 component described as FTE. Not country-comparable; no 2019 baseline. | Reportp 12 explicitly uses FTE even though nearby passages call the same figure people; retained as FTE without conversion. | Separate overseas component | Subtract overseas from global; not independently verified as headcount versus FTE; excluded from cross-country charts | Different survey coverage by year; not grossed up to national or global counts | Publisher adjusts sample 37% to estimated 34–35% nationally | Sample composition changed between reports,FI_studios_global;FI_overseas;FI_domestic_derived,,Original coverage imported; archive extension not yet reviewed in this pass.
FR,France,FR_ey2025,Panorama des Industries Culturelles et Créatives 2025,EY / we are creative,https://www.artcena.fr/sites/default/files/medias/rapport-panorama-industries-culturelles-creatives-2025.pdf,original country packet,2026-09-09,full_source,2019;2020;2021;2022;2023;2024,0,FR_ey_direct_fte,FTE,"INSEE ESANE, company accounts in Diane, URSSAF and EY sector allocation",Domestic direct employee FTE. Games-specificp 54 exclusion of independent workers overrides the generic appendix discussion of non-salaried work. Preferred annual chart retains the consistent roundedp 56 series; exactp 54 endpoints 6674 and 9944 are separately preserved nonpreferred. No splice with older EY editions.,FR_ey_direct_fte,Published December 2025. Primary-authored report mirrored by ARTCENA. Full PDF inspected using web extraction; direct download 403. Revised methodology; older edition not comparable. Sector-specificp 54 explicitly excludes independent workers. Generic appendix coverage does not override this exclusion.,Original coverage imported; archive extension not yet reviewed in this pass.
FR,France,FR_snjv2024,Baromètre annuel du jeu vidéo 2024,Syndicat National du Jeu Vidéo,https://snjv.org/wp-content/uploads/2025/11/Barometre-du-jeu-video-2024.pdf,original country packet,2026-09-09,full_source,2022;2024,0,FR_sample_permanent;FR_sample_apprentices,percent,SNJV annual studio survey,Survey contract composition only; never multiplied by EY national FTE.,,"2024 observations, 2025 release. Excludes independent workers from mapped company population.",Original coverage imported; archive extension not yet reviewed in this pass.
GB,United Kingdom,GB_tiga2016,The UK Video Games Development Sector Soars to New Heights,TIGA / Games Investor Consulting,https://tiga.org/news/the-uk-video-games-development-sector-soars-to-new-heights,original country packet,2026-09-09,public_summary,2016,0,GB_tiga_fte,FTE,"GIC/TIGA company database with company-by-company verification, surveys and desk estimates for missing firms; each edition maps active businesses.","Survey endpoint snapshots, not annual averages. 2025 exact FTE not disclosed in inspected summary. No 2019 observation; never use 2018 or 2020 as 2019 baseline.",GB_tiga_fte,Primary press release; full report sold commercially. Public methods and headline figures inspected.,Original coverage imported; archive extension not yet reviewed in this pass.
GB,United Kingdom,GB_tiga2024,"WEATHERING THE STORM: TIGA research reveals UK games dev sector continues to grow, despite global sector downturn",TIGA / Games Investor Consulting,https://tiga.org/news/weathering-the-storm-tiga-research-reveals-uk-games-dev-sector-continues-to-grow-despite-global-sector-downturn,original country packet,2026-09-09,public_summary,2023;2024,0,GB_tiga_fte;GB_tiga_people;GB_tiga_freelancers,FTE; people,"GIC/TIGA company database with company-by-company verification, surveys and desk estimates for missing firms; each edition maps active businesses.","Survey endpoint snapshots, not annual averages. 2025 exact FTE not disclosed in inspected summary. No 2019 observation; never use 2018 or 2020 as 2019 baseline. | Total workforce including freelancers. Public releases use headcount rather than FTE. Contractor location/deduplication across firms not fully explained publicly. | 2025 is explicitly more than 4,245, not an exact point. Do not subtract lower bound from total to estimate employees.",GB_tiga_fte;GB_tiga_people;GB_tiga_freelancers,Primary press release; full report sold commercially. Public methods and headline figures inspected.,Original coverage imported; archive extension not yet reviewed in this pass.
GB,United Kingdom,GB_tiga2025,UK games dev sector suffers sharpest recorded decline as TIGA calls on Government to boost Video Games Expenditure Credit,TIGA / Games Investor Consulting,https://tiga.org/news/uk-games-dev-sector-suffers-sharpest-recorded-decline-as-tiga-calls-on-government-to-boost-video-games-expenditure-credit,original country packet,2026-09-09,public_summary,2025,0,GB_tiga_people;GB_tiga_freelancers,people,"GIC/TIGA company database with company-by-company verification, surveys and desk estimates for missing firms; each edition maps active businesses.","Total workforce including freelancers. Public releases use headcount rather than FTE. Contractor location/deduplication across firms not fully explained publicly. | 2025 is explicitly more than 4,245, not an exact point. Do not subtract lower bound from total to estimate employees.",GB_tiga_people;GB_tiga_freelancers,Primary press release; full report sold commercially. Public methods and headline figures inspected.,Original coverage imported; archive extension not yet reviewed in this pass.
GB,United Kingdom,GB_tiga2020,Making Games in the UK 2020: public research release,TIGA / Games Investor Consulting,https://tiga.org/news/tiga-research-reveals-uk-video-games-industry-has-been-expanding-at-fastest-rate-ever-recorded,original country packet,2026-09-09,public_summary,2018;2020,0,GB_tiga_fte;GB_tiga_people,FTE; people,"GIC/TIGA company database with company-by-company verification, surveys and desk estimates for missing firms; each edition maps active businesses.","Survey endpoint snapshots, not annual averages. 2025 exact FTE not disclosed in inspected summary. No 2019 observation; never use 2018 or 2020 as 2019 baseline. | Total workforce including freelancers. Public releases use headcount rather than FTE. Contractor location/deduplication across firms not fully explained publicly.",GB_tiga_fte;GB_tiga_people,,Original coverage imported; archive extension not yet reviewed in this pass.
GB,United Kingdom,GB_tiga2023,Making Games in the UK 2023: public research release,TIGA / Games Investor Consulting,https://tiga.org/news/studio-numbers-employment-rise-in-uk-video-games-industry-new-tiga-research,original country packet,2026-09-09,public_summary,2021;2023,0,GB_tiga_fte;GB_tiga_people,FTE; people,"GIC/TIGA company database with company-by-company verification, surveys and desk estimates for missing firms; each edition maps active businesses.","Survey endpoint snapshots, not annual averages. 2025 exact FTE not disclosed in inspected summary. No 2019 observation; never use 2018 or 2020 as 2019 baseline. | Total workforce including freelancers. Public releases use headcount rather than FTE. Contractor location/deduplication across firms not fully explained publicly.",GB_tiga_fte;GB_tiga_people,,Original coverage imported; archive extension not yet reviewed in this pass.
GB,United Kingdom,GB_dcms2026,Economic Estimates: DCMS Sectors Employment 2011-2025,"Department for Culture, Media and Sport",https://www.gov.uk/government/statistics/economic-estimates-employment-january-2025-to-december-2025-for-dcms-sectors,original country packet,2026-09-09,full_source,2015;2016;2017;2018;2019;2020;2021;2022;2023;2024;2025,0,GB_dcms_jobs,jobs,"ONS Annual Population Survey weighted estimates, calendar-year mean. Source values in thousands, converted to jobs by multiplying by 1,000.","Official statistics in development; accreditation suspended August 2025 over APS quality. Plot with uncertainty, not as reliable annual hiring/layoff change; do not combine with TIGA or use in headline index.",,ODS link https://assets.publishing.service.gov.uk/media/6a57aba49e63154454413790/Economic_Estimates_DCMS_Sectors_Employment_2011_2025.ods ; decoded cell snapshot saved beside original.,Original coverage imported; archive extension not yet reviewed in this pass.
GB,United Kingdom,GB_dcms2026_methods,DCMS Employment 2025 technical and quality assurance report,"Department for Culture, Media and Sport",https://www.gov.uk/government/statistics/economic-estimates-employment-january-2025-to-december-2025-for-dcms-sectors/economic-estimates-employment-in-the-dcms-sectors-january-2025-to-december-2025-technical-and-quality-assurance-report,original country packet,2026-09-09,full_source,,0,,,,Annual average filled jobs based on APS; 2025 accreditation suspension due to volatility and small samples.,,Annual average filled jobs based on APS; 2025 accreditation suspension due to volatility and small samples.,Original coverage imported; archive extension not yet reviewed in this pass.
GB,United Kingdom,GB_ukie2022,UK Games Industry Census 2022,Ukie / University of Sheffield,https://cms.ukie.org.uk/wp-content/uploads/2025/05/Ukie-Diversity-Census-Report-2022-6_compressed.pdf,original country packet,2026-09-09,full_source,2021,0,GB_ukie_freelancer_share;GB_ukie_nationality_share,percent,"Employer links and open-link recruitment; respondent shares, not population census.","Recruitment changes from 36% open link in 2021 to 71% in 2025-26. No national gross-up, no causal interpretation of differences, and no summed foreign-national share where categories can overlap.",,Full report inspected through public PDF parser. Local download returned 403; verified extract saved. Published March 2022; surveyed autumn 2021.,Original coverage imported; archive extension not yet reviewed in this pass.
GB,United Kingdom,GB_ukie2025,UK Games Industry Workforce Demographics Survey 2025,Ukie / University of Sheffield,https://cms.ukie.org.uk/wp-content/uploads/2026/07/UK-Games-Industry-Workforce-Demographics-Survey-2025.pdf,original country packet,2026-09-09,full_source,2025,0,GB_ukie_freelancer_share;GB_ukie_nationality_share,percent,"Employer links and open-link recruitment; respondent shares, not population census.","Recruitment changes from 36% open link in 2021 to 71% in 2025-26. No national gross-up, no causal interpretation of differences, and no summed foreign-national share where categories can overlap.",,Full report inspected through public PDF parser. Local download returned 403; verified extract saved. July 2026 report; survey November 2025-January 2026.,Original coverage imported; archive extension not yet reviewed in this pass.
ID,Indonesia,ID_komdigi2024,Peta Ekosistem Industri Gim Indonesia 2024: Menuju Transformasi Ekonomi Digital Nasional 2025+,Directorate General of Digital Ecosystem; author Maulana Akbar (BRIN),https://www.researchgate.net/publication/396196002_Peta_Ekosistem_Industri_Gim_Indonesia_2024_Menuju_Transformasi_Ekonomi_Digital_Nasional_2025,original country packet,2026-09-09,public_summary,,2,ID_official_core_min;ID_broad_impact,people; jobs,Official ecosystem mapping study; public abstract omits sampling/extrapolation detail. | Economic impact modelling; not direct employment headcount.,"Lower-bound mapping result, no national completeness or precise observation date verified. Do not infer 2015 count by reversing stated growth. Eligible only for a clearly labelled source-native snapshot, sample or context chart; not a comparable domestic core trend. | Indirect/broad impact not comparable with core employment.",,Official book primary author abstract inspected on ResearchGate; full PDF download blocked. Published October 2025; exact day unknown.,Original coverage imported; archive extension not yet reviewed in this pass.
ID,Indonesia,ID_agate2025,The State of Indonesia’s Game Industry,Agate,https://agate.id/storage/2025/09/Agate-White-Paper-The-State-of-Indonesias-Game-Industry.pdf,original country packet,2026-09-09,full_source,,0,,,,"Primary industry report downloaded, but text layer is sparse and no additional verified national employment count extracted.",,"Primary industry report downloaded, but text layer is sparse and no additional verified national employment count extracted.",Original coverage imported; archive extension not yet reviewed in this pass.
IL,Israel,IL_gameis2021,"The Israeli Video Games Ecosystem, 2021 edition",Deloitte Israel and GameIS,https://www.vccafe.com/wp-content/uploads/2022/12/GameIS-Report-2021-0722.pdf,original country packet,2026-09-09,full_source,2017;2021,0,IL_ecosystem,people,"Company ecosystem mapping using Start-Up Nation, Crunchbase, PitchBook and company websites; no domestic reconciliation or sampling method exposed for aggregate.","Context-only snapshots. Unresolved geography and wider industry scope bar national ranking, trends and index.",,Original authored report preserved on a public mirror. Copyright 2022; contemporary Hebrew release dated 11 July 2022. Mirror upload December 2022 is not observation date.,Original coverage imported; archive extension not yet reviewed in this pass.
IN,India,IN_mibey2025,A studio called India,Ministry of Information and Broadcasting / EY,https://www.mib.gov.in/sites/default/files/2025-06/a-studio-called-india_0.pdf,original country packet,2026-09-09,full_source,,1,IN_ey2025,people,"EY/MESC estimates combining industry discussions, associations, secondary research and assumptions; p 122.",Undated current estimate and unresolved online-gaming/RMG boundary; excluded from dated domestic core comparison.,,Government-hosted primary research report. 2025 edition; exact publication day not verified. Methodology warns that significant assumptions underlie employment estimates.,Original coverage imported; archive extension not yet reviewed in this pass.
IN,India,IN_primus2025,India’s $9.2 B Gaming Boom: Powered by 591 M Players and AI,Primus Partners,https://primuspartners.in/docs/documents/India%E2%80%99s%209.2B%20Dollar%20Gaming%20Boom_Powered%20by%20591M%20Players%20and%20AI.pdf,original country packet,2026-09-09,full_source,,1,IN_primus2025,people,Report summary claim; reproducible employment estimation method not supplied alongside claim.,"130,000 claim is separate from EY 66,000 estimate, not a subsequent observation proving growth.",,,Original coverage imported; archive extension not yet reviewed in this pass.
JP,Japan,JP_cesa2025,CESA Game Industry Report 2025 release,CESA,https://www.cesa.or.jp/uploads/2025/release_game_industry_report2025.pdf,original country packet,2026-09-09,public_summary,,2,JP_core_range;JP_broad,people,Source estimate; detailed methodology not publicly specified,"Range only, observation year unresolved and hardware included. Do not map to 2024 or use a midpoint. Eligible only for a clearly labelled source-native snapshot, sample or context chart; not a comparable domestic core trend. | Not eligible for country trend comparison without a verified annual domestic core series.",,Full 462-page report is paid; public release inspected. No purchase. Employment paragraph does not specify observation year.,Original coverage imported; archive extension not yet reviewed in this pass.
JP,Japan,JP_cedec2024,Game developers employment and career formation 2024,CESA / CEDEC,https://www.cesa.or.jp/uploads/2025/info20250120-1.pdf,original country packet,2026-09-09,full_source,2024,0,JP_status_2024;JP_freelancers_2024,percent,Voluntary online survey; 2024-07-01 to 2024-09-02,"Shares describe respondents only. Changing samples cannot estimate national contractor trends. Eligible only for a clearly labelled source-native snapshot, sample or context chart; not a comparable domestic core trend.",,,Original coverage imported; archive extension not yet reviewed in this pass.
JP,Japan,JP_cedec2025,Game developers employment and career formation 2025,CESA / CEDEC,https://www.cesa.or.jp/uploads/2026/info20260106-2.pdf,original country packet,2026-09-09,full_source,2025,0,JP_status_2025;JP_freelancers_2025,percent,Voluntary online survey; 2025-06-02 to 2025-08-04,"Shares describe respondents only. Changing samples cannot estimate national contractor trends. Eligible only for a clearly labelled source-native snapshot, sample or context chart; not a comparable domestic core trend.",,,Original coverage imported; archive extension not yet reviewed in this pass.
KR,South Korea,KR_content2018,2018 Content Industry Statistics: game-industry extract,MCST / KOCCA,https://welcon.kocca.kr/cmm/fms/CrawlingFileDown.do?atchFileId=FILE_cd8dabeb-4b74-4f37-9b7f-121bfba576ab&fileSn=1,original country packet,2026-09-09,full_source,2015;2016;2017,0,KR_core;KR_broad;KR_core_status_2017,people,"Annual KOCCA/MCST industry statistical survey; source-reported national headcount estimates. | Annual KOCCA/MCST industry statistical survey. | Source-reported 2017 status distribution with 34,665 denominator.","Domestic development/publishing. Latest survey frame excludes operating firms with no revenue; when this rule began is unresolved. Index withheld because population-frame continuity is not fully audited. | Broad direct industry headcount, not comparable with core developer/publisher totals. | 2017 composition uses original-vintage denominator, not later revised total. Eligible only for a clearly labelled source-native snapshot, sample or context chart; not a comparable domestic core trend.",KR_core,2018 edition covers 2017. Exact publication day unverified.,Original coverage imported; archive extension not yet reviewed in this pass.
KR,South Korea,KR_white2019,"2019 White Paper on Korean Games, summary",MCST / KOCCA,https://welcon.kocca.kr/cmm/fms/CrawlingFileDown.do?atchFileId=FILE_7fde6d3f-d244-4e34-9269-cad836fd20ec&fileSn=1,original country packet,2026-09-09,full_source,2016;2017;2018,0,KR_core;KR_broad,people,Annual KOCCA/MCST industry statistical survey; source-reported national headcount estimates. | Annual KOCCA/MCST industry statistical survey.,"Domestic development/publishing. Latest survey frame excludes operating firms with no revenue; when this rule began is unresolved. Index withheld because population-frame continuity is not fully audited. | Broad direct industry headcount, not comparable with core developer/publisher totals.",KR_core,,Original coverage imported; archive extension not yet reviewed in this pass.
KR,South Korea,KR_white2020,"2020 White Paper on Korean Games, English summary",MCST / KOCCA,https://welcon.kocca.kr/cmm/fms/CrawlingFileDown.do?atchFileId=FILE_94d12cb2-a33a-4bea-abe6-f0afcf9b349d&fileSn=1,original country packet,2026-09-09,full_source,2017;2018;2019,0,KR_core;KR_broad,people,Annual KOCCA/MCST industry statistical survey; source-reported national headcount estimates. | Annual KOCCA/MCST industry statistical survey.,"Domestic development/publishing. Latest survey frame excludes operating firms with no revenue; when this rule began is unresolved. Index withheld because population-frame continuity is not fully audited. | Broad direct industry headcount, not comparable with core developer/publisher totals.",KR_core,,Original coverage imported; archive extension not yet reviewed in this pass.
KR,South Korea,KR_white2025,"2025 White Paper on Korean Games, English summary",MCST / KOCCA,https://welcon.kocca.kr/cmm/fms/CrawlingFileDown.do?atchFileId=FILE_d10cac1b-7647-42a3-b7eb-c5330bc2dfd9&fileSn=1,original country packet,2026-09-09,full_source,2021;2022;2023;2024,0,KR_core;KR_broad,people,Annual KOCCA/MCST industry statistical survey; source-reported national headcount estimates. | Annual KOCCA/MCST industry statistical survey.,"Domestic development/publishing. Latest survey frame excludes operating firms with no revenue; when this rule began is unresolved. Index withheld because population-frame continuity is not fully audited. | Broad direct industry headcount, not comparable with core developer/publisher totals.",KR_core,KOCCA portal posted English summary on 2026-05-27; underlying edition labelled 2025 and observation year 2024.,Original coverage imported; archive extension not yet reviewed in this pass.
KR,South Korea,KR_white2021,"2021 White Paper on Korean Games, English summary",MCST / KOCCA,https://welcon.kocca.kr/cmm/fms/CrawlingFileDown.do?atchFileId=FILE_573eeddc-9abe-4bfc-8377-a5614989a5b8&fileSn=1,original country packet,2026-09-09,full_source,2020,0,KR_core;KR_broad,people,Annual KOCCA/MCST industry statistical survey; source-reported national headcount estimates. | Annual KOCCA/MCST industry statistical survey.,"Domestic development/publishing. Latest survey frame excludes operating firms with no revenue; when this rule began is unresolved. Index withheld because population-frame continuity is not fully audited. | Broad direct industry headcount, not comparable with core developer/publisher totals.",KR_core,Original Korean White Paper publication announced 2021-12-20; exact publication day for English summary not verified.,Original coverage imported; archive extension not yet reviewed in this pass.
MY,Malaysia,MY_mdec2024,Southeast Asia Game Talent Economics Report 2024,Malaysia Digital Economy Corporation (MDEC),https://www.mdec.my/ms/static/pdf/digitalcontent/SEA-Game-Talent-Economics-Report%202024_FINAL.pdf,original country packet,2026-09-09,full_source,,0,,,,295 individual respondents and 48 studios across six countries. Country salary breakdowns are sample-based; no national worker total extracted.,,295 individual respondents and 48 studios across six countries. Country salary breakdowns are sample-based; no national worker total extracted.,Original coverage imported; archive extension not yet reviewed in this pass.
MY,Malaysia,MY_mdec2021,Southeast Asia Game Industry Report 2021,MDEC,https://www.mdec.my/static/pdf/digitalcontent/SEA-game-industry-report-2021.pdf,original country packet,2026-09-09,full_source,,0,,,,"Regional studio survey; foreign ownership means company ownership, not employee citizenship. External development/work-for-hire share refers to studio business activity, not freelancer headcount.",,"Regional studio survey; foreign ownership means company ownership, not employee citizenship. External development/work-for-hire share refers to studio business activity, not freelancer headcount.",Original coverage imported; archive extension not yet reviewed in this pass.
NL,Netherlands,NL_gm2024,Games Monitor 2024,Dutch Games Association / Dutch Game Garden / NEO Observatory,https://investgame.net/wp-content/uploads/2025/12/2025-12-17-GM24_losse_paginas.pdf,original country packet,2026-09-09,full_source,2018;2021;2023,1,NL_domestic_broad;NL_foreign_passport_estimate,jobs; percent,"LISA employment register, survey, company websites and LinkedIn cross-checks | Association industry compilation","Same published definition; most 2021–2023 decline is reclassification of company focus, not job loss. No 2019 observation. | Publisher estimate based on 2025 survey and supplementary company information. Observation date is not explicitly assigned; retained null.",NL_domestic_broad,"Primary-authored report publicly mirrored by InvestGame; survey conducted January/February 2025; employment observation 2023, despite report title 2024.",Original coverage imported; archive extension not yet reviewed in this pass.
NL,Netherlands,NL_gm2015,Games Monitor 2015,Dutch Game Garden / TNO / NEO Observatory,https://catalogus.boekman.nl/pub/P16-0091.pdf,original country packet,2026-09-09,full_source,2015,0,NL_domestic_broad,jobs,"LISA employment register, survey, company websites and LinkedIn cross-checks","Same published definition; most 2021–2023 decline is reclassification of company focus, not job loss. No 2019 observation.",NL_domestic_broad,Primary-authored report mirrored by Boekman. May 2015 LISAdata; survey 130 companies; estimated remaining 35 companies with missing employment.,Original coverage imported; archive extension not yet reviewed in this pass.
NO,Norway,NO_spill2024,Spillrapporten 2024,Norsk filminstitutt / Virke Produsentforeningen,https://cdn.craft.cloud/0df8a7fe-ef75-40cb-9e44-53aac4ffeac2/assets/uploads/documents/Rapporter/Innsiktsrapporter/Spillrapporten-2024.pdf,original country packet,2026-09-09,full_source,2019;2020;2021;2022;2023;2024,0,NO_sample_permanent;NO_sample_temporary;NO_sample_total;NO_sample_fte,people; FTE,NFI/Virke studio survey | Association industry compilation,Changing sample coverage; no national gross-up and no cross-country ranking. | Sample counts are separately shown as people and FTE; no conversion.,NO_sample_total;NO_sample_fte,Full PDF read via public web extraction. Direct filesystem download returned HTTP 403; retained source extract instead of invalid PDF.,Original coverage imported; archive extension not yet reviewed in this pass.
NZ,New Zealand,NZ_survey2015,NZGDA industry survey 2015,NZGDA; Tim Thorpe Consulting / Premium Research; IGEA hosts 2016 release,https://www.nzgda.com/blog/news/survey2015,original country packet,2026-09-09,public_summary,2015,0,NZ_fulltime,full_time_positions,Annual voluntary association studio survey; sample sizes and source wording vary. No documented national gross-up or full-time-equivalence conversion across all years.,Fiscal years ending 31 March; reference-date exceptions in country notes. Variable samples and source units; no line trend or index. Overseas-office inclusion unresolved in later summaries.,,2025 site publication 25 Nov 2025; same NZGDA release appeared on Scoop 26 Sep 2025. Retained source-native publication date.,Original coverage imported; archive extension not yet reviewed in this pass.
NZ,New Zealand,NZ_survey2016,NZ video game exports continue to grow (NZGDA release),NZGDA; Tim Thorpe Consulting / Premium Research; IGEA hosts 2016 release,https://igea.net/2016/08/nz-video-game-exports-continue-to-grow/,original country packet,2026-09-09,public_summary,2016,0,NZ_fte,FTE,Annual voluntary association studio survey; sample sizes and source wording vary. No documented national gross-up or full-time-equivalence conversion across all years.,Fiscal years ending 31 March; reference-date exceptions in country notes. Variable samples and source units; no line trend or index. Overseas-office inclusion unresolved in later summaries.,,2025 site publication 25 Nov 2025; same NZGDA release appeared on Scoop 26 Sep 2025. Retained source-native publication date.,Original coverage imported; archive extension not yet reviewed in this pass.
NZ,New Zealand,NZ_survey2017,NZGDA industry survey 2017,NZGDA; Tim Thorpe Consulting / Premium Research; IGEA hosts 2016 release,https://www.nzgda.com/blog/news/survey2017,original country packet,2026-09-09,public_summary,2017,0,NZ_workers,people,Annual voluntary association studio survey; sample sizes and source wording vary. No documented national gross-up or full-time-equivalence conversion across all years.,Fiscal years ending 31 March; reference-date exceptions in country notes. Variable samples and source units; no line trend or index. Overseas-office inclusion unresolved in later summaries.,,2025 site publication 25 Nov 2025; same NZGDA release appeared on Scoop 26 Sep 2025. Retained source-native publication date.,Original coverage imported; archive extension not yet reviewed in this pass.
NZ,New Zealand,NZ_survey2018,NZGDA industry survey 2018,NZGDA; Tim Thorpe Consulting / Premium Research; IGEA hosts 2016 release,https://www.nzgda.com/blog/news/survey2018,original country packet,2026-09-09,public_summary,2018,0,NZ_fulltime;NZ_visa_current;NZ_visa_counts,full_time_positions; percent; people,Annual voluntary association studio survey; sample sizes and source wording vary. No documented national gross-up or full-time-equivalence conversion across all years.,Fiscal years ending 31 March; reference-date exceptions in country notes. Variable samples and source units; no line trend or index. Overseas-office inclusion unresolved in later summaries. | Source-reported rounded share of survey workforce. Visa status is not citizenship; do not use to infer number of foreign nationals. No multiplication into national totals. | Counts retained for denominator audit. 2024 page conflicts (97 and 98); neither selected.,,2025 site publication 25 Nov 2025; same NZGDA release appeared on Scoop 26 Sep 2025. Retained source-native publication date.,Original coverage imported; archive extension not yet reviewed in this pass.
NZ,New Zealand,NZ_survey2019,NZGDA industry survey 2019,NZGDA; Tim Thorpe Consulting / Premium Research; IGEA hosts 2016 release,https://www.nzgda.com/blog/news/survey2019,original country packet,2026-09-09,public_summary,2019,0,NZ_workers;NZ_visa_current,people; percent,Annual voluntary association studio survey; sample sizes and source wording vary. No documented national gross-up or full-time-equivalence conversion across all years.,Fiscal years ending 31 March; reference-date exceptions in country notes. Variable samples and source units; no line trend or index. Overseas-office inclusion unresolved in later summaries. | Source-reported rounded share of survey workforce. Visa status is not citizenship; do not use to infer number of foreign nationals. No multiplication into national totals.,,2025 site publication 25 Nov 2025; same NZGDA release appeared on Scoop 26 Sep 2025. Retained source-native publication date.,Original coverage imported; archive extension not yet reviewed in this pass.
NZ,New Zealand,NZ_survey2020,NZGDA industry survey 2020,NZGDA; Tim Thorpe Consulting / Premium Research; IGEA hosts 2016 release,https://www.nzgda.com/blog/news/survey2020,original country packet,2026-09-09,public_summary,2020,0,NZ_fulltime;NZ_visa_ever,full_time_positions; percent,Annual voluntary association studio survey; sample sizes and source wording vary. No documented national gross-up or full-time-equivalence conversion across all years.,Fiscal years ending 31 March; reference-date exceptions in country notes. Variable samples and source units; no line trend or index. Overseas-office inclusion unresolved in later summaries. | Source-reported rounded share of survey workforce. Visa status is not citizenship; do not use to infer number of foreign nationals. No multiplication into national totals.,,2025 site publication 25 Nov 2025; same NZGDA release appeared on Scoop 26 Sep 2025. Retained source-native publication date.,Original coverage imported; archive extension not yet reviewed in this pass.
NZ,New Zealand,NZ_survey2021,NZGDA industry survey 2021,NZGDA; Tim Thorpe Consulting / Premium Research; IGEA hosts 2016 release,https://www.nzgda.com/blog/news/survey2021,original country packet,2026-09-09,public_summary,2021,0,NZ_fte;NZ_visa_current;NZ_visa_counts,FTE; percent; people,Annual voluntary association studio survey; sample sizes and source wording vary. No documented national gross-up or full-time-equivalence conversion across all years.,Fiscal years ending 31 March; reference-date exceptions in country notes. Variable samples and source units; no line trend or index. Overseas-office inclusion unresolved in later summaries. | Source-reported rounded share of survey workforce. Visa status is not citizenship; do not use to infer number of foreign nationals. No multiplication into national totals. | Counts retained for denominator audit. 2024 page conflicts (97 and 98); neither selected.,,2025 site publication 25 Nov 2025; same NZGDA release appeared on Scoop 26 Sep 2025. Retained source-native publication date.,Original coverage imported; archive extension not yet reviewed in this pass.
NZ,New Zealand,NZ_survey2022,NZGDA industry survey 2022,NZGDA; Tim Thorpe Consulting / Premium Research; IGEA hosts 2016 release,https://www.nzgda.com/blog/news/nz-interactive-media-industry-survey-2022,original country packet,2026-09-09,public_summary,2022,0,NZ_fulltime;NZ_visa_current;NZ_visa_counts,full_time_positions; percent; people,Annual voluntary association studio survey; sample sizes and source wording vary. No documented national gross-up or full-time-equivalence conversion across all years.,Fiscal years ending 31 March; reference-date exceptions in country notes. Variable samples and source units; no line trend or index. Overseas-office inclusion unresolved in later summaries. | Source-reported rounded share of survey workforce. Visa status is not citizenship; do not use to infer number of foreign nationals. No multiplication into national totals. | Counts retained for denominator audit. 2024 page conflicts (97 and 98); neither selected.,,2025 site publication 25 Nov 2025; same NZGDA release appeared on Scoop 26 Sep 2025. Retained source-native publication date.,Original coverage imported; archive extension not yet reviewed in this pass.
NZ,New Zealand,NZ_survey2023,NZGDA industry survey 2023,NZGDA; Tim Thorpe Consulting / Premium Research; IGEA hosts 2016 release,https://www.nzgda.com/blog/news/nz-interactive-media-industry-survey-2023,original country packet,2026-09-09,public_summary,2023,0,NZ_fte;NZ_visa_current;NZ_visa_counts,FTE; percent; people,Annual voluntary association studio survey; sample sizes and source wording vary. No documented national gross-up or full-time-equivalence conversion across all years.,Fiscal years ending 31 March; reference-date exceptions in country notes. Variable samples and source units; no line trend or index. Overseas-office inclusion unresolved in later summaries. | Source-reported rounded share of survey workforce. Visa status is not citizenship; do not use to infer number of foreign nationals. No multiplication into national totals. | Counts retained for denominator audit. 2024 page conflicts (97 and 98); neither selected.,,2025 site publication 25 Nov 2025; same NZGDA release appeared on Scoop 26 Sep 2025. Retained source-native publication date.,Original coverage imported; archive extension not yet reviewed in this pass.
NZ,New Zealand,NZ_survey2024,NZGDA industry survey 2024,NZGDA; Tim Thorpe Consulting / Premium Research; IGEA hosts 2016 release,https://www.nzgda.com/blog/news/2024-industry-survey-results,original country packet,2026-09-09,public_summary,2024,0,NZ_visa_counts;NZ_overseas,people; FTE,Annual voluntary association studio survey; sample sizes and source wording vary. No documented national gross-up or full-time-equivalence conversion across all years.,Counts retained for denominator audit. 2024 page conflicts (97 and 98); neither selected. | Overseas locations are not nationality. Inclusion in headline employment unresolved; do not subtract automatically.,,2025 site publication 25 Nov 2025; same NZGDA release appeared on Scoop 26 Sep 2025. Retained source-native publication date.,Original coverage imported; archive extension not yet reviewed in this pass.
NZ,New Zealand,NZ_survey2025,NZGDA industry survey 2025,NZGDA; Tim Thorpe Consulting / Premium Research; IGEA hosts 2016 release,https://www.nzgda.com/blog/new-zealand-game-development-industry-breaks-records,original country packet,2026-09-09,public_summary,2024;2025,0,NZ_fte,FTE,Annual voluntary association studio survey; sample sizes and source wording vary. No documented national gross-up or full-time-equivalence conversion across all years.,Fiscal years ending 31 March; reference-date exceptions in country notes. Variable samples and source units; no line trend or index. Overseas-office inclusion unresolved in later summaries.,,2025 site publication 25 Nov 2025; same NZGDA release appeared on Scoop 26 Sep 2025. Retained source-native publication date.,Original coverage imported; archive extension not yet reviewed in this pass.
PH,Philippines,PH_boi2018,BOI approves micro enterprise game development project,Philippine Board of Investments,https://boi.gov.ph/boi-approves-micro-enterprise-game-development-project/,original country packet,2026-09-09,public_summary,,1,PH_boi2000,people,Source estimate; detailed methodology not publicly specified,"Lower-bound snapshot with ambiguous observation year and specialist-services scope. Not suitable for annual core trend. Eligible only for a clearly labelled source-native snapshot, sample or context chart; not a comparable domestic core trend.",,Official page text inspected; direct archive download returned 403. Inconsistent relative-date references retained as an observation-date limitation.,Original coverage imported; archive extension not yet reviewed in this pass.
PL,Poland,PL_parp2021,The Game Industry of Poland – Report 2021,PARP / Game Industry Conference,https://www.parp.gov.pl/storage/publications/pdf/GIofP_2021_FINAL.pdf,original country packet,2026-09-09,full_source,2021,0,PL_core_workforce;PL_foreign_people;PL_foreign_share,people; percent,GIC compiled industry data; PARP questionnaires and company/public-source verification | Association industry compilation,"Studio counting changed in 2025; the publisher says this is the only methodological shift. Workforce data can also be corrected as source coverage improves. Chart is an estimated industry workforce series, not a payroll census. | Excludes service-only player support/localisation; same production workforce denominator, no global-company expansion. | Bounds preserve publisher wording; no imputed midpoint.",PL_core_workforce;PL_foreign_people;PL_foreign_share,"Full public PDF inspected via web extraction; direct downloads returned HTML, so curated source extract retained.",Original coverage imported; archive extension not yet reviewed in this pass.
PL,Poland,PL_parp2023,The Game Industry of Poland – Report 2023,PARP / Game Industry Conference,https://www.parp.gov.pl/storage/publications/pdf/The_Game_Industry_Poland_2023_12_07.pdf,original country packet,2026-09-09,full_source,2023,0,PL_core_workforce;PL_foreign_people;PL_foreign_share,people; percent,GIC compiled industry data; PARP questionnaires and company/public-source verification | Association industry compilation,"Studio counting changed in 2025; the publisher says this is the only methodological shift. Workforce data can also be corrected as source coverage improves. Chart is an estimated industry workforce series, not a payroll census. | Excludes service-only player support/localisation; same production workforce denominator, no global-company expansion. | Bounds preserve publisher wording; no imputed midpoint.",PL_core_workforce;PL_foreign_people;PL_foreign_share,"Full public PDF inspected via web extraction; direct downloads returned HTML, so curated source extract retained.",Original coverage imported; archive extension not yet reviewed in this pass.
PL,Poland,PL_parp2025,The Game Industry of Poland – Report 2025,PARP / Game Industry Conference,https://www.parp.gov.pl/storage/publications/pdf/The_Game_Industry_Poland_2025_12_29.pdf,original country packet,2026-09-09,full_source,2025,0,PL_core_workforce;PL_foreign_people;PL_foreign_share,people; percent,GIC compiled industry data; PARP questionnaires and company/public-source verification | Association industry compilation,"Studio counting changed in 2025; the publisher says this is the only methodological shift. Workforce data can also be corrected as source coverage improves. Chart is an estimated industry workforce series, not a payroll census. | Excludes service-only player support/localisation; same production workforce denominator, no global-company expansion. | Bounds preserve publisher wording; no imputed midpoint.",PL_core_workforce;PL_foreign_people;PL_foreign_share,"Full public PDF inspected via web extraction; direct downloads returned HTML, so curated source extract retained.",Original coverage imported; archive extension not yet reviewed in this pass.
RO,Romania,RO_rgda2025,Romania game development industry in 2024,Romanian Game Developers Association,https://rgda.ro/wp-content/uploads/2025/09/2025-09-12-RGDA-Romania-game-development-industry-in-2024-EN-BT.pdf,original country packet,2026-09-09,full_source,2024,0,RO_employees2024,people,RGDA industry compilation,2024-only series because prior infographic explicitly includes collaborators. Source reports-7.4% but contractor perimeter not reconciled.,,"2025 release, 2024 observation. Company profile nationality not worker citizenship.",Original coverage imported; archive extension not yet reviewed in this pass.
RO,Romania,RO_rgda2023,Romanian video-games industry development 2022,RGDA,https://rgda.ro/wp-content/uploads/2023/10/2023-10-05-RGDA-Infografic-industrie-2022-EN.pdf,original country packet,2026-09-09,full_source,2022,0,RO_employees_collaborators,people,RGDA industry snapshots,Includes collaborators; not automatically comparable to employee-only payroll measures.,RO_employees_collaborators,,Original coverage imported; archive extension not yet reviewed in this pass.
RO,Romania,RO_rgda2024,Romanian video-games industry development 2023,RGDA,https://rgda.ro/wp-content/uploads/2024/11/RGDA_2024_snapshot_07_EN.png,original country packet,2026-09-09,full_source,2023,0,RO_employees_collaborators,people,RGDA industry snapshots,Includes collaborators; not automatically comparable to employee-only payroll measures.,RO_employees_collaborators,,Original coverage imported; archive extension not yet reviewed in this pass.
RO,Romania,RO_release2019,Industry Report 2019 highlights,RGDA,https://rgda.ro/romanian-industry-report/,original country packet,2026-09-09,public_summary,2018,0,RO_earlier_benchmark,people,Association industry compilation,Rounded lower-bound statements; no point estimate inferred.,,,Original coverage imported; archive extension not yet reviewed in this pass.
RO,Romania,RO_release2021,Industry Report 2021 highlights,RGDA,https://rgda.ro/romanian-industry-report-2021/,original country packet,2026-09-09,public_summary,2020,0,RO_earlier_benchmark,people,Association industry compilation,Rounded lower-bound statements; no point estimate inferred.,,,Original coverage imported; archive extension not yet reviewed in this pass.
RS,Serbia,RS_sga2025,Serbian Gaming Industry Report 2025,Serbian Games Association / PwC Serbia,https://drive.google.com/file/d/13v7hKUPgvmQ8U3wKv--P3DToxLiWSxid/view,original country packet,2026-09-09,full_source,2018;2019;2020;2021;2022;2023;2024;2025,0,RS_respondent_employees;RS_remote_abroad_sample,people,Annual SGA questionnaire | Association industry compilation,Historical respondent totals are not national industry estimates. | Not foreign citizenship and not domestic employment.,,,Original coverage imported; archive extension not yet reviewed in this pass.
RS,Serbia,RS_release2025,"Fewest games released, highest revenue ever: 2025 industry report",Serbian Games Association,https://sga.rs/en/news/fewest-games-released-highest-revenue-ever-read-the-new-report-on-serbian-video-game-industry-for-2025/,original country packet,2026-09-09,public_summary,2024;2025,0,RS_national_estimate,people,Association estimate; respondent survey and PwC company analysis,National estimate distinguished from respondent count. Treatment of 115 respondent workers outside Serbia is unresolved; exclude strict domestic comparison.,RS_national_estimate,,Original coverage imported; archive extension not yet reviewed in this pass.
SE,Sweden,SE_gdi2025,Game Developer Index 2025,Dataspelsbranschen,https://static1.squarespace.com/static/5a61edb7a803bb7a65252b2d/t/693689ed99d1c01715824468/1765181933680/Game-Developer-Index-2025-ENG-WEB.pdf,original country packet,2026-09-09,full_source,2015;2016;2017;2018;2019;2020;2021;2022;2023;2024,0,SE_domestic;SE_overseas,annual_average_full_time_positions; people,"Audited annual reports, business registers and manual industry selection | Association industry compilation","Domestic series, distinct from overseas subsidiaries. 2024 sample excludes approximately 40 positions at firms bankrupt in 2025. King uses 2023 accounts. No conversion to year-end people. | Supplemental overseas count; never summed into Sweden domestic rankings",SE_domestic,Swedish edition launched 12 November 2025; English PDF delivered December 2025. Actual financial reporting years sometimes differ.,Original coverage imported; archive extension not yet reviewed in this pass.
SG,Singapore,SG_mddi2022,Infocomm and media professionals required: parliamentary answer,Singapore Ministry of Communications and Information (now MDDI),https://www.mddi.gov.sg/newsroom/infocomm-and-media-professionals-required/,original country packet,2026-09-09,full_source,2021,0,SG_games2021,people,Source estimate; detailed methodology not publicly specified,"Approximate snapshot only; domestic core developer/publisher scope not separable. Eligible only for a clearly labelled source-native snapshot, sample or context chart; not a comparable domestic core trend.",,Official parliamentary answer for sitting on 2 August 2022; date read from archived HTML.,Original coverage imported; archive extension not yet reviewed in this pass.
TR,Turkey,TR_egdf2023,2023 European Video Games Industry Insight Report: Turkey,EGDF / TOGED; supported by Video Games Europe,https://www.egdf.eu/wp-content/uploads/2025/08/2023-European-video-games-industry-insight-report.pdf,original country packet,2026-09-09,full_source,2023,0,TR_toged,FTE,"TOGED national submission to EGDF. Questionnaire requests full-time equivalent employees, entrepreneurs and in-house freelancers; country-specific sampling details not published.",Usable association snapshot only; mixed remote geography and missing local method prevent strict domestic comparison or a trend. No 2019 observation.,,Published August 2025; exact day not verified on original release. National-association data compiled by EGDF.,Original coverage imported; archive extension not yet reviewed in this pass.
TR,Turkey,TR_invest2025,The State of Turkish Gaming Ecosystem 2025,Investment and Finance Office of the Presidency of Türkiye; startups.watch,https://www.invest.gov.tr/en/library/publications/lists/investpublications/the-state-of-turkish-gaming-ecosystem-2025.pdf?download=,original country packet,2026-09-09,full_source,,0,,,,"2025 edition with 2026 references; no total workforce recovered. Original file download requires download query. Scope figures concern companies and investments, not a workforce census.",,"2025 edition with 2026 references; no total workforce recovered. Original file download requires download query. Scope figures concern companies and investments, not a workforce census.",Original coverage imported; archive extension not yet reviewed in this pass.
TR,Turkey,TR_market2023,Türkiye Game Market Report 2023,Gaming in Türkiye,https://investgame.net/wp-content/uploads/2024/07/turkiye-game-market-report-2023_compressed.pdf,original country packet,2026-09-09,full_source,,0,,,,2023 report on public mirror; no verification of the 2500-3000 workforce attribution made by the thesis.,,2023 report on public mirror; no verification of the 2500-3000 workforce attribution made by the thesis.,Original coverage imported; archive extension not yet reviewed in this pass.
TR,Turkey,TR_market2025,Türkiye Game Market Report 2025,Gaming in Türkiye,https://investgame.net/wp-content/uploads/2026/02/2026-02-17-trkiye_game_market_report_2025-compressed_wp.pdf,original country packet,2026-09-09,full_source,,0,,,,"365-page original report on public mirror; includes market size and ecosystem commentary, no verified total national workforce in inspected text. Publisher archive confirms release date.",,"365-page original report on public mirror; includes market size and ecosystem commentary, no verified total national workforce in inspected text. Publisher archive confirms release date.",Original coverage imported; archive extension not yet reviewed in this pass.
TR,Turkey,TR_thesis2025,Rethinking Auteur and Authority on Creative Actors in Turkish Video Game Industry,"Yiğit Tarlabölen, Başkent University",https://acikerisim.baskent.edu.tr/server/api/core/bitstreams/ecfd58a7-4c0f-4e93-a1a3-7449f29ea70a/content,original country packet,2026-09-09,secondary_only,2023,0,TR_secondary_range,people,Thesis repeats attributed population estimate; original calculation not recovered.,Retained separately as secondary context. Conflicts with TOGED estimate; insufficient evidence to reconcile scope or date.,,"2025 thesis; exact publication date unresolved. Its population estimate is attributed to Gaming in Türkiye 2023, not measured by the thesis interviews.",Original coverage imported; archive extension not yet reviewed in this pass.
TW,Taiwan,TW_taicca2022,"2022–2023 Taiwan Cultural Content Industry Survey, volume IV: Games",Taiwan Creative Content Agency (TAICCA),https://taicca.tw/files/book/1741142752642.pdf,original country packet,2026-09-09,full_source,,1,TW_survey2022,people,Company questionnaire; missing employee figures supplemented from 104 Job Bank. Active-firm selection bias explicitly disclosed.,133 responding companies; some missing employee counts imputed from 104 Job Bank. Respondent total is not a national workforce estimate. Games-company boundary may include adjacent activity.,,Full primary PDF text inspected through web tool; direct PDF download returned 403/timeouts. Extract saved. Employment is current-company respondent sum in a report whose economic period is 2022; exact employment reference date is not stated separately.,Original coverage imported; archive extension not yet reviewed in this pass.
TW,Taiwan,TW_taicca2023_landing,2023 Taiwan Cultural Content Industry Survey: Games,TAICCA,https://taicca.tw/intelligence/industry_research/detail/71,original country packet,2026-09-09,public_summary,,0,,,,Landing page inspected; download/preview controls not exposed as ordinary links. Newer employment table not retrieved.,,Landing page inspected; download/preview controls not exposed as ordinary links. Newer employment table not retrieved.,Original coverage imported; archive extension not yet reviewed in this pass.
TW,Taiwan,TW_taicca2024_landing,2024 Taiwan Cultural Content Industry Survey: Games,TAICCA,https://taicca.tw/intelligence/industry_research/detail/81,original country packet,2026-09-09,public_summary,,0,,,,Landing page inspected; download/preview controls not exposed as ordinary links. Newer employment table not retrieved.,,Landing page inspected; download/preview controls not exposed as ordinary links. Newer employment table not retrieved.,Original coverage imported; archive extension not yet reviewed in this pass.
UA,Ukraine,UA_dou2026,"Top 25 game-development companies in Ukraine,February 2026",GameDev DOU,https://gamedev.dou.ua/articles/top-gamedev-companies-2026/,original country packet,2026-09-09,full_source,2021;2022;2023;2026,0,UA_panel_room8;UA_panel_ubisoft;UA_panel_playrix;UA_panel_playtika;UA_panel_net_change,people,DOU company submissions and editorial comparison | Association industry compilation,"Tax-residence basis, not domestic workplaces or nationality. Never sum selected companies as national industry total. | Change over sixmonths; not an employment stock, not national layoffs.",,Original company questionnaire and editorial estimates. Full article read; embedded overall total not available in text extraction.,Original coverage imported; archive extension not yet reviewed in this pass.
US,United States,US_esa2017,Video Games in the 21st Century: 2017 Economic Impact Report,ESA / Stephen Siwek,https://www.theesa.com/wp-content/uploads/2024/02/2017-EIR-National-Report.pdf,original country packet,2026-09-09,full_source,2015;2016,0,US_mapping_2017,people,Source-reported industry estimate,2015 table excludes 151 locations without founding-year data; 2016 covers wider reporting universe. No comparable link to newer TEConomy series.,,Migrated upload dates are not publication dates. Report year is publication vintage.,Original coverage imported; archive extension not yet reviewed in this pass.
US,United States,US_esa2020,Video Games in the 21st Century: 2020 Economic Impact Report,ESA / TEConomy,https://www.theesa.com/wp-content/uploads/2024/02/Video-Games-in-the-21st-Century-2020-Economic-Impact-Report-Final.pdf,original country packet,2026-09-09,full_source,2019,0,US_core;US_broad,jobs,Sum of Developer + Developer/Publisher + Publisher categories in ESA firm database. | Source-reported industry estimate,"Definition close across three editions, but database methodology changed. Plot discrete observations or explicit methodology breaks; no 2019 index. | 2019-to-2023 removes entire activities and changes firm estimation; 2025 improves small-firm and remote coverage. Broad series cannot measure like-for-like job loss.",,Migrated upload dates are not publication dates. Report year is publication vintage.,Original coverage imported; archive extension not yet reviewed in this pass.
US,United States,US_esa2024,Video Games in the 21st Century: 2024 Economic Impact Report,ESA / TEConomy,https://www.theesa.com/wp-content/uploads/2024/02/EIR_ESA_2024.pdf,original country packet,2026-09-09,full_source,2023,0,US_core;US_broad;US_software;US_services,jobs,Sum of Developer + Developer/Publisher + Publisher categories in ESA firm database. | Source-reported industry estimate,"Definition close across three editions, but database methodology changed. Plot discrete observations or explicit methodology breaks; no 2019 index. | 2019-to-2023 removes entire activities and changes firm estimation; 2025 improves small-firm and remote coverage. Broad series cannot measure like-for-like job loss. | 2025 adds Platform explicitly; 2023 other may include some activities. Method changes preclude index. | Different support-service coverage by edition; do not add this to contractor headcounts from other sources.",,Migrated upload dates are not publication dates. Report year is publication vintage.,Original coverage imported; archive extension not yet reviewed in this pass.
US,United States,US_esa2026,Video Games in the 21st Century: 2026 Economic Impact Report,ESA / TEConomy,https://www.theesa.com/wp-content/uploads/2026/04/EIR_2026_FINAL.pdf,original country packet,2026-09-09,full_source,2025,0,US_core;US_broad;US_software;US_services,jobs,Sum of Developer + Developer/Publisher + Publisher categories in ESA firm database. | Source-reported industry estimate,"Definition close across three editions, but database methodology changed. Plot discrete observations or explicit methodology breaks; no 2019 index. | 2019-to-2023 removes entire activities and changes firm estimation; 2025 improves small-firm and remote coverage. Broad series cannot measure like-for-like job loss. | 2025 adds Platform explicitly; 2023 other may include some activities. Method changes preclude index. | Different support-service coverage by edition; do not add this to contractor headcounts from other sources.",,Migrated upload dates are not publication dates. Report year is publication vintage.,Original coverage imported; archive extension not yet reviewed in this pass.
VN,Vietnam,VN_briefing2024,Vietnam’s Gaming Industry in 2024: Robust Growth and Emerging Opportunities,Vietnam Briefing / Dezan Shira & Associates,https://www.vietnam-briefing.com/news/vietnam-gaming-industry-growth-opportunities.html/,original country packet,2026-09-09,secondary_only,2024,1,VN_4100_claim;VN_35000_claim,people,Source estimate; detailed methodology not publicly specified,"Conflicts with another workforce claim on same source page; not eligible for country core chart. | Unreconciled with 4,100 workforce claim and not independently substantiated.",,,Original coverage imported; archive extension not yet reviewed in this pass.
VN,Vietnam,VN_government2025,Vietnam’s game industry aims toward a billion-dollar goal,Government of Vietnam news portal,https://baochinhphu.vn/nganh-cong-nghiep-game-viet-huong-toi-muc-tieu-ty-usd-102250526134104195.htm,original country packet,2026-09-09,public_summary,,0,,,,Secondary reporting on official government news site; does not validate an independent official workforce survey.,,Secondary reporting on official government news site; does not validate an independent official workforce survey.,Original coverage imported; archive extension not yet reviewed in this pass.
VN,Vietnam,VN_nhandan2025,Xây bệ phóng cho game Việt,Nhan Dan,https://nhandan.vn/xay-be-phong-cho-game-viet-post911729.html,original country packet,2026-09-09,secondary_only,,1,VN_mobile_claim,people,"Interview estimate by a mobile-game business owner, not a national workforce survey.","Subsector interview estimate, observation date only contemporary with 2025 article; exclude from annual trend.",,,Original coverage imported; archive extension not yet reviewed in this pass.
