REF_DATE,GEO,DGUID,Indicators,Domain,UOM,UOM_ID,SCALAR_FACTOR,SCALAR_ID,VECTOR,COORDINATE,VALUE,STATUS,SYMBOL,TERMINATED,DECIMALS
2012-01,Canada,2016A000011124,Jobs,Interactive media,Jobs,190,units,0,v1277496929,1.3.28,39784,,,,0
2012-04,Canada,2016A000011124,Jobs,Interactive media,Jobs,190,units,0,v1277496929,1.3.28,41039,,,,0
2012-07,Canada,2016A000011124,Jobs,Interactive media,Jobs,190,units,0,v1277496929,1.3.28,41658,,,,0
2012-10,Canada,2016A000011124,Jobs,Interactive media,Jobs,190,units,0,v1277496929,1.3.28,41008,,,,0
2013-01,Canada,2016A000011124,Jobs,Interactive media,Jobs,190,units,0,v1277496929,1.3.28,39326,,,,0
2013-04,Canada,2016A000011124,Jobs,Interactive media,Jobs,190,units,0,v1277496929,1.3.28,38395,,,,0
2013-07,Canada,2016A000011124,Jobs,Interactive media,Jobs,190,units,0,v1277496929,1.3.28,38027,,,,0
2013-10,Canada,2016A000011124,Jobs,Interactive media,Jobs,190,units,0,v1277496929,1.3.28,38660,,,,0
2014-01,Canada,2016A000011124,Jobs,Interactive media,Jobs,190,units,0,v1277496929,1.3.28,40166,,,,0
2014-04,Canada,2016A000011124,Jobs,Interactive media,Jobs,190,units,0,v1277496929,1.3.28,40048,,,,0
2014-07,Canada,2016A000011124,Jobs,Interactive media,Jobs,190,units,0,v1277496929,1.3.28,41347,,,,0
2014-10,Canada,2016A000011124,Jobs,Interactive media,Jobs,190,units,0,v1277496929,1.3.28,41336,,,,0
2015-01,Canada,2016A000011124,Jobs,Interactive media,Jobs,190,units,0,v1277496929,1.3.28,40868,,,,0
2015-04,Canada,2016A000011124,Jobs,Interactive media,Jobs,190,units,0,v1277496929,1.3.28,41421,,,,0
2015-07,Canada,2016A000011124,Jobs,Interactive media,Jobs,190,units,0,v1277496929,1.3.28,41244,,,,0
2015-10,Canada,2016A000011124,Jobs,Interactive media,Jobs,190,units,0,v1277496929,1.3.28,41535,,,,0
2016-01,Canada,2016A000011124,Jobs,Interactive media,Jobs,190,units,0,v1277496929,1.3.28,14653,,,,0
2016-04,Canada,2016A000011124,Jobs,Interactive media,Jobs,190,units,0,v1277496929,1.3.28,15531,,,,0
2016-07,Canada,2016A000011124,Jobs,Interactive media,Jobs,190,units,0,v1277496929,1.3.28,16083,,,,0
2016-10,Canada,2016A000011124,Jobs,Interactive media,Jobs,190,units,0,v1277496929,1.3.28,16769,,,,0
2017-01,Canada,2016A000011124,Jobs,Interactive media,Jobs,190,units,0,v1277496929,1.3.28,17486,,,,0
2017-04,Canada,2016A000011124,Jobs,Interactive media,Jobs,190,units,0,v1277496929,1.3.28,18217,,,,0
2017-07,Canada,2016A000011124,Jobs,Interactive media,Jobs,190,units,0,v1277496929,1.3.28,18591,,,,0
2017-10,Canada,2016A000011124,Jobs,Interactive media,Jobs,190,units,0,v1277496929,1.3.28,18242,,,,0
2018-01,Canada,2016A000011124,Jobs,Interactive media,Jobs,190,units,0,v1277496929,1.3.28,17875,,,,0
2018-04,Canada,2016A000011124,Jobs,Interactive media,Jobs,190,units,0,v1277496929,1.3.28,18374,,,,0
2018-07,Canada,2016A000011124,Jobs,Interactive media,Jobs,190,units,0,v1277496929,1.3.28,19519,,,,0
2018-10,Canada,2016A000011124,Jobs,Interactive media,Jobs,190,units,0,v1277496929,1.3.28,20800,,,,0
2019-01,Canada,2016A000011124,Jobs,Interactive media,Jobs,190,units,0,v1277496929,1.3.28,22514,,,,0
2019-04,Canada,2016A000011124,Jobs,Interactive media,Jobs,190,units,0,v1277496929,1.3.28,23830,,,,0
2019-07,Canada,2016A000011124,Jobs,Interactive media,Jobs,190,units,0,v1277496929,1.3.28,24226,,,,0
2019-10,Canada,2016A000011124,Jobs,Interactive media,Jobs,190,units,0,v1277496929,1.3.28,24451,,,,0
2020-01,Canada,2016A000011124,Jobs,Interactive media,Jobs,190,units,0,v1277496929,1.3.28,23719,,,,0
2020-04,Canada,2016A000011124,Jobs,Interactive media,Jobs,190,units,0,v1277496929,1.3.28,22368,,,,0
2020-07,Canada,2016A000011124,Jobs,Interactive media,Jobs,190,units,0,v1277496929,1.3.28,22407,,,,0
2020-10,Canada,2016A000011124,Jobs,Interactive media,Jobs,190,units,0,v1277496929,1.3.28,23209,,,,0
2021-01,Canada,2016A000011124,Jobs,Interactive media,Jobs,190,units,0,v1277496929,1.3.28,25688,,,,0
2021-04,Canada,2016A000011124,Jobs,Interactive media,Jobs,190,units,0,v1277496929,1.3.28,27457,,,,0
2021-07,Canada,2016A000011124,Jobs,Interactive media,Jobs,190,units,0,v1277496929,1.3.28,30123,,,,0
2021-10,Canada,2016A000011124,Jobs,Interactive media,Jobs,190,units,0,v1277496929,1.3.28,32471,,,,0
2022-01,Canada,2016A000011124,Jobs,Interactive media,Jobs,190,units,0,v1277496929,1.3.28,32718,,,,0
2022-04,Canada,2016A000011124,Jobs,Interactive media,Jobs,190,units,0,v1277496929,1.3.28,31768,,,,0
2022-07,Canada,2016A000011124,Jobs,Interactive media,Jobs,190,units,0,v1277496929,1.3.28,32064,,,,0
2022-10,Canada,2016A000011124,Jobs,Interactive media,Jobs,190,units,0,v1277496929,1.3.28,32307,,,,0
2023-01,Canada,2016A000011124,Jobs,Interactive media,Jobs,190,units,0,v1277496929,1.3.28,32958,,,,0
2023-04,Canada,2016A000011124,Jobs,Interactive media,Jobs,190,units,0,v1277496929,1.3.28,34233,,,,0
2023-07,Canada,2016A000011124,Jobs,Interactive media,Jobs,190,units,0,v1277496929,1.3.28,34558,,,,0
2023-10,Canada,2016A000011124,Jobs,Interactive media,Jobs,190,units,0,v1277496929,1.3.28,34936,,,,0
2024-01,Canada,2016A000011124,Jobs,Interactive media,Jobs,190,units,0,v1277496929,1.3.28,35147,,,,0
2024-04,Canada,2016A000011124,Jobs,Interactive media,Jobs,190,units,0,v1277496929,1.3.28,34908,,,,0
2024-07,Canada,2016A000011124,Jobs,Interactive media,Jobs,190,units,0,v1277496929,1.3.28,35072,,,,0
2024-10,Canada,2016A000011124,Jobs,Interactive media,Jobs,190,units,0,v1277496929,1.3.28,34870,,,,0
2025-01,Canada,2016A000011124,Jobs,Interactive media,Jobs,190,units,0,v1277496929,1.3.28,34846,,,,0
2025-04,Canada,2016A000011124,Jobs,Interactive media,Jobs,190,units,0,v1277496929,1.3.28,35005,,,,0
2025-07,Canada,2016A000011124,Jobs,Interactive media,Jobs,190,units,0,v1277496929,1.3.28,35032,,,,0
2025-10,Canada,2016A000011124,Jobs,Interactive media,Jobs,190,units,0,v1277496929,1.3.28,34964,,,,0
2026-01,Canada,2016A000011124,Jobs,Interactive media,Jobs,190,units,0,v1277496929,1.3.28,34788,,,,0
