country,year,value,series_id,unit,source_id,url,qualification
United States,2009,33140,US_legacy_all_establishments,modeled direct workers,US_esa2014,https://www.igea.net/wp-content/uploads/2014/11/VideoGames21stCentury_2014.pdf,Includes establishments with fewer than5workers; preserve report vintage and published year labels.
United States,2012,42975,US_legacy_all_establishments,modeled direct workers,US_esa2014,https://www.igea.net/wp-content/uploads/2014/11/VideoGames21stCentury_2014.pdf,Includes establishments with fewer than5workers; preserve report vintage and published year labels.
United States,2009,31598,US_legacy_5plus_establishments,modeled direct workers,US_esa2014,https://www.igea.net/wp-content/uploads/2014/11/VideoGames21stCentury_2014.pdf,Excludes establishments with fewer than5workers; overlaps all-establishment series.
United States,2011,42527,US_legacy_5plus_establishments,modeled direct workers,US_esa2014,https://www.igea.net/wp-content/uploads/2014/11/VideoGames21stCentury_2014.pdf,Excludes establishments with fewer than5workers; overlaps all-establishment series.
United States,2013,56712,US_mapping_2017_comparison,reported workers,US_esa2017,https://www.theesa.com/wp-content/uploads/2024/02/2017-EIR-National-Report.pdf,ESA Mapping Project; reporting gaps.
United States,2014,58963,US_mapping_2017_comparison,reported workers,US_esa2017,https://www.theesa.com/wp-content/uploads/2024/02/2017-EIR-National-Report.pdf,ESA Mapping Project; reporting gaps.
United States,2015,60031,US_mapping_2017_comparison,reported workers,US_esa2017,https://www.theesa.com/wp-content/uploads/2024/02/2017-EIR-National-Report.pdf,ESA Mapping Project; reporting gaps.
United States,2016,65678,US_mapping_2017_wider_universe,reported workers,US_esa2017,https://www.theesa.com/wp-content/uploads/2024/02/2017-EIR-National-Report.pdf,Wider reporting universe than2013-2015; source describes at least this count.
United States,2019,143045,US_broad_five_sector,direct industry jobs,US_esa2020,https://www.theesa.com/wp-content/uploads/2024/02/Video-Games-in-the-21st-Century-2020-Economic-Impact-Report-Final.pdf,"Includes software, peripherals/hardware, development services, retail and support; coverage varies by vintage."
United States,2023,104080,US_broad_five_sector,direct industry jobs,US_esa2024,https://www.theesa.com/wp-content/uploads/2024/02/EIR_ESA_2024.pdf,"Includes software, peripherals/hardware, development services, retail and support; coverage varies by vintage."
United States,2025,82930,US_broad_five_sector,direct industry jobs,US_esa2026,https://www.theesa.com/wp-content/uploads/2026/04/EIR_2026_FINAL.pdf,"Includes software, peripherals/hardware, development services, retail and support; coverage varies by vintage."
United States,2023,75353,US_software_sector,software-sector jobs,US_esa2024,https://www.theesa.com/wp-content/uploads/2024/02/EIR_ESA_2024.pdf,Subset of broad five-sector total; do not add to it.
United States,2025,63248,US_software_sector,software-sector jobs,US_esa2026,https://www.theesa.com/wp-content/uploads/2026/04/EIR_2026_FINAL.pdf,Subset of broad five-sector total; do not add to it.
Turkey,2023,10777,TR_toged_egdf2024_vintage,people; FTE-oriented questionnaire,TR_egdf2024,https://www.egdf.eu/wp-content/uploads/2026/08/VGE_EGDF-report2024_0821.pdf,Employer-registration geography; not strictly domestic workplaces. Country-specific enumeration method unresolved.
Turkey,2024,14918,TR_toged_egdf2024_vintage,people; FTE-oriented questionnaire,TR_egdf2024,https://www.egdf.eu/wp-content/uploads/2026/08/VGE_EGDF-report2024_0821.pdf,Employer-registration geography; not strictly domestic workplaces. Country-specific enumeration method unresolved.
