iso2,source_id,title,publisher,url,publication_date,retrieved_date,source_type,local_file,locator,access_status,notes
AU,AU_agds2024,Australian Game Development Survey FY2024,IGEA; Bond University,https://igea.net/wp-content/uploads/2024/12/AGDS-2024-Report-Final.pdf,,2026-09-09,industry_association,raw/AU/agds2024.pdf,p6 historical table; pp4-5 footnotes; p12 methodology,full_source,December 2024 release; exact publication day not confirmed in PDF.
AU,AU_agds2025,Australian Game Development Industry Snapshot FY2025,IGEA; Bond University,https://igea.net/wp-content/uploads/2026/03/AGD-2025-Standalone-Infographic.pdf,2026-03-18,2026-09-09,industry_association,raw/AU/infographic2025.pdf,p1 employment and footnote; p3 method,full_source,
AU,AU_faq2025,FAQ: Australian game development survey FY2025 results,IGEA,https://igea.net/wp-content/uploads/2026/03/FAQ-Australian-game-development-survey-FY2025-results.pdf,2026-03-18,2026-09-09,industry_association,raw/AU/faq2025.pdf,Methodology change answer,full_source,
AU,AU_abs2022,"Film, Television and Digital Games, Australia, 2021-22",Australian Bureau of Statistics,https://www.abs.gov.au/statistics/industry/technology-and-innovation/film-television-and-digital-games-australia/latest-release,2023-06-22,2026-09-09,government,raw/AU/abs2022.html,Digital game development businesses: key figures and employment tables,full_source,
AU,AU_absmethod2022,"Film, Television and Digital Games methodology, 2021-22",Australian Bureau of Statistics,https://www.abs.gov.au/methodologies/film-television-and-digital-games-australia-methodology/2021-22-financial-year,2023-06-22,2026-09-09,government,raw/AU/abs-method2022.html,Scope; reference period; glossary Employment at end June,full_source,
BR,BR_survey2022,Pesquisa da indústria brasileira de games 2022,Abragames / ApexBrasil / Homo Ludens,https://www.abragames.org/uploads/5/6/8/0/56805537/abragames-pt.pdf,,2026-09-09,industry_association,raw/BR/survey2022.pdf,"pp12,54-58,63-65; methods and freelancer chapter",full_source,Portuguese primary report. Different financial and current-workforce reference periods; employment table explicitly labels 2018 and 2022.
BR,BR_survey2023,Brazilian Gaming Industry Survey 2023,Abragames / ApexBrasil / Homo Ludens,https://brazilgames.org/wp-content/uploads/2025/03/2023-relatorio-final-v4.3.3-ENG.pdf,,2026-09-09,industry_association,raw/BR/survey2023.pdf,"pp18-19,52-58,69-71; methodology",full_source,"English primary edition of 2023 survey, released subsequently; upload year 2025 is not observation year. Uses 2022 for much activity data but employment section explicitly estimates 2023."
BR,BR_survey2018,II Census of the Brazilian Digital Games Industry: Summary,Brazilian Ministry of Culture / survey authors; hosted by Abragames,https://www.abragames.org/uploads/5/6/8/0/56805537/af-iicenso-summary_2.pdf,,2026-09-09,government,raw/BR/survey2018.pdf,pp8-9 human resources,public_summary,"Sample count 2,731 people; later survey table instead sums 2,238 formal +492 informal=2,730. Do not substitute sample total for national estimate."
CA,CA_statcan2025,A profile of the video game industry in the Canadian provinces,Statistics Canada,https://www150.statcan.gc.ca/n1/pub/36-28-0001/2025008/article/00001-eng.htm,2025-08-27,2026-09-09,government,raw/CA/statcan2025.html,Introduction; employment-method paragraph; Table 3,full_source,
CA,CA_esac2015,Canada’s Video Game Industry in 2015,ESAC / Nordicity,https://theesa.ca/wp-content/uploads/2022/11/ESAC-Video-Games-Profile-2015-FINAL.pdf,,2026-09-09,industry_association,raw/CA/esac2015.pdf,"PDF pp4,11-13,48",full_source,Report edition is not necessarily observation calendar year; upload paths may reflect migration.
CA,CA_esac2017,Canada’s Video Game Industry 2017,ESAC / Nordicity,https://theesa.ca/wp-content/uploads/2022/11/ESAC-Video-Games-in-Canada-Profile-2017_FINAL.pdf,,2026-09-09,industry_association,raw/CA/esac2017.pdf,"PDF p3 executive summary (printed p2), visually inspected",full_source,Report edition is not necessarily observation calendar year; upload paths may reflect migration.
CA,CA_esac2021,The Canadian Video Game Industry 2021,ESAC / Nordicity,https://theesa.ca/wp-content/uploads/2022/10/esac-2021-final-report.pdf,,2026-09-09,industry_association,raw/CA/esac-canada-2021.pdf,"pp6,14,18,20; appendix methodology",full_source,Report edition is not necessarily observation calendar year; upload paths may reflect migration.
CA,CA_esac2024,Canada’s Video Game Industry 2024,ESAC / Nordicity,https://theesa.ca/wp-content/uploads/2025/01/CVGI_2024_EN_FINAL.pdf,,2026-09-09,industry_association,raw/CA/esac-canada-2023-24.pdf,"pp13,15-16,38-40",full_source,Report edition is not necessarily observation calendar year; upload paths may reflect migration.
CN,CN_cng2025,2025 game industry new productive forces development report,CNG / 伽马数据,https://pdf.dfcfw.com/pdf/H3_AP202507181711204583_1.pdf?1752858662000.pdf=,,2026-09-09,research_partner,raw/CN/cng2025-new-productive-forces.pdf,PDF p 8,full_source,Primary CNG report mirrored by Eastmoney; latest H 1 2025 figure explicitly marked E (estimate).
CN,CN_people2019,Report on electronic games and social change,People.com.cn,https://society.people.com.cn/n1/2019/0626/c1008-31197329.html,2019-06-26,2026-09-09,secondary,raw/CN/people2019-extract.txt,Paragraph on 2018 game-industry employment,secondary_only,
CY,CY_cygma2025,Cyprus Video Game Industry Report 2025,CYGMA; CBusiness Advisors; Registrar of Companies and CYSTAT,https://cygma.eu/wp-content/uploads/2026/08/Cyprus-Video-Game-Industry-Report-2025_by-CYGMA.pdf,2026-08-17,2026-09-09,industry_association,raw/CY/cygma2025.pdf,p15 employment chart; pp67-70 methodology,full_source,
DE,DE_game2025,Annual report of the German games industry 2025,game,https://www.game.de/wp-content/uploads/2025/08/Annual-report-of-the-German-games-industry-2025-1.pdf,,2026-09-09,industry_association,raw/DE/game2025.pdf,printedpp 28–29 / PDFp 15,full_source,
DE,DE_game2018,Beschäftigte in der deutschen Gamesbranche 2015–2018,game,https://www.game.de/marktdaten/beschaeftigte-in-der-deutschen-gamesbranche-2015-2018/,2018-08-02,2026-09-09,industry_association,raw/DE/game2018.jpg,Published chart,full_source,
DE,DE_game2019,Jahresreport 2019,game,https://www.game.de/wp-content/uploads/2018/08/game-Jahresreport-2019_web.pdf,,2026-09-09,industry_association,raw/DE/game2019.pdf,printedpp 24–25,full_source,
DE,DE_game2026,Annual Report of the German Games Industry 2026,game,https://www.game.de/wp-content/uploads/2026/08/Annual-Report-of-the-German-Games-Industry-2026.pdf,2026-08-12,2026-09-09,industry_association,raw/DE/game2026.pdf,printedpp 28–29 / PDFp 15,full_source,Internally inconsistent: prose 12235; chart labels 12134 in both 2025 and 2026; headline minus 3%. Rendered and visually verified.
DK,DK_dip2024,Danske Indholdsproducenter 2024,Producentforeningen / Statistics Denmark,https://gamesdenmark.dk/wp-content/uploads/2024/09/Danske-Indholdsproducenter2024.pdf,,2026-09-09,industry_association,raw/DK/dip2024.pdf,"pp 20, 26–28",full_source,
DK,DK_interactive_latest,Danske Indholdsproducenter: interactive tables,Producentforeningen,https://public.tableau.com/workbooks/DanskeIndholdsproducenter2025.twb,2026-06-24,2026-09-09,industry_association,raw/DK/dip_latest2026.twbx,"Workbook metadata, Metode dashboard, all three Hyper Extract tables",full_source,"Initial .twbx request 404; correct .twb endpoint returned packaged workbook. Extracts updated 24 June 2026. All three contain only FILM/TV/REKLAME, and Metode says these are the three included industries. Public landing updated 3 July 2026. No games employment can be read from this workbook because that segment is absent, not because access failed."
DK,DK_dip2018,Danske Indholdsproducenter i tal 2018,Producentforeningen / Statistics Denmark,https://pro-f.dk/sites/default/files/2021-10/Danske%20Indholdsproducenter%20i%20tal%202018_0_1.pdf,,2026-09-09,industry_association,raw/DK/dip2018.pdf,"PDFpp 4,9,17 / printedp 14 Table 4",full_source,"2018 publication, later archive upload. Pre 2019 methodology, before 2021 narrowing to core producers."
DK,DK_dip2021,Danske Indholdsproducenter Marts 2021,Producentforeningen / HBS Economics / Statistics Denmark,https://producentforeningen.dk/sites/default/files/2021-08/Danske%20Indholdsproducenter%202021_0.pdf,,2026-09-09,industry_association,raw/DK/dip2021.pdf,"pp 25,31–34",full_source,"March 2021 edition. Updated 2019 population; narrows to core content producers, reclassifies some game firms as Interactive."
ES,ES_dev2025,Libro Blanco 2025,DEV,https://dev.org.es/wp-content/uploads/2026/07/2025_LIBRO_BLANCO_DEV.pdf,2026-07-07,2026-09-09,industry_association,raw/ES/dev2025.pdf,"pp 35, 43, 86",full_source,
ES,ES_dev2023,Libro Blanco 2023,DEV,https://www.oficinamediaespana.eu/images/media_europa/2023_libro_blanco_dev_digital_media.pdf,,2026-09-09,industry_association,raw/ES/dev2023.pdf,p 31,full_source,"Primary DEV report hosted by Spanish Creative Europe MEDIA office; publication 2024, exact date unverified"
ES,ES_dev2020,Libro Blanco 2020,DEV,https://dev.org.es/wp-content/uploads/2026/06/libro-blanco-del-desarrollo-espanol-de-videojuegos-2020.pdf,,2026-09-09,industry_association,raw/ES/dev2020.pdf,pp 41–42,full_source,Archive relocation date 2026 is not original publication year; historical report.
ES,ES_dev2018,Libro Blanco 2018,DEV,https://dev.org.es/wp-content/uploads/2026/06/Libro-Blanco-DEV-2018.pdf,,2026-09-09,industry_association,raw/ES/dev2018.pdf,"pp 22, 32",full_source,
FI,FI_neogames2024,The Finnish Game Industry 2024,Neogames,https://neogames.fi/wp-content/uploads/2025/08/FinnishGameIndustryReport2024.pdf,2025-08-15,2026-09-09,industry_association,raw/FI/neogames2024.pdf,"pp 7, 12–13",full_source,
FR,FR_ey2025,Panorama des Industries Culturelles et Créatives 2025,EY / we are creative,https://www.artcena.fr/sites/default/files/medias/rapport-panorama-industries-culturelles-creatives-2025.pdf,,2026-09-09,research_partner,raw/FR/ey2025_extract.txt,"printedpp 54,56,106–110,113–115",full_source,Published December 2025. Primary-authored report mirrored by ARTCENA. Full PDF inspected using web extraction; direct download 403. Revised methodology; older edition not comparable. Sector-specificp 54 explicitly excludes independent workers. Generic appendix coverage does not override this exclusion.
FR,FR_snjv2024,Baromètre annuel du jeu vidéo 2024,Syndicat National du Jeu Vidéo,https://snjv.org/wp-content/uploads/2025/11/Barometre-du-jeu-video-2024.pdf,,2026-09-09,industry_association,raw/FR/snjv2024.pdf,"printedpp 4, 8, 16",full_source,"2024 observations, 2025 release. Excludes independent workers from mapped company population."
GB,GB_tiga2016,The UK Video Games Development Sector Soars to New Heights,TIGA / Games Investor Consulting,https://tiga.org/news/the-uk-video-games-development-sector-soars-to-new-heights,2016-08-16,2026-09-09,industry_association,raw/GB/tiga-uk-2016-wp-api.json,Key findings and research methodology,public_summary,Primary press release; full report sold commercially. Public methods and headline figures inspected.
GB,GB_tiga2024,"WEATHERING THE STORM: TIGA research reveals UK games dev sector continues to grow, despite global sector downturn",TIGA / Games Investor Consulting,https://tiga.org/news/weathering-the-storm-tiga-research-reveals-uk-games-dev-sector-continues-to-grow-despite-global-sector-downturn,2024-11-06,2026-09-09,industry_association,raw/GB/tiga-uk-2024-wp-api.json,Key findings and research methodology,public_summary,Primary press release; full report sold commercially. Public methods and headline figures inspected.
GB,GB_tiga2025,UK games dev sector suffers sharpest recorded decline as TIGA calls on Government to boost Video Games Expenditure Credit,TIGA / Games Investor Consulting,https://tiga.org/news/uk-games-dev-sector-suffers-sharpest-recorded-decline-as-tiga-calls-on-government-to-boost-video-games-expenditure-credit,2026-03-24,2026-09-09,industry_association,raw/GB/tiga-uk-2025-wp-api.json,Key findings and research methodology,public_summary,Primary press release; full report sold commercially. Public methods and headline figures inspected.
GB,GB_tiga2020,Making Games in the UK 2020: public research release,TIGA / Games Investor Consulting,https://tiga.org/news/tiga-research-reveals-uk-video-games-industry-has-been-expanding-at-fastest-rate-ever-recorded,2020-10-19,2026-09-09,industry_association,raw/GB/tiga-uk-2020.html,Employment bullet list; research methodology,public_summary,
GB,GB_tiga2023,Making Games in the UK 2023: public research release,TIGA / Games Investor Consulting,https://tiga.org/news/studio-numbers-employment-rise-in-uk-video-games-industry-new-tiga-research,2023-08-30,2026-09-09,industry_association,raw/GB/tiga-uk-2023.html,Employment bullet list; research methodology,public_summary,
GB,GB_dcms2026,Economic Estimates: DCMS Sectors Employment 2011-2025,"Department for Culture, Media and Sport",https://www.gov.uk/government/statistics/economic-estimates-employment-january-2025-to-december-2025-for-dcms-sectors,2026-07-16,2026-09-09,government,raw/GB/dcms2025.ods,"Tables 1c, 6-16, 15a-15c, 16a-16c; Notes and Key",full_source,ODS link https://assets.publishing.service.gov.uk/media/6a57aba49e63154454413790/Economic_Estimates_DCMS_Sectors_Employment_2011_2025.ods ; decoded cell snapshot saved beside original.
GB,GB_dcms2026_methods,DCMS Employment 2025 technical and quality assurance report,"Department for Culture, Media and Sport",https://www.gov.uk/government/statistics/economic-estimates-employment-january-2025-to-december-2025-for-dcms-sectors/economic-estimates-employment-in-the-dcms-sectors-january-2025-to-december-2025-technical-and-quality-assurance-report,2026-07-16,2026-09-09,government,,"Sections 1, 2 and 3",full_source,Annual average filled jobs based on APS; 2025 accreditation suspension due to volatility and small samples.
GB,GB_ukie2022,UK Games Industry Census 2022,Ukie / University of Sheffield,https://cms.ukie.org.uk/wp-content/uploads/2025/05/Ukie-Diversity-Census-Report-2022-6_compressed.pdf,,2026-09-09,industry_association,raw/GB/ukie-verified-extracts.md,"pp8,16,30,79-80",full_source,Full report inspected through public PDF parser. Local download returned 403; verified extract saved. Published March 2022; surveyed autumn 2021.
GB,GB_ukie2025,UK Games Industry Workforce Demographics Survey 2025,Ukie / University of Sheffield,https://cms.ukie.org.uk/wp-content/uploads/2026/07/UK-Games-Industry-Workforce-Demographics-Survey-2025.pdf,,2026-09-09,industry_association,raw/GB/ukie-verified-extracts.md,"pp4,7,20,70",full_source,Full report inspected through public PDF parser. Local download returned 403; verified extract saved. July 2026 report; survey November 2025-January 2026.
ID,ID_komdigi2024,Peta Ekosistem Industri Gim Indonesia 2024: Menuju Transformasi Ekonomi Digital Nasional 2025+,Directorate General of Digital Ecosystem; author Maulana Akbar (BRIN),https://www.researchgate.net/publication/396196002_Peta_Ekosistem_Industri_Gim_Indonesia_2024_Menuju_Transformasi_Ekonomi_Digital_Nasional_2025,,2026-09-09,government,raw/ID/official2024-author-abstract.txt,"Author-posted book abstract, second workforce point",public_summary,Official book primary author abstract inspected on ResearchGate; full PDF download blocked. Published October 2025; exact day unknown.
ID,ID_agate2025,The State of Indonesia’s Game Industry,Agate,https://agate.id/storage/2025/09/Agate-White-Paper-The-State-of-Indonesias-Game-Industry.pdf,,2026-09-09,research_partner,raw/ID/agate2025.pdf,Full report,full_source,"Primary industry report downloaded, but text layer is sparse and no additional verified national employment count extracted."
IL,IL_gameis2021,"The Israeli Video Games Ecosystem, 2021 edition",Deloitte Israel and GameIS,https://www.vccafe.com/wp-content/uploads/2022/12/GameIS-Report-2021-0722.pdf,2022-07-11,2026-09-09,research_partner,raw/IL/gameis2021.pdf,p22 employment; pp23-25 company profiles; p29 categories; pp31-32 company roster,full_source,Original authored report preserved on a public mirror. Copyright 2022; contemporary Hebrew release dated 11 July 2022. Mirror upload December 2022 is not observation date.
IN,IN_mibey2025,A studio called India,Ministry of Information and Broadcasting / EY,https://www.mib.gov.in/sites/default/files/2025-06/a-studio-called-india_0.pdf,,2026-09-09,research_partner,raw/IN/mib2025-studio.pdf,"pp 11,89,92,122",full_source,Government-hosted primary research report. 2025 edition; exact publication day not verified. Methodology warns that significant assumptions underlie employment estimates.
IN,IN_primus2025,India’s $9.2 B Gaming Boom: Powered by 591 M Players and AI,Primus Partners,https://primuspartners.in/docs/documents/India%E2%80%99s%209.2B%20Dollar%20Gaming%20Boom_Powered%20by%20591M%20Players%20and%20AI.pdf,,2026-09-09,research_partner,raw/IN/primus2025.pdf,"PDF pp 5,23",full_source,
JP,JP_cesa2025,CESA Game Industry Report 2025 release,CESA,https://www.cesa.or.jp/uploads/2025/release_game_industry_report2025.pdf,2025-12-15,2026-09-09,industry_association,raw/JP/cesa2025-release.pdf,p 3,public_summary,Full 462-page report is paid; public release inspected. No purchase. Employment paragraph does not specify observation year.
JP,JP_cedec2024,Game developers employment and career formation 2024,CESA / CEDEC,https://www.cesa.or.jp/uploads/2025/info20250120-1.pdf,2025-01-20,2026-09-09,industry_association,raw/JP/cedec2024.pdf,"pp 5,25",full_source,
JP,JP_cedec2025,Game developers employment and career formation 2025,CESA / CEDEC,https://www.cesa.or.jp/uploads/2026/info20260106-2.pdf,2026-01-06,2026-09-09,industry_association,raw/JP/cedec2025.pdf,"pp 5,22",full_source,
KR,KR_content2018,2018 Content Industry Statistics: game-industry extract,MCST / KOCCA,https://welcon.kocca.kr/cmm/fms/CrawlingFileDown.do?atchFileId=FILE_cd8dabeb-4b74-4f37-9b7f-121bfba576ab&fileSn=1,,2026-09-09,government,raw/KR/kocca2018.pdf,"Printed pp 187,189–190; PDF pp 23,25–26, tables 3-4-13 and 3-4-16",full_source,2018 edition covers 2017. Exact publication day unverified.
KR,KR_white2019,"2019 White Paper on Korean Games, summary",MCST / KOCCA,https://welcon.kocca.kr/cmm/fms/CrawlingFileDown.do?atchFileId=FILE_7fde6d3f-d244-4e34-9269-cad836fd20ec&fileSn=1,,2026-09-09,government,raw/KR/kocca2019.pdf,"Printed p 10; PDF p 28, table 5",full_source,
KR,KR_white2020,"2020 White Paper on Korean Games, English summary",MCST / KOCCA,https://welcon.kocca.kr/cmm/fms/CrawlingFileDown.do?atchFileId=FILE_94d12cb2-a33a-4bea-abe6-f0afcf9b349d&fileSn=1,,2026-09-09,government,raw/KR/kocca2020-en.pdf,"Printed p 12; PDF p 14, table 5",full_source,
KR,KR_white2025,"2025 White Paper on Korean Games, English summary",MCST / KOCCA,https://welcon.kocca.kr/cmm/fms/CrawlingFileDown.do?atchFileId=FILE_d10cac1b-7647-42a3-b7eb-c5330bc2dfd9&fileSn=1,2026-05-27,2026-09-09,government,raw/KR/kocca2025-en.pdf,"PDF/printed p 9, table 1-5",full_source,KOCCA portal posted English summary on 2026-05-27; underlying edition labelled 2025 and observation year 2024.
KR,KR_white2021,"2021 White Paper on Korean Games, English summary",MCST / KOCCA,https://welcon.kocca.kr/cmm/fms/CrawlingFileDown.do?atchFileId=FILE_573eeddc-9abe-4bfc-8377-a5614989a5b8&fileSn=1,,2026-09-09,government,raw/KR/kocca2021-en.pdf,"Printed p 11/PDF p 13, table 5",full_source,Original Korean White Paper publication announced 2021-12-20; exact publication day for English summary not verified.
MY,MY_mdec2024,Southeast Asia Game Talent Economics Report 2024,Malaysia Digital Economy Corporation (MDEC),https://www.mdec.my/ms/static/pdf/digitalcontent/SEA-Game-Talent-Economics-Report%202024_FINAL.pdf,,2026-09-09,government,raw/MY/mdec2024-sea-talent.pdf,PDF p 24 survey scope; Malaysia chapter pp 48–60; p 37 freelance/company-size comparison,full_source,295 individual respondents and 48 studios across six countries. Country salary breakdowns are sample-based; no national worker total extracted.
MY,MY_mdec2021,Southeast Asia Game Industry Report 2021,MDEC,https://www.mdec.my/static/pdf/digitalcontent/SEA-game-industry-report-2021.pdf,,2026-09-09,government,raw/MY/mdec2021-sea.pdf,"pp 24,27–28, Malaysia section",full_source,"Regional studio survey; foreign ownership means company ownership, not employee citizenship. External development/work-for-hire share refers to studio business activity, not freelancer headcount."
NL,NL_gm2024,Games Monitor 2024,Dutch Games Association / Dutch Game Garden / NEO Observatory,https://investgame.net/wp-content/uploads/2025/12/2025-12-17-GM24_losse_paginas.pdf,,2026-09-09,industry_association,raw/NL/gm2024.pdf,"pp 18, 73, 83–86",full_source,"Primary-authored report publicly mirrored by InvestGame; survey conducted January/February 2025; employment observation 2023, despite report title 2024."
NL,NL_gm2015,Games Monitor 2015,Dutch Game Garden / TNO / NEO Observatory,https://catalogus.boekman.nl/pub/P16-0091.pdf,,2026-09-09,industry_association,raw/NL/gm2015.pdf,"pp 4, 8, 35",full_source,Primary-authored report mirrored by Boekman. May 2015 LISAdata; survey 130 companies; estimated remaining 35 companies with missing employment.
NO,NO_spill2024,Spillrapporten 2024,Norsk filminstitutt / Virke Produsentforeningen,https://cdn.craft.cloud/0df8a7fe-ef75-40cb-9e44-53aac4ffeac2/assets/uploads/documents/Rapporter/Innsiktsrapporter/Spillrapporten-2024.pdf,2026-02-06,2026-09-09,government,raw/NO/extract.txt,"pp 6, 8, 10–11",full_source,Full PDF read via public web extraction. Direct filesystem download returned HTTP 403; retained source extract instead of invalid PDF.
NZ,NZ_survey2015,NZGDA industry survey 2015,NZGDA; Tim Thorpe Consulting / Premium Research; IGEA hosts 2016 release,https://www.nzgda.com/blog/news/survey2015,2015-08-21,2026-09-09,industry_association,raw/NZ/survey2015.html,Employment / Job Creation / Skills / survey methodology paragraphs,public_summary,2025 site publication 25 Nov 2025; same NZGDA release appeared on Scoop 26 Sep 2025. Retained source-native publication date.
NZ,NZ_survey2016,NZ video game exports continue to grow (NZGDA release),NZGDA; Tim Thorpe Consulting / Premium Research; IGEA hosts 2016 release,https://igea.net/2016/08/nz-video-game-exports-continue-to-grow/,2016-08-03,2026-09-09,industry_association,raw/NZ/survey2016.html,Employment / Job Creation / Skills / survey methodology paragraphs,public_summary,2025 site publication 25 Nov 2025; same NZGDA release appeared on Scoop 26 Sep 2025. Retained source-native publication date.
NZ,NZ_survey2017,NZGDA industry survey 2017,NZGDA; Tim Thorpe Consulting / Premium Research; IGEA hosts 2016 release,https://www.nzgda.com/blog/news/survey2017,2017-09-04,2026-09-09,industry_association,raw/NZ/survey2017.html,Employment / Job Creation / Skills / survey methodology paragraphs,public_summary,2025 site publication 25 Nov 2025; same NZGDA release appeared on Scoop 26 Sep 2025. Retained source-native publication date.
NZ,NZ_survey2018,NZGDA industry survey 2018,NZGDA; Tim Thorpe Consulting / Premium Research; IGEA hosts 2016 release,https://www.nzgda.com/blog/news/survey2018,2018-08-02,2026-09-09,industry_association,raw/NZ/survey2018.html,Employment / Job Creation / Skills / survey methodology paragraphs,public_summary,2025 site publication 25 Nov 2025; same NZGDA release appeared on Scoop 26 Sep 2025. Retained source-native publication date.
NZ,NZ_survey2019,NZGDA industry survey 2019,NZGDA; Tim Thorpe Consulting / Premium Research; IGEA hosts 2016 release,https://www.nzgda.com/blog/news/survey2019,2020-02-07,2026-09-09,industry_association,raw/NZ/survey2019.html,Employment / Job Creation / Skills / survey methodology paragraphs,public_summary,2025 site publication 25 Nov 2025; same NZGDA release appeared on Scoop 26 Sep 2025. Retained source-native publication date.
NZ,NZ_survey2020,NZGDA industry survey 2020,NZGDA; Tim Thorpe Consulting / Premium Research; IGEA hosts 2016 release,https://www.nzgda.com/blog/news/survey2020,2020-12-11,2026-09-09,industry_association,raw/NZ/survey2020.html,Employment / Job Creation / Skills / survey methodology paragraphs,public_summary,2025 site publication 25 Nov 2025; same NZGDA release appeared on Scoop 26 Sep 2025. Retained source-native publication date.
NZ,NZ_survey2021,NZGDA industry survey 2021,NZGDA; Tim Thorpe Consulting / Premium Research; IGEA hosts 2016 release,https://www.nzgda.com/blog/news/survey2021,2021-12-10,2026-09-09,industry_association,raw/NZ/survey2021.html,Employment / Job Creation / Skills / survey methodology paragraphs,public_summary,2025 site publication 25 Nov 2025; same NZGDA release appeared on Scoop 26 Sep 2025. Retained source-native publication date.
NZ,NZ_survey2022,NZGDA industry survey 2022,NZGDA; Tim Thorpe Consulting / Premium Research; IGEA hosts 2016 release,https://www.nzgda.com/blog/news/nz-interactive-media-industry-survey-2022,2022-11-28,2026-09-09,industry_association,raw/NZ/survey2022.html,Employment / Job Creation / Skills / survey methodology paragraphs,public_summary,2025 site publication 25 Nov 2025; same NZGDA release appeared on Scoop 26 Sep 2025. Retained source-native publication date.
NZ,NZ_survey2023,NZGDA industry survey 2023,NZGDA; Tim Thorpe Consulting / Premium Research; IGEA hosts 2016 release,https://www.nzgda.com/blog/news/nz-interactive-media-industry-survey-2023,2023-12-19,2026-09-09,industry_association,raw/NZ/survey2023.html,Employment / Job Creation / Skills / survey methodology paragraphs,public_summary,2025 site publication 25 Nov 2025; same NZGDA release appeared on Scoop 26 Sep 2025. Retained source-native publication date.
NZ,NZ_survey2024,NZGDA industry survey 2024,NZGDA; Tim Thorpe Consulting / Premium Research; IGEA hosts 2016 release,https://www.nzgda.com/blog/news/2024-industry-survey-results,2024-10-23,2026-09-09,industry_association,raw/NZ/survey2024.html,Employment / Job Creation / Skills / survey methodology paragraphs,public_summary,2025 site publication 25 Nov 2025; same NZGDA release appeared on Scoop 26 Sep 2025. Retained source-native publication date.
NZ,NZ_survey2025,NZGDA industry survey 2025,NZGDA; Tim Thorpe Consulting / Premium Research; IGEA hosts 2016 release,https://www.nzgda.com/blog/new-zealand-game-development-industry-breaks-records,2025-11-25,2026-09-09,industry_association,raw/NZ/survey2025.html,Employment / Job Creation / Skills / survey methodology paragraphs,public_summary,2025 site publication 25 Nov 2025; same NZGDA release appeared on Scoop 26 Sep 2025. Retained source-native publication date.
PH,PH_boi2018,BOI approves micro enterprise game development project,Philippine Board of Investments,https://boi.gov.ph/boi-approves-micro-enterprise-game-development-project/,2018-01-18,2026-09-09,government,raw/PH/boi2018-extract.txt,Video Game Industry Roadmap 2016–2022 paragraph; final Gamescom paragraph,public_summary,Official page text inspected; direct archive download returned 403. Inconsistent relative-date references retained as an observation-date limitation.
PL,PL_parp2021,The Game Industry of Poland – Report 2021,PARP / Game Industry Conference,https://www.parp.gov.pl/storage/publications/pdf/GIofP_2021_FINAL.pdf,,2026-09-09,government,raw/PL/parp2021_extract.txt,"printedpp 7–9, 45–47",full_source,"Full public PDF inspected via web extraction; direct downloads returned HTML, so curated source extract retained."
PL,PL_parp2023,The Game Industry of Poland – Report 2023,PARP / Game Industry Conference,https://www.parp.gov.pl/storage/publications/pdf/The_Game_Industry_Poland_2023_12_07.pdf,,2026-09-09,government,raw/PL/parp2023_extract.txt,"printedpp 9, 13, 58–59, 166",full_source,"Full public PDF inspected via web extraction; direct downloads returned HTML, so curated source extract retained."
PL,PL_parp2025,The Game Industry of Poland – Report 2025,PARP / Game Industry Conference,https://www.parp.gov.pl/storage/publications/pdf/The_Game_Industry_Poland_2025_12_29.pdf,,2026-09-09,government,raw/PL/parp2025_extract.txt,"printedpp 17–19, 57–58",full_source,"Full public PDF inspected via web extraction; direct downloads returned HTML, so curated source extract retained."
RO,RO_rgda2025,Romania game development industry in 2024,Romanian Game Developers Association,https://rgda.ro/wp-content/uploads/2025/09/2025-09-12-RGDA-Romania-game-development-industry-in-2024-EN-BT.pdf,,2026-09-09,industry_association,raw/RO/rgda2025.pdf,p 2,full_source,"2025 release, 2024 observation. Company profile nationality not worker citizenship."
RO,RO_rgda2023,Romanian video-games industry development 2022,RGDA,https://rgda.ro/wp-content/uploads/2023/10/2023-10-05-RGDA-Infografic-industrie-2022-EN.pdf,,2026-09-09,industry_association,raw/RO/rgda2023.pdf,p 1,full_source,
RO,RO_rgda2024,Romanian video-games industry development 2023,RGDA,https://rgda.ro/wp-content/uploads/2024/11/RGDA_2024_snapshot_07_EN.png,,2026-09-09,industry_association,raw/RO/rgda2024.png,headcount infographic,full_source,
RO,RO_release2019,Industry Report 2019 highlights,RGDA,https://rgda.ro/romanian-industry-report/,,2026-09-09,industry_association,,2018 highlights,public_summary,
RO,RO_release2021,Industry Report 2021 highlights,RGDA,https://rgda.ro/romanian-industry-report-2021/,,2026-09-09,industry_association,,2020 highlights,public_summary,
RS,RS_sga2025,Serbian Gaming Industry Report 2025,Serbian Games Association / PwC Serbia,https://drive.google.com/file/d/13v7hKUPgvmQ8U3wKv--P3DToxLiWSxid/view,2026-04-20,2026-09-09,industry_association,raw/RS/sga2025.pdf,"pp 10–11, 16, 39",full_source,
RS,RS_release2025,"Fewest games released, highest revenue ever: 2025 industry report",Serbian Games Association,https://sga.rs/en/news/fewest-games-released-highest-revenue-ever-read-the-new-report-on-serbian-video-game-industry-for-2025/,2026-04-20,2026-09-09,industry_association,,Other data section,public_summary,
SE,SE_gdi2025,Game Developer Index 2025,Dataspelsbranschen,https://static1.squarespace.com/static/5a61edb7a803bb7a65252b2d/t/693689ed99d1c01715824468/1765181933680/Game-Developer-Index-2025-ENG-WEB.pdf,,2026-09-09,industry_association,raw/SE/gdi2025.pdf,"pp 18, 60–61",full_source,Swedish edition launched 12 November 2025; English PDF delivered December 2025. Actual financial reporting years sometimes differ.
SG,SG_mddi2022,Infocomm and media professionals required: parliamentary answer,Singapore Ministry of Communications and Information (now MDDI),https://www.mddi.gov.sg/newsroom/infocomm-and-media-professionals-required/,2022-08-02,2026-09-09,government,raw/SG/mddi2022-parliament.html,Answer paragraphs 3–5,full_source,Official parliamentary answer for sitting on 2 August 2022; date read from archived HTML.
TR,TR_egdf2023,2023 European Video Games Industry Insight Report: Turkey,EGDF / TOGED; supported by Video Games Europe,https://www.egdf.eu/wp-content/uploads/2025/08/2023-European-video-games-industry-insight-report.pdf,,2026-09-09,industry_association,raw/TR/egdf2023.pdf,p57 Turkey chart; pp74-76 questionnaire,full_source,Published August 2025; exact day not verified on original release. National-association data compiled by EGDF.
TR,TR_invest2025,The State of Turkish Gaming Ecosystem 2025,Investment and Finance Office of the Presidency of Türkiye; startups.watch,https://www.invest.gov.tr/en/library/publications/lists/investpublications/the-state-of-turkish-gaming-ecosystem-2025.pdf?download=,,2026-09-09,government,raw/TR/invest2025.pdf,p12 studio size; whole report screened,full_source,"2025 edition with 2026 references; no total workforce recovered. Original file download requires download query. Scope figures concern companies and investments, not a workforce census."
TR,TR_market2023,Türkiye Game Market Report 2023,Gaming in Türkiye,https://investgame.net/wp-content/uploads/2024/07/turkiye-game-market-report-2023_compressed.pdf,,2026-09-09,research_partner,raw/TR/market2023.pdf,Full report searched for employment; studio and venue tables,full_source,2023 report on public mirror; no verification of the 2500-3000 workforce attribution made by the thesis.
TR,TR_market2025,Türkiye Game Market Report 2025,Gaming in Türkiye,https://investgame.net/wp-content/uploads/2026/02/2026-02-17-trkiye_game_market_report_2025-compressed_wp.pdf,2026-02-17,2026-09-09,research_partner,raw/TR/market2025.pdf,Full report screened; company/industry sections,full_source,"365-page original report on public mirror; includes market size and ecosystem commentary, no verified total national workforce in inspected text. Publisher archive confirms release date."
TR,TR_thesis2025,Rethinking Auteur and Authority on Creative Actors in Turkish Video Game Industry,"Yiğit Tarlabölen, Başkent University",https://acikerisim.baskent.edu.tr/server/api/core/bitstreams/ecfd58a7-4c0f-4e93-a1a3-7449f29ea70a/content,,2026-09-09,secondary,raw/TR/thesis2025.pdf,printed p4 / PDF p14,secondary_only,"2025 thesis; exact publication date unresolved. Its population estimate is attributed to Gaming in Türkiye 2023, not measured by the thesis interviews."
TW,TW_taicca2022,"2022–2023 Taiwan Cultural Content Industry Survey, volume IV: Games",Taiwan Creative Content Agency (TAICCA),https://taicca.tw/files/book/1741142752642.pdf,2025-03-07,2026-09-09,government,raw/TW/taicca2022-extract.txt,"Printed pp 8,11; PDF pp 14,17; section 1.4 and footnote 3",full_source,Full primary PDF text inspected through web tool; direct PDF download returned 403/timeouts. Extract saved. Employment is current-company respondent sum in a report whose economic period is 2022; exact employment reference date is not stated separately.
TW,TW_taicca2023_landing,2023 Taiwan Cultural Content Industry Survey: Games,TAICCA,https://taicca.tw/intelligence/industry_research/detail/71,2025-06-20,2026-09-09,government,,Report announcement and scope,public_summary,Landing page inspected; download/preview controls not exposed as ordinary links. Newer employment table not retrieved.
TW,TW_taicca2024_landing,2024 Taiwan Cultural Content Industry Survey: Games,TAICCA,https://taicca.tw/intelligence/industry_research/detail/81,2026-07-23,2026-09-09,government,,Report announcement and scope,public_summary,Landing page inspected; download/preview controls not exposed as ordinary links. Newer employment table not retrieved.
UA,UA_dou2026,"Top 25 game-development companies in Ukraine,February 2026",GameDev DOU,https://gamedev.dou.ua/articles/top-gamedev-companies-2026/,2026-03-16,2026-09-09,research_partner,raw/UA/dou2026_extract.txt,Methodology and largest-company comparison,full_source,Original company questionnaire and editorial estimates. Full article read; embedded overall total not available in text extraction.
US,US_esa2017,Video Games in the 21st Century: 2017 Economic Impact Report,ESA / Stephen Siwek,https://www.theesa.com/wp-content/uploads/2024/02/2017-EIR-National-Report.pdf,,2026-09-09,industry_association,raw/US/esa2017.pdf,"2017 pp12,19; 2020 p9 Table1; 2024 pp8-11 Table1; 2026 pp8-12 Table1 and pp35-38",full_source,Migrated upload dates are not publication dates. Report year is publication vintage.
US,US_esa2020,Video Games in the 21st Century: 2020 Economic Impact Report,ESA / TEConomy,https://www.theesa.com/wp-content/uploads/2024/02/Video-Games-in-the-21st-Century-2020-Economic-Impact-Report-Final.pdf,,2026-09-09,industry_association,raw/US/esa2020.pdf,"2017 pp12,19; 2020 p9 Table1; 2024 pp8-11 Table1; 2026 pp8-12 Table1 and pp35-38",full_source,Migrated upload dates are not publication dates. Report year is publication vintage.
US,US_esa2024,Video Games in the 21st Century: 2024 Economic Impact Report,ESA / TEConomy,https://www.theesa.com/wp-content/uploads/2024/02/EIR_ESA_2024.pdf,,2026-09-09,industry_association,raw/US/esa2024.pdf,"2017 pp12,19; 2020 p9 Table1; 2024 pp8-11 Table1; 2026 pp8-12 Table1 and pp35-38",full_source,Migrated upload dates are not publication dates. Report year is publication vintage.
US,US_esa2026,Video Games in the 21st Century: 2026 Economic Impact Report,ESA / TEConomy,https://www.theesa.com/wp-content/uploads/2026/04/EIR_2026_FINAL.pdf,,2026-09-09,industry_association,raw/US/esa2026.pdf,"2017 pp12,19; 2020 p9 Table1; 2024 pp8-11 Table1; 2026 pp8-12 Table1 and pp35-38",full_source,Migrated upload dates are not publication dates. Report year is publication vintage.
VN,VN_briefing2024,Vietnam’s Gaming Industry in 2024: Robust Growth and Emerging Opportunities,Vietnam Briefing / Dezan Shira & Associates,https://www.vietnam-briefing.com/news/vietnam-gaming-industry-growth-opportunities.html/,2024-12-25,2026-09-09,secondary,raw/VN/vietnambriefing2024-extract.txt,Revenue/employment table and following Supportive dynamics paragraph,secondary_only,
VN,VN_government2025,Vietnam’s game industry aims toward a billion-dollar goal,Government of Vietnam news portal,https://baochinhphu.vn/nganh-cong-nghiep-game-viet-huong-toi-muc-tieu-ty-usd-102250526134104195.htm,2025-05-26,2026-09-09,government,raw/VN/government2025-extract.txt,Paragraph citing Vietnam Briefing employment 2024,public_summary,Secondary reporting on official government news site; does not validate an independent official workforce survey.
VN,VN_nhandan2025,Xây bệ phóng cho game Việt,Nhan Dan,https://nhandan.vn/xay-be-phong-cho-game-viet-post911729.html,2025-10-02,2026-09-09,secondary,raw/VN/nhandan2025-10000.html,Interview with mobile-game business owner NT,secondary_only,
