iso2,country,series_id,chart_eligible,trend_eligible,index_2019_eligible,comparison_target,geography_basis,population_basis,unit,assessment
AU,Australia,AU_igea_survey,True,False,False,Domestic development and publishing employment,domestic_workplace,survey_sample,source_reported_full_time_employment,Financial years ending 30 June. Changing studio samples; no continuous population estimate or index.
AU,Australia,AU_igea_augmented,True,False,False,Domestic development and publishing employment,domestic_workplace,national_estimate,source_reported_full_time_employment,Methodology break from historical survey. Source_native total retained; do not calculate a consistent 2024-25 decline.
AU,Australia,AU_abs_headcount,True,False,False,Domestic development and publishing employment,domestic_workplace,national_estimate,people,"Headcount snapshots, no 2019 baseline. ABS cautions comparisons to 2015-16 as categories changed; do not join to IGEA."
BR,Brazil,BR_developer_people,True,False,False,Domestic development and publishing employment,unknown,national_estimate,people,"Discrete survey estimates with changing mapped coverage and respondent composition. 2018 historical chart contradicts table; use table 4,234 confirmed in 2022 and 2023. Not FTE or payroll-only national employment."
BR,Brazil,BR_sample_people,False,False,False,Domestic development and publishing employment,unknown,survey_sample,people,"Changing sample, never substitute for estimated national workforce."
BR,Brazil,BR_outsourced_count,True,False,False,Domestic development and publishing employment,unknown,survey_sample,people,"Sample count only. No cross-year cohort consistency, deduplication of individuals across employers or worker-location coverage established."
BR,Brazil,BR_outsourced_share,True,False,False,Domestic development and publishing employment,unknown,survey_sample,percent,Denominators differ and samples change. Cannot gross up by national developer headcount or infer employee-to-freelancer substitution.
BR,Brazil,BR_foreign_sample,True,False,False,Domestic development and publishing employment,unknown,survey_sample,people,Not a national foreign-national estimate and not comparable across changed respondents. Do not multiply sample proportions into national workforce.
CA,Canada,CA_statcan_ilu,True,True,True,Domestic development and publishing employment,domestic_workplace,administrative_population,ILU,"Consistent annual unit, but ILU is neither FTE nor point-in-time headcount. Use Table 3 values: adjacent prose incorrectly describes a 2022 total decline."
CA,Canada,CA_esac_legacy,True,False,False,Domestic development and publishing employment,domestic_workplace,national_estimate,FTE,2017 and 2019 survey vintages; 2021 original retained but superseded by revised estimate. Dates can mean prior fiscal year or survey-year business status. Cannot join revised 2021/2024 as an unbroken method.
CA,Canada,CA_esac_revised,True,True,False,Domestic development and publishing employment,domestic_workplace,national_estimate,FTE,"2024 method adds eight company-size strata; source reapplied method to 2021, making this pair comparable. Reference periods 2020-21 and 2023-24."
CA,Canada,CA_esac_2015_undated,False,False,False,Domestic development and publishing employment,domestic_workplace,national_estimate,FTE,"Executive summary says 2015, direct employment section explicitly says 2014. Year left null; do not place automatically on 2015 axis."
CA,Canada,CA_contract_share,True,False,False,Domestic development and publishing employment,domestic_workplace,survey_sample,percent,Changing respondents and model weights; cannot multiply these shares into StatCan ILUs or national headcount.
CA,Canada,CA_immigration_share,True,False,False,Domestic development and publishing employment,domestic_workplace,survey_sample,percent,Naturalized citizens are Canadian citizens; never count them as foreign nationals. Permanent residence and TFW status do not equal place of birth. No national gross-up.
CN,China,CN_listed_panel,True,False,False,Domestic development and publishing employment,unknown,company_panel,people,"Company panel excluded from national core chart and index; cannot infer country employment contraction. Eligible only for a clearly labelled source-native snapshot, sample or context chart; not a comparable domestic core trend."
CN,China,CN_broad_2018_claim,False,False,False,Domestic development and publishing employment,unknown,unknown,people,Secondary attributed national figure with undefined scope; cannot compare with CNG listed-company panel.
CY,Cyprus,CY_local,True,True,True,Domestic development and publishing employment,domestic_workplace,administrative_population,people,Continuous 2019-2024 chart from one report vintage; domestic tax employment is explicit. Index is a within-series change only. Pure core scope and contractor coverage remain imperfect.
DE,Germany,DE_core,True,True,True,Domestic development and publishing employment,domestic_workplace,national_estimate,people,Core market only. Snapshot year differs from financial observation-year series abroad. Persistent gamesmap concept; underlying population evolves.
DE,Germany,DE_2026_unresolved,False,False,False,Domestic development and publishing employment,domestic_workplace,national_estimate,people,Latest narrative number cannot be reconciled with chart or reported decline. Keep nonpreferred evidence; do not calculate growth.
DK,Denmark,DK_payroll_fte,True,True,False,Domestic development and publishing employment,domestic_workplace,administrative_population,FTE,"2024 edition reconstructs five previous years. Company population revised in 2021; use within-edition history, not naive edition splicing."
DK,Denmark,DK_payroll_fte_v2018,True,True,False,Domestic development and publishing employment,domestic_workplace,administrative_population,FTE,"Separate historical vintage. Do not splice with 2021 or 2024 editions: population changed. 2017 old value 1,009 differs from 2024 vintage 737."
DK,Denmark,DK_payroll_fte_v2021,True,True,False,Domestic development and publishing employment,domestic_workplace,administrative_population,FTE,2016–2019 within-vintage history; not a year-by-year complete historical population. 2021 report expressly warns against edition comparison.
ES,Spain,ES_direct,True,True,True,Domestic development and publishing employment,domestic_workplace,national_estimate,people,Domestic development-company workers; precise handling of owners and cross-border direct staff not fully specified. Retrospective direct series; explicit external freelancers separated.
ES,Spain,ES_external_freelancers,True,True,False,Domestic development and publishing employment,unknown,national_estimate,people,Studios also outsource abroad; do not assume all freelancers reside in Spain
ES,Spain,ES_foreign_origin_share,True,False,False,Domestic development and publishing employment,domestic_workplace,survey_sample,percent,Foreign origin is not automatically foreign citizenship. Survey year 2020 refers workforce 2019.
ES,Spain,ES_eu_of_foreign,True,False,False,Domestic development and publishing employment,domestic_workplace,survey_sample,percent,Nested subgroup; not 55% of all workers
ES,Spain,ES_permanent_contract_share,True,False,False,Domestic development and publishing employment,domestic_workplace,survey_sample,percent,Contract permanence not freelancer share
FI,Finland,FI_studios_global,True,True,False,Domestic development and publishing employment,company_worldwide,national_estimate,people,Publisher labels total people; domestic 2024 component described as FTE. Not country-comparable; no 2019 baseline.
FI,Finland,FI_domestic_2024_fte,True,False,False,Domestic development and publishing employment,domestic_workplace,national_estimate,FTE,Reportp 12 explicitly uses FTE even though nearby passages call the same figure people; retained as FTE without conversion.
FI,Finland,FI_overseas,True,True,False,Domestic development and publishing employment,company_worldwide,national_estimate,people,Separate overseas component
FI,Finland,FI_domestic_derived,False,True,False,Domestic development and publishing employment,domestic_workplace,national_estimate,people,Subtract overseas from global; not independently verified as headcount versus FTE; excluded from cross-country charts
FI,Finland,FI_nonfinnish_sample,True,False,False,Domestic development and publishing employment,domestic_workplace,survey_sample,percent,Different survey coverage by year; not grossed up to national or global counts
FI,Finland,FI_nonfinnish_estimate,True,False,False,Domestic development and publishing employment,domestic_workplace,national_estimate,percent,Publisher adjusts sample 37% to estimated 34–35% nationally
FI,Finland,FI_non_eu_eea_sample,True,False,False,Domestic development and publishing employment,domestic_workplace,survey_sample,percent,Sample composition changed between reports
FR,France,FR_ey_direct_fte,True,True,False,Domestic development and publishing employment,domestic_workplace,national_estimate,FTE,Domestic direct employee FTE. Games-specificp 54 exclusion of independent workers overrides the generic appendix discussion of non-salaried work. Preferred annual chart retains the consistent roundedp 56 series; exactp 54 endpoints 6674 and 9944 are separately preserved nonpreferred. No splice with older EY editions.
FR,France,FR_sample_permanent,True,False,False,Domestic development and publishing employment,domestic_workplace,survey_sample,percent,Survey contract composition only; never multiplied by EY national FTE.
FR,France,FR_sample_apprentices,True,False,False,Domestic development and publishing employment,domestic_workplace,survey_sample,percent,Survey contract composition only; never multiplied by EY national FTE.
GB,United Kingdom,GB_tiga_fte,True,True,False,Domestic development and publishing employment,domestic_workplace,national_estimate,FTE,"Survey endpoint snapshots, not annual averages. 2025 exact FTE not disclosed in inspected summary. No 2019 observation; never use 2018 or 2020 as 2019 baseline."
GB,United Kingdom,GB_tiga_people,True,True,False,Domestic development and publishing employment,domestic_workplace,national_estimate,people,Total workforce including freelancers. Public releases use headcount rather than FTE. Contractor location/deduplication across firms not fully explained publicly.
GB,United Kingdom,GB_tiga_freelancers,True,True,False,Domestic development and publishing employment,domestic_workplace,national_estimate,people,"2025 is explicitly more than 4,245, not an exact point. Do not subtract lower bound from total to estimate employees."
GB,United Kingdom,GB_dcms_jobs,True,False,False,Domestic development and publishing employment,domestic_residence,national_estimate,jobs,"Official statistics in development; accreditation suspended August 2025 over APS quality. Plot with uncertainty, not as reliable annual hiring/layoff change; do not combine with TIGA or use in headline index."
GB,United Kingdom,GB_ukie_freelancer_share,True,False,False,Domestic development and publishing employment,domestic_residence,survey_sample,percent,"Recruitment changes from 36% open link in 2021 to 71% in 2025-26. No national gross-up, no causal interpretation of differences, and no summed foreign-national share where categories can overlap."
GB,United Kingdom,GB_ukie_nationality_share,True,False,False,Domestic development and publishing employment,domestic_residence,survey_sample,percent,"Recruitment changes from 36% open link in 2021 to 71% in 2025-26. No national gross-up, no causal interpretation of differences, and no summed foreign-national share where categories can overlap."
ID,Indonesia,ID_official_core_min,True,False,False,Domestic development and publishing employment,domestic_workplace,unknown,people,"Lower-bound mapping result, no national completeness or precise observation date verified. Do not infer 2015 count by reversing stated growth. Eligible only for a clearly labelled source-native snapshot, sample or context chart; not a comparable domestic core trend."
ID,Indonesia,ID_broad_impact,False,False,False,Domestic development and publishing employment,domestic_workplace,national_estimate,jobs,Indirect/broad impact not comparable with core employment.
IL,Israel,IL_ecosystem,True,False,False,Domestic development and publishing employment,unknown,unknown,people,"Context-only snapshots. Unresolved geography and wider industry scope bar national ranking, trends and index."
IN,India,IN_ey2025,False,False,False,Domestic development and publishing employment,domestic_workplace,national_estimate,people,Undated current estimate and unresolved online-gaming/RMG boundary; excluded from dated domestic core comparison.
IN,India,IN_primus2025,False,False,False,Domestic development and publishing employment,domestic_workplace,unknown,people,"130,000 claim is separate from EY 66,000 estimate, not a subsequent observation proving growth."
JP,Japan,JP_core_range,True,False,False,Domestic development and publishing employment,domestic_workplace,national_estimate,people,"Range only, observation year unresolved and hardware included. Do not map to 2024 or use a midpoint. Eligible only for a clearly labelled source-native snapshot, sample or context chart; not a comparable domestic core trend."
JP,Japan,JP_broad,False,False,False,Domestic development and publishing employment,domestic_workplace,national_estimate,people,Not eligible for country trend comparison without a verified annual domestic core series.
JP,Japan,JP_status_2024,True,False,False,Domestic development and publishing employment,unknown,survey_sample,percent,"Shares describe respondents only. Changing samples cannot estimate national contractor trends. Eligible only for a clearly labelled source-native snapshot, sample or context chart; not a comparable domestic core trend."
JP,Japan,JP_status_2025,True,False,False,Domestic development and publishing employment,unknown,survey_sample,percent,"Shares describe respondents only. Changing samples cannot estimate national contractor trends. Eligible only for a clearly labelled source-native snapshot, sample or context chart; not a comparable domestic core trend."
JP,Japan,JP_freelancers_2024,True,False,False,Domestic development and publishing employment,unknown,survey_sample,percent,"Shares describe respondents only. Changing samples cannot estimate national contractor trends. Eligible only for a clearly labelled source-native snapshot, sample or context chart; not a comparable domestic core trend."
JP,Japan,JP_freelancers_2025,True,False,False,Domestic development and publishing employment,unknown,survey_sample,percent,"Shares describe respondents only. Changing samples cannot estimate national contractor trends. Eligible only for a clearly labelled source-native snapshot, sample or context chart; not a comparable domestic core trend."
KR,South Korea,KR_core,True,True,False,Domestic development and publishing employment,domestic_workplace,national_estimate,people,Domestic development/publishing. Latest survey frame excludes operating firms with no revenue; when this rule began is unresolved. Index withheld because population-frame continuity is not fully audited.
KR,South Korea,KR_broad,False,False,False,Domestic development and publishing employment,domestic_workplace,national_estimate,people,"Broad direct industry headcount, not comparable with core developer/publisher totals."
KR,South Korea,KR_core_status_2017,True,False,False,Domestic development and publishing employment,domestic_workplace,national_estimate,people,"2017 composition uses original-vintage denominator, not later revised total. Eligible only for a clearly labelled source-native snapshot, sample or context chart; not a comparable domestic core trend."
NL,Netherlands,NL_domestic_broad,True,True,False,Domestic development and publishing employment,domestic_workplace,administrative_population,jobs,"Same published definition; most 2021–2023 decline is reclassification of company focus, not job loss. No 2019 observation."
NL,Netherlands,NL_foreign_passport_estimate,True,False,False,Domestic development and publishing employment,domestic_workplace,national_estimate,percent,Publisher estimate based on 2025 survey and supplementary company information. Observation date is not explicitly assigned; retained null.
NO,Norway,NO_sample_permanent,True,False,False,Domestic development and publishing employment,domestic_workplace,survey_sample,people,Changing sample coverage; no national gross-up and no cross-country ranking.
NO,Norway,NO_sample_temporary,True,False,False,Domestic development and publishing employment,domestic_workplace,survey_sample,people,Changing sample coverage; no national gross-up and no cross-country ranking.
NO,Norway,NO_sample_total,True,True,False,Domestic development and publishing employment,domestic_workplace,survey_sample,people,Sample counts are separately shown as people and FTE; no conversion.
NO,Norway,NO_sample_fte,True,True,False,Domestic development and publishing employment,domestic_workplace,survey_sample,FTE,Sample counts are separately shown as people and FTE; no conversion.
NZ,New Zealand,NZ_fulltime,True,False,False,Domestic development and publishing employment,mixed,survey_sample,full_time_positions,Fiscal years ending 31 March; reference-date exceptions in country notes. Variable samples and source units; no line trend or index. Overseas-office inclusion unresolved in later summaries.
NZ,New Zealand,NZ_workers,True,False,False,Domestic development and publishing employment,mixed,survey_sample,people,Fiscal years ending 31 March; reference-date exceptions in country notes. Variable samples and source units; no line trend or index. Overseas-office inclusion unresolved in later summaries.
NZ,New Zealand,NZ_fte,True,False,False,Domestic development and publishing employment,mixed,survey_sample,FTE,Fiscal years ending 31 March; reference-date exceptions in country notes. Variable samples and source units; no line trend or index. Overseas-office inclusion unresolved in later summaries.
NZ,New Zealand,NZ_visa_current,True,False,False,Domestic development and publishing employment,mixed,survey_sample,percent,Source-reported rounded share of survey workforce. Visa status is not citizenship; do not use to infer number of foreign nationals. No multiplication into national totals.
NZ,New Zealand,NZ_visa_ever,True,False,False,Domestic development and publishing employment,mixed,survey_sample,percent,Source-reported rounded share of survey workforce. Visa status is not citizenship; do not use to infer number of foreign nationals. No multiplication into national totals.
NZ,New Zealand,NZ_visa_counts,False,False,False,Domestic development and publishing employment,mixed,survey_sample,people,Counts retained for denominator audit. 2024 page conflicts (97 and 98); neither selected.
NZ,New Zealand,NZ_overseas,False,False,False,Domestic development and publishing employment,company_worldwide,survey_sample,FTE,Overseas locations are not nationality. Inclusion in headline employment unresolved; do not subtract automatically.
PH,Philippines,PH_boi2000,True,False,False,Domestic development and publishing employment,domestic_workplace,national_estimate,people,"Lower-bound snapshot with ambiguous observation year and specialist-services scope. Not suitable for annual core trend. Eligible only for a clearly labelled source-native snapshot, sample or context chart; not a comparable domestic core trend."
PL,Poland,PL_core_workforce,True,True,False,Domestic development and publishing employment,domestic_workplace,national_estimate,people,"Studio counting changed in 2025; the publisher says this is the only methodological shift. Workforce data can also be corrected as source coverage improves. Chart is an estimated industry workforce series, not a payroll census."
PL,Poland,PL_foreign_people,True,True,False,Domestic development and publishing employment,domestic_workplace,national_estimate,people,"Excludes service-only player support/localisation; same production workforce denominator, no global-company expansion."
PL,Poland,PL_foreign_share,True,True,False,Domestic development and publishing employment,domestic_workplace,national_estimate,percent,Bounds preserve publisher wording; no imputed midpoint.
RO,Romania,RO_employees2024,True,False,False,Domestic development and publishing employment,domestic_workplace,national_estimate,people,2024-only series because prior infographic explicitly includes collaborators. Source reports-7.4% but contractor perimeter not reconciled.
RO,Romania,RO_employees_collaborators,True,True,False,Domestic development and publishing employment,domestic_workplace,national_estimate,people,Includes collaborators; not automatically comparable to employee-only payroll measures.
RO,Romania,RO_earlier_benchmark,True,False,False,Domestic development and publishing employment,domestic_workplace,national_estimate,people,Rounded lower-bound statements; no point estimate inferred.
RS,Serbia,RS_national_estimate,True,True,False,Domestic development and publishing employment,mixed,national_estimate,people,National estimate distinguished from respondent count. Treatment of 115 respondent workers outside Serbia is unresolved; exclude strict domestic comparison.
RS,Serbia,RS_respondent_employees,True,False,False,Domestic development and publishing employment,mixed,survey_sample,people,Historical respondent totals are not national industry estimates.
RS,Serbia,RS_remote_abroad_sample,True,False,False,Domestic development and publishing employment,company_worldwide,survey_sample,people,Not foreign citizenship and not domestic employment.
SE,Sweden,SE_domestic,True,True,False,Domestic development and publishing employment,domestic_workplace,administrative_population,annual_average_full_time_positions,"Domestic series, distinct from overseas subsidiaries. 2024 sample excludes approximately 40 positions at firms bankrupt in 2025. King uses 2023 accounts. No conversion to year-end people."
SE,Sweden,SE_overseas,True,False,False,Domestic development and publishing employment,company_worldwide,national_estimate,people,Supplemental overseas count; never summed into Sweden domestic rankings
SG,Singapore,SG_games2021,True,False,False,Domestic development and publishing employment,domestic_workplace,national_estimate,people,"Approximate snapshot only; domestic core developer/publisher scope not separable. Eligible only for a clearly labelled source-native snapshot, sample or context chart; not a comparable domestic core trend."
TR,Turkey,TR_toged,True,False,False,Domestic development and publishing employment,mixed,national_estimate,FTE,Usable association snapshot only; mixed remote geography and missing local method prevent strict domestic comparison or a trend. No 2019 observation.
TR,Turkey,TR_secondary_range,False,False,False,Domestic development and publishing employment,unknown,unknown,people,Retained separately as secondary context. Conflicts with TOGED estimate; insufficient evidence to reconcile scope or date.
TW,Taiwan,TW_survey2022,True,False,False,Domestic development and publishing employment,unknown,survey_sample,people,133 responding companies; some missing employee counts imputed from 104 Job Bank. Respondent total is not a national workforce estimate. Games-company boundary may include adjacent activity.
UA,Ukraine,UA_panel_room8,False,False,False,Domestic development and publishing employment,mixed,company_panel,people,"Tax-residence basis, not domestic workplaces or nationality. Never sum selected companies as national industry total."
UA,Ukraine,UA_panel_ubisoft,False,False,False,Domestic development and publishing employment,mixed,company_panel,people,"Tax-residence basis, not domestic workplaces or nationality. Never sum selected companies as national industry total."
UA,Ukraine,UA_panel_playrix,False,False,False,Domestic development and publishing employment,mixed,company_panel,people,"Tax-residence basis, not domestic workplaces or nationality. Never sum selected companies as national industry total."
UA,Ukraine,UA_panel_playtika,False,False,False,Domestic development and publishing employment,mixed,company_panel,people,"Tax-residence basis, not domestic workplaces or nationality. Never sum selected companies as national industry total."
UA,Ukraine,UA_panel_net_change,False,False,False,Domestic development and publishing employment,mixed,company_panel,people,"Change over sixmonths; not an employment stock, not national layoffs."
US,United States,US_core,True,False,False,Domestic development and publishing employment,domestic_workplace,national_estimate,jobs,"Definition close across three editions, but database methodology changed. Plot discrete observations or explicit methodology breaks; no 2019 index."
US,United States,US_broad,True,False,False,Domestic development and publishing employment,domestic_workplace,national_estimate,jobs,2019-to-2023 removes entire activities and changes firm estimation; 2025 improves small-firm and remote coverage. Broad series cannot measure like-for-like job loss.
US,United States,US_software,True,False,False,Domestic development and publishing employment,domestic_workplace,national_estimate,jobs,2025 adds Platform explicitly; 2023 other may include some activities. Method changes preclude index.
US,United States,US_services,True,False,False,Domestic development and publishing employment,domestic_workplace,national_estimate,jobs,Different support-service coverage by edition; do not add this to contractor headcounts from other sources.
US,United States,US_mapping_2017,True,False,False,Domestic development and publishing employment,domestic_workplace,company_panel,people,2015 table excludes 151 locations without founding-year data; 2016 covers wider reporting universe. No comparable link to newer TEConomy series.
VN,Vietnam,VN_4100_claim,False,False,False,Domestic development and publishing employment,domestic_workplace,unknown,people,Conflicts with another workforce claim on same source page; not eligible for country core chart.
VN,Vietnam,VN_35000_claim,False,False,False,Domestic development and publishing employment,domestic_workplace,unknown,people,"Unreconciled with 4,100 workforce claim and not independently substantiated."
VN,Vietnam,VN_mobile_claim,False,False,False,Domestic development and publishing employment,domestic_workplace,unknown,people,"Subsector interview estimate, observation date only contemporary with 2025 article; exclude from annual trend."
