iso2,country,series_id,year,native_value,native_unit,baseline_2019,index_2019_100,observation_id,source_id
CA,Canada,CA_statcan_ilu,2019,57378,ILU,57378,100.0,CA_statcan_ilu_2019_CA_statcan2025_4,CA_statcan2025
CA,Canada,CA_statcan_ilu,2020,58221,ILU,57378,101.46920422461572,CA_statcan_ilu_2020_CA_statcan2025_5,CA_statcan2025
CA,Canada,CA_statcan_ilu,2021,58279,ILU,57378,101.57028826379448,CA_statcan_ilu_2021_CA_statcan2025_6,CA_statcan2025
CA,Canada,CA_statcan_ilu,2022,59689,ILU,57378,104.02767611279585,CA_statcan_ilu_2022_CA_statcan2025_7,CA_statcan2025
CY,Cyprus,CY_local,2019,1438,people,1438,100.0,CY_local_2019_CY_cygma2025_0,CY_cygma2025
CY,Cyprus,CY_local,2020,1631,people,1438,113.42141863699582,CY_local_2020_CY_cygma2025_1,CY_cygma2025
CY,Cyprus,CY_local,2021,2166,people,1438,150.6258692628651,CY_local_2021_CY_cygma2025_2,CY_cygma2025
CY,Cyprus,CY_local,2022,3105,people,1438,215.92489568845622,CY_local_2022_CY_cygma2025_3,CY_cygma2025
CY,Cyprus,CY_local,2023,4057,people,1438,282.1279554937413,CY_local_2023_CY_cygma2025_4,CY_cygma2025
CY,Cyprus,CY_local,2024,4320,people,1438,300.4172461752434,CY_local_2024_CY_cygma2025_5,CY_cygma2025
DE,Germany,DE_core,2019,11014,people,11014,100.0,DE_core_2019_DE_game2019_4,DE_game2019
DE,Germany,DE_core,2020,10071,people,11014,91.43816960232431,DE_core_2020_DE_game2025_5,DE_game2025
DE,Germany,DE_core,2021,10906,people,11014,99.01942981659705,DE_core_2021_DE_game2025_6,DE_game2025
DE,Germany,DE_core,2022,11242,people,11014,102.0700926094062,DE_core_2022_DE_game2025_7,DE_game2025
DE,Germany,DE_core,2023,11992,people,11014,108.87960777192664,DE_core_2023_DE_game2025_8,DE_game2025
DE,Germany,DE_core,2024,12408,people,11014,112.65661884873796,DE_core_2024_DE_game2025_9,DE_game2025
DE,Germany,DE_core,2025,12134,people,11014,110.1688759760305,DE_core_2025_DE_game2025_10,DE_game2025
ES,Spain,ES_direct,2019,7320,people,7320,100.0,ES_direct_2019_ES_dev2023_4,ES_dev2023
ES,Spain,ES_direct,2020,8026,people,7320,109.64480874316939,ES_direct_2020_ES_dev2025_5,ES_dev2025
ES,Spain,ES_direct,2021,8833,people,7320,120.66939890710383,ES_direct_2021_ES_dev2025_6,ES_dev2025
ES,Spain,ES_direct,2022,9261,people,7320,126.51639344262296,ES_direct_2022_ES_dev2025_7,ES_dev2025
ES,Spain,ES_direct,2023,10259,people,7320,140.15027322404373,ES_direct_2023_ES_dev2025_8,ES_dev2025
ES,Spain,ES_direct,2024,10508,people,7320,143.55191256830602,ES_direct_2024_ES_dev2025_9,ES_dev2025
