iso2,country,observation_id,series_id,source_id,observation_period,year,value,value_low,value_high,status,preferred,subgroup,denominator,source_locator,publication_vintage,method_break,break_note,derivation,notes,display_period,value_qualifier
AU,Australia,AU_igea_survey_2016_AU_agds2024_0,AU_igea_survey,AU_agds2024,FY ending 30 June 2016,2016,842,,,reported,True,all,All employment covered by this series.,p6 historical table,AU_agds2024,False,,,63 companies in source historical table; 2016 employment reference within fiscal year not further resolved.,,
AU,Australia,AU_igea_survey_2017_AU_agds2024_1,AU_igea_survey,AU_agds2024,FY ending 30 June 2017,2017,928,,,reported,True,all,All employment covered by this series.,p6 historical table,AU_agds2024,False,,,114 companies in source historical table; 2017 employment reference within fiscal year not further resolved.,,
AU,Australia,AU_igea_survey_2019_AU_agds2024_2,AU_igea_survey,AU_agds2024,FY ending 30 June 2019,2019,1275,,,reported,True,all,All employment covered by this series.,p6 historical table,AU_agds2024,False,,,143 companies in source historical table; 2019 employment reference within fiscal year not further resolved.,,
AU,Australia,AU_igea_survey_2020_AU_agds2024_3,AU_igea_survey,AU_agds2024,FY ending 30 June 2020,2020,1245,,,reported,True,all,All employment covered by this series.,p6 historical table,AU_agds2024,False,,,97 companies in source historical table; 2020 employment reference within fiscal year not further resolved.,,
AU,Australia,AU_igea_survey_2021_AU_agds2024_4,AU_igea_survey,AU_agds2024,FY ending 30 June 2021,2021,1327,,,reported,True,all,All employment covered by this series.,p6 historical table,AU_agds2024,False,,,187 companies in source historical table; 2021 employment reference within fiscal year not further resolved.,,
AU,Australia,AU_igea_survey_2022_AU_agds2024_5,AU_igea_survey,AU_agds2024,FY ending 30 June 2022,2022,2104,,,reported,True,all,All employment covered by this series.,p6 historical table,AU_agds2024,False,,,102 companies in source historical table; 2022 employment reference within fiscal year not further resolved.,,
AU,Australia,AU_igea_survey_2023_AU_agds2024_6,AU_igea_survey,AU_agds2024,FY ending 30 June 2023,2023,2458,,,reported,True,all,All employment covered by this series.,p6 historical table,AU_agds2024,False,,,111 companies in source historical table; 2023 employment reference within fiscal year not further resolved.,,
AU,Australia,AU_igea_survey_2024_AU_agds2024_7,AU_igea_survey,AU_agds2024,FY ending 30 June 2024,2024,2465,,,reported,True,all,All employment covered by this series.,p6 historical table,AU_agds2024,False,,,137 companies in source historical table; 2024 employment reference within fiscal year not further resolved.,,
AU,Australia,AU_igea_augmented_2025_AU_agds2025_8,AU_igea_augmented,AU_agds2025,FY 1 July 2024 to 30 June 2025; collected Oct 2025-Jan 2026,2025,2443,,,estimated,True,all,All employment covered by this series.,p1; p3,AU_agds2025,True,AU_faq2025 describes added employment estimates for nonresponding studios.,,,,
AU,Australia,AU_abs_headcount_2016_AU_abs2022_9,AU_abs_headcount,AU_abs2022,Last pay period ending June 2016,2016,734,,,estimated,True,all,All employment covered by this series.,Digital game development businesses: key figures table,AU_abs2022,False,,,,,
AU,Australia,AU_abs_headcount_2022_AU_abs2022_10,AU_abs_headcount,AU_abs2022,Last pay period ending June 2022,2022,2225,,,estimated,True,all,All employment covered by this series.,Digital game development businesses: key figures table,AU_abs2022,True,ABS cautions that expanded/grouped data categories may not be directly comparable to 2015-16.,,,,
BR,Brazil,BR_developer_people_2018_BR_survey2022_0,BR_developer_people,BR_survey2022,2018 current-workforce survey estimate,2018,4234,,,estimated,True,all,Covered national workforce,p54 Table5,2022,False,,,Table value preferred over inconsistent historical graphic.,,
BR,Brazil,BR_developer_people_2022_BR_survey2022_1,BR_developer_people,BR_survey2022,2022 current-workforce survey estimate,2022,12441,,,estimated,True,all,Covered national workforce,p54 Table5; p55 Figure17,2022,True,Long interval; mapped universe/respondent coverage changed markedly.,,Not the prior fiscal-year revenue reference period.,,
BR,Brazil,BR_developer_people_2023_BR_survey2023_2,BR_developer_people,BR_survey2023,2023 current-workforce survey estimate,2023,13225,,,estimated,True,all,Covered national workforce,p52 Table7; p53 explanatory text,2023,False,,,Not the prior fiscal-year revenue reference period.,,
BR,Brazil,BR_sample_people_2018_BR_survey2018_3,BR_sample_people,BR_survey2018,2018 census respondents,2018,2731,,,reported,True,all,Developer organisations answering census; summary says 276 developers,p8 Human Resources,2018,False,,,"Later table component sum=2,730; one-person discrepancy preserved, not silently corrected.",,
BR,Brazil,BR_sample_people_2022_BR_survey2022_4,BR_sample_people,BR_survey2022,2022 respondent workforce,2022,2392,,,derived,True,all,164 formal +30 informal employer responses in estimation table,p54 Table5,2022,False,,2291 + 101,,,
BR,Brazil,BR_sample_people_2023_BR_survey2023_5,BR_sample_people,BR_survey2023,2023 respondent workforce,2023,3376,,,derived,True,all,220 formal +34 informal employer responses in estimation table,p52 Table7,2023,False,,3131 + 245,,,
BR,Brazil,BR_outsourced_count_2022_BR_survey2022_6,BR_outsourced_count,BR_survey2022,Current work regime in 2022,2022,999,,,derived,True,all,"223 responding firms, 2,063 summed work-regime records","p58 Table7, visually checked",2022,False,,60 on-site +869 remote +70 hybrid =999,,,
BR,Brazil,BR_outsourced_count_2023_BR_survey2023_7,BR_outsourced_count,BR_survey2023,Current work regime in 2023,2023,1307,,,derived,True,all,"235 responding firms, 2,763 summed work-regime records",p57 Table9,2023,False,,77 on-site +1105 remote +125 hybrid =1307,,,
BR,Brazil,BR_outsourced_share_2018_BR_survey2022_8,BR_outsourced_share,BR_survey2022,"2018 census, retrospective description",2018,35,,,reported,True,all,2018 collaborators described in retrospective text; partner inclusion not clarified,p57 section6.3,2022,False,,,,,
BR,Brazil,BR_outsourced_share_2022_BR_survey2022_9,BR_outsourced_share,BR_survey2022,2022 work-regime sample,2022,48.425,,,derived,True,all,"2,063 records across all work-regime categories at 223 firms",p58 Table7,2022,False,,999 outsourced /2063 sum of all work-regime counts ×100,Row/column printed percentages include inconsistencies; counts used. Denominator differs from total people in employment-estimation table.,,
BR,Brazil,BR_outsourced_share_2023_BR_survey2023_10,BR_outsourced_share,BR_survey2023,2023 work-regime sample,2023,47,,,reported,True,all,"235 employer respondents; table sums 2,763 work-regime records",p57 work-regime prose and Table9,2023,False,,,"Rounded reported share; contractor count 1,307 /2,763=47.30%.",,
BR,Brazil,BR_foreign_sample_2022_BR_survey2022_11,BR_foreign_sample,BR_survey2022,2022 employer diversity responses,2022,7,,,reported,True,all,196 responding firms,p65 prose,2022,False,,,"1 male partner, 2 male collaborators, 4 female collaborators; separate refugee count 1 not added.",,
BR,Brazil,BR_foreign_sample_2023_BR_survey2023_12,BR_foreign_sample,BR_survey2023,2023 employer diversity responses,2023,27,,,derived,True,all,144 responding firms in Table12,p69 prose; p71 Table12,2023,False,,4 partners +23 employees =27,Not a claim of country-level tripling; sample firms changed.,,
CA,Canada,CA_statcan_ilu_2015_CA_statcan2025_0,CA_statcan_ilu,CA_statcan2025,2015 calendar year,2015,36484,,,reported,True,all,Eligible game firms in ten Canadian provinces; territories excluded,Table 3 Total row,2025-08-27,False,,,,,
CA,Canada,CA_statcan_ilu_2016_CA_statcan2025_1,CA_statcan_ilu,CA_statcan2025,2016 calendar year,2016,37189,,,reported,True,all,Eligible game firms in ten Canadian provinces; territories excluded,Table 3 Total row,2025-08-27,False,,,,,
CA,Canada,CA_statcan_ilu_2017_CA_statcan2025_2,CA_statcan_ilu,CA_statcan2025,2017 calendar year,2017,47256,,,reported,True,all,Eligible game firms in ten Canadian provinces; territories excluded,Table 3 Total row,2025-08-27,False,,,,,
CA,Canada,CA_statcan_ilu_2018_CA_statcan2025_3,CA_statcan_ilu,CA_statcan2025,2018 calendar year,2018,50378,,,reported,True,all,Eligible game firms in ten Canadian provinces; territories excluded,Table 3 Total row,2025-08-27,False,,,,,
CA,Canada,CA_statcan_ilu_2019_CA_statcan2025_4,CA_statcan_ilu,CA_statcan2025,2019 calendar year,2019,57378,,,reported,True,all,Eligible game firms in ten Canadian provinces; territories excluded,Table 3 Total row,2025-08-27,False,,,,,
CA,Canada,CA_statcan_ilu_2020_CA_statcan2025_5,CA_statcan_ilu,CA_statcan2025,2020 calendar year,2020,58221,,,reported,True,all,Eligible game firms in ten Canadian provinces; territories excluded,Table 3 Total row,2025-08-27,False,,,,,
CA,Canada,CA_statcan_ilu_2021_CA_statcan2025_6,CA_statcan_ilu,CA_statcan2025,2021 calendar year,2021,58279,,,reported,True,all,Eligible game firms in ten Canadian provinces; territories excluded,Table 3 Total row,2025-08-27,False,,,,,
CA,Canada,CA_statcan_ilu_2022_CA_statcan2025_7,CA_statcan_ilu,CA_statcan2025,2022 calendar year,2022,59689,,,reported,True,all,Eligible game firms in ten Canadian provinces; territories excluded,Table 3 Total row,2025-08-27,False,,,Table values used; total rises 2021-2022 despite contradictory source prose.,,
CA,Canada,CA_esac_2015_undated_None_CA_esac2015_8,CA_esac_2015_undated,CA_esac2015,2015 report; conflicting 2014/2015 reference labels,,20400,,,estimated,True,all,Covered national workforce,PDF p4 executive summary; PDF p11 section 1.2.1,2015,False,,,Source dating inconsistency unresolved. 2017 report retrospectively labels this the 2015 estimate.,,
CA,Canada,CA_esac_legacy_2017_CA_esac2017_9,CA_esac_legacy,CA_esac2017,2017 survey/report estimate,2017,21700,,,estimated,True,all,Covered national workforce,PDF p3 executive summary (printed p2),2017,False,,,Not a calendar annual average claim.,,
CA,Canada,CA_esac_legacy_2019_CA_esac2021_10,CA_esac_legacy,CA_esac2021,"2018 fiscal year or 2019 business status, reported as 2019",2019,27700,,,estimated,True,all,Covered national workforce,p20 Table 4; p6 date note,2021 retrospective comparison,False,,,,,
CA,Canada,CA_esac_legacy_2021_CA_esac2021_11,CA_esac_legacy,CA_esac2021,"2020 fiscal year or 2021 business status, original estimate",2021,32300,,,estimated,False,all,Covered national workforce,p20 Table 4; p6 date note,2021,False,,,"Superseded by 35,250 in 2024 methodology revision.",,
CA,Canada,CA_esac_revised_2021_CA_esac2024_12,CA_esac_revised,CA_esac2024,2020-21 revised estimate,2021,35250,,,estimated,True,all,Covered national workforce,p40 FTE revision table,2024,False,,,"Replaces original 32,300 after more detailed company-size gross-up.",,
CA,Canada,CA_esac_revised_2024_CA_esac2024_13,CA_esac_revised,CA_esac2024,2023-24 estimate; 2023 fiscal year or 2024 current business,2024,34010,,,estimated,True,all,Covered national workforce,"pp13,15; p38 reference-period note",2024,False,,,,,
CA,Canada,CA_contract_share_2017_CA_esac2021_14,CA_contract_share,CA_esac2021,2017 survey workforce,2017,16,,,reported,True,all,2017 company-survey workforce; n not specified in 2021 reference,p18 explanatory text,2021,False,,,,,
CA,Canada,CA_contract_share_2021_CA_esac2021_15,CA_contract_share,CA_esac2021,2021 survey workforce,2021,18,,,reported,True,all,2021 company-survey workforce; n=159 companies,p18 Figure 8,2021,False,,,,,
CA,Canada,CA_contract_share_2024_CA_esac2024_16,CA_contract_share,CA_esac2024,2024 survey workforce,2024,13,,,reported,True,all,2024 company-survey workforce; n=166 companies,p16 modes chart,2024,False,,,,,
CA,Canada,CA_immigration_share_2015_CA_esac2015_17,CA_immigration_share,CA_esac2015,Current workforce in 2015 survey,2015,13,,,reported,True,Temporary foreign workers,Current workforce represented by 46 employer respondents,PDF p48 Figure 37 (printed p47),2015,False,,,,,
CA,Canada,CA_immigration_share_2015_CA_esac2015_18,CA_immigration_share,CA_esac2015,Current workforce in 2015 survey,2015,12,,,reported,True,Permanent residents,Current workforce represented by 46 employer respondents,PDF p48 Figure 37 (printed p47),2015,False,,,,,
CA,Canada,CA_immigration_share_2015_CA_esac2015_19,CA_immigration_share,CA_esac2015,Current workforce in 2015 survey,2015,15,,,reported,True,Naturalized Canadian citizens,Current workforce represented by 46 employer respondents,PDF p48 Figure 37 (printed p47),2015,False,,,,,
CN,China,CN_listed_panel_2021_CN_cng2025_0,CN_listed_panel,CN_cng2025,2021,2021,223000,,,reported,True,all,Covered industry workforce,PDF p 8 personnel chart,CN_cng2025,False,,"Source unit 万人 multiplied by 10,000; no FTE conversion.",,,
CN,China,CN_listed_panel_2022_CN_cng2025_1,CN_listed_panel,CN_cng2025,2022,2022,215300,,,reported,True,all,Covered industry workforce,PDF p 8 personnel chart,CN_cng2025,False,,"Source unit 万人 multiplied by 10,000; no FTE conversion.",,,
CN,China,CN_listed_panel_2023_CN_cng2025_2,CN_listed_panel,CN_cng2025,2023,2023,206500,,,reported,True,all,Covered industry workforce,PDF p 8 personnel chart,CN_cng2025,False,,"Source unit 万人 multiplied by 10,000; no FTE conversion.",,,
CN,China,CN_listed_panel_2024_CN_cng2025_3,CN_listed_panel,CN_cng2025,2024,2024,205800,,,reported,True,all,Covered industry workforce,PDF p 8 personnel chart,CN_cng2025,False,,"Source unit 万人 multiplied by 10,000; no FTE conversion.",,,
CN,China,CN_listed_panel_2024_CN_cng2025_4,CN_listed_panel,CN_cng2025,2024 first half,2024,203400,,,reported,False,all,Covered industry workforce,PDF p 8 personnel chart,CN_cng2025,False,,"20.34 × 10,000.",,H1 2024,
CN,China,CN_listed_panel_2025_CN_cng2025_5,CN_listed_panel,CN_cng2025,2025 first half estimate,2025,202800,,,estimated,True,all,Covered industry workforce,PDF p 8 personnel chart,CN_cng2025,False,,"20.28 × 10,000.",Source labels H 1 2025 E.,H1 2025 estimate,
CN,China,CN_broad_2018_claim_2018_CN_people2019_6,CN_broad_2018_claim,CN_people2019,2018,2018,1450000,,,estimated,True,all,Covered industry workforce,Employment paragraph,CN_people2019,False,,,"Chinese source says approximately1.45million (约145万人); broad attributed estimate, not an exact census or lower bound.",,approximately
CY,Cyprus,CY_local_2019_CY_cygma2025_0,CY_local,CY_cygma2025,2019; precise within-year reference not stated,2019,1438,,,estimated,True,all,All employment covered by this series.,p15 chart,CY_cygma2025,False,,,,,
CY,Cyprus,CY_local_2020_CY_cygma2025_1,CY_local,CY_cygma2025,2020; precise within-year reference not stated,2020,1631,,,estimated,True,all,All employment covered by this series.,p15 chart,CY_cygma2025,False,,,,,
CY,Cyprus,CY_local_2021_CY_cygma2025_2,CY_local,CY_cygma2025,2021; precise within-year reference not stated,2021,2166,,,estimated,True,all,All employment covered by this series.,p15 chart,CY_cygma2025,False,,,,,
CY,Cyprus,CY_local_2022_CY_cygma2025_3,CY_local,CY_cygma2025,2022; precise within-year reference not stated,2022,3105,,,estimated,True,all,All employment covered by this series.,p15 chart,CY_cygma2025,False,,,,,
CY,Cyprus,CY_local_2023_CY_cygma2025_4,CY_local,CY_cygma2025,2023; precise within-year reference not stated,2023,4057,,,estimated,True,all,All employment covered by this series.,p15 chart,CY_cygma2025,False,,,,,
CY,Cyprus,CY_local_2024_CY_cygma2025_5,CY_local,CY_cygma2025,2024; precise within-year reference not stated,2024,4320,,,estimated,True,all,All employment covered by this series.,p15 chart,CY_cygma2025,False,,,,,
DE,Germany,DE_core_2015_DE_game2018_0,DE_core,DE_game2018,2015 association snapshot,2015,12726,,,estimated,True,all,Covered industry workforce,2018 chart,DE_game2018,False,,,Current 2025 data collected May 2025; historical chart retains original observation years.,,
DE,Germany,DE_core_2016_DE_game2018_1,DE_core,DE_game2018,2016 association snapshot,2016,12839,,,estimated,True,all,Covered industry workforce,2018 chart,DE_game2018,False,,,Current 2025 data collected May 2025; historical chart retains original observation years.,,
DE,Germany,DE_core_2017_DE_game2018_2,DE_core,DE_game2018,2017 association snapshot,2017,11140,,,estimated,True,all,Covered industry workforce,2018 chart,DE_game2018,False,,,Current 2025 data collected May 2025; historical chart retains original observation years.,,
DE,Germany,DE_core_2018_DE_game2018_3,DE_core,DE_game2018,2018 association snapshot,2018,11705,,,estimated,True,all,Covered industry workforce,2018 chart,DE_game2018,False,,,Current 2025 data collected May 2025; historical chart retains original observation years.,,
DE,Germany,DE_core_2019_DE_game2019_4,DE_core,DE_game2019,2019 association snapshot,2019,11014,,,estimated,True,all,Covered industry workforce,printedp 24,DE_game2019,False,,,Current 2025 data collected May 2025; historical chart retains original observation years.,,
DE,Germany,DE_core_2020_DE_game2025_5,DE_core,DE_game2025,2020 association snapshot,2020,10071,,,estimated,True,all,Covered industry workforce,printedpp 28–29 employment chart,DE_game2025,False,,,Current 2025 data collected May 2025; historical chart retains original observation years.,,
DE,Germany,DE_core_2021_DE_game2025_6,DE_core,DE_game2025,2021 association snapshot,2021,10906,,,estimated,True,all,Covered industry workforce,printedpp 28–29 employment chart,DE_game2025,False,,,Current 2025 data collected May 2025; historical chart retains original observation years.,,
DE,Germany,DE_core_2022_DE_game2025_7,DE_core,DE_game2025,2022 association snapshot,2022,11242,,,estimated,True,all,Covered industry workforce,printedpp 28–29 employment chart,DE_game2025,False,,,Current 2025 data collected May 2025; historical chart retains original observation years.,,
DE,Germany,DE_core_2023_DE_game2025_8,DE_core,DE_game2025,2023 association snapshot,2023,11992,,,estimated,True,all,Covered industry workforce,printedpp 28–29 employment chart,DE_game2025,False,,,Current 2025 data collected May 2025; historical chart retains original observation years.,,
DE,Germany,DE_core_2024_DE_game2025_9,DE_core,DE_game2025,2024 association snapshot,2024,12408,,,estimated,True,all,Covered industry workforce,printedpp 28–29 employment chart,DE_game2025,False,,,Current 2025 data collected May 2025; historical chart retains original observation years.,,
DE,Germany,DE_core_2025_DE_game2025_10,DE_core,DE_game2025,2025 association snapshot,2025,12134,,,estimated,True,all,Covered industry workforce,printedpp 28–29 employment chart,DE_game2025,False,,,Current 2025 data collected May 2025; historical chart retains original observation years.,,
DE,Germany,DE_2026_unresolved_2026_DE_game2026_11,DE_2026_unresolved,DE_game2026,31 March 2026,2026,12235,,,reported,False,all,Covered industry workforce,printedp 29 narrative,DE_game2026,True,Conflict with 12134 chart label and minus 3% headline.,,,,
DE,Germany,DE_2026_unresolved_2026_DE_game2026_12,DE_2026_unresolved,DE_game2026,31 March 2026,2026,12134,,,reported,False,all,Covered industry workforce,printedp 28 chart,DE_game2026,True,Same value labeled for 2025 and 2026 despite minus 3% annotation; conflicts with prose 12235.,,,,
DK,Denmark,DK_payroll_fte_2017_DK_dip2024_0,DK_payroll_fte,DK_dip2024,2017 annual payroll FTE,2017,737,,,reported,True,all,Covered industry workforce,p 20 chart,DK_dip2024,False,,,Domestic workplaces. Narrative first-line 2021 is a typo; chart and surrounding context assign 1281 to 2022.,,
DK,Denmark,DK_payroll_fte_2018_DK_dip2024_1,DK_payroll_fte,DK_dip2024,2018 annual payroll FTE,2018,802,,,reported,True,all,Covered industry workforce,p 20 chart,DK_dip2024,False,,,Domestic workplaces. Narrative first-line 2021 is a typo; chart and surrounding context assign 1281 to 2022.,,
DK,Denmark,DK_payroll_fte_2019_DK_dip2024_2,DK_payroll_fte,DK_dip2024,2019 annual payroll FTE,2019,833,,,reported,True,all,Covered industry workforce,p 20 chart,DK_dip2024,False,,,Domestic workplaces. Narrative first-line 2021 is a typo; chart and surrounding context assign 1281 to 2022.,,
DK,Denmark,DK_payroll_fte_2020_DK_dip2024_3,DK_payroll_fte,DK_dip2024,2020 annual payroll FTE,2020,911,,,reported,True,all,Covered industry workforce,p 20 chart,DK_dip2024,False,,,Domestic workplaces. Narrative first-line 2021 is a typo; chart and surrounding context assign 1281 to 2022.,,
DK,Denmark,DK_payroll_fte_2021_DK_dip2024_4,DK_payroll_fte,DK_dip2024,2021 annual payroll FTE,2021,1087,,,reported,True,all,Covered industry workforce,p 20 chart,DK_dip2024,False,,,Domestic workplaces. Narrative first-line 2021 is a typo; chart and surrounding context assign 1281 to 2022.,,
DK,Denmark,DK_payroll_fte_2022_DK_dip2024_5,DK_payroll_fte,DK_dip2024,2022 annual payroll FTE,2022,1281,,,reported,True,all,Covered industry workforce,p 20 chart,DK_dip2024,False,,,Domestic workplaces. Narrative first-line 2021 is a typo; chart and surrounding context assign 1281 to 2022.,,
DK,Denmark,DK_payroll_fte_v2018_2015_DK_dip2018_6,DK_payroll_fte_v2018,DK_dip2018,2015,2015,770,,,reported,True,all,Covered industry workforce,PDFp 17 / printedp 14 Table 4,DK_dip2018,True,Pre 2019 method.2016–2017 values retained as superseded broader vintage; no literal drop versus later series.,,"2015 is earliest recovered point. Source table 1009 for 2017; narrative 1008 is a minor inconsistency, so table retained.",,
DK,Denmark,DK_payroll_fte_v2018_2016_DK_dip2018_7,DK_payroll_fte_v2018,DK_dip2018,2016,2016,804,,,reported,True,all,Covered industry workforce,PDFp 17 / printedp 14 Table 4,DK_dip2018,True,Pre 2019 method.2016–2017 values retained as superseded broader vintage; no literal drop versus later series.,,"2015 is earliest recovered point. Source table 1009 for 2017; narrative 1008 is a minor inconsistency, so table retained.",,
DK,Denmark,DK_payroll_fte_v2018_2017_DK_dip2018_8,DK_payroll_fte_v2018,DK_dip2018,2017,2017,1009,,,reported,True,all,Covered industry workforce,PDFp 17 / printedp 14 Table 4,DK_dip2018,True,Pre 2019 method.2016–2017 values retained as superseded broader vintage; no literal drop versus later series.,,"2015 is earliest recovered point. Source table 1009 for 2017; narrative 1008 is a minor inconsistency, so table retained.",,
DK,Denmark,DK_payroll_fte_v2021_2016_DK_dip2021_9,DK_payroll_fte_v2021,DK_dip2021,2016,2016,706,,,reported,True,all,Covered industry workforce,p 25 game-industry panel,DK_dip2021,True,Population narrowed and some games companies reclassified as Interactive;2016 latest recovered observation belongs to this cohort.,,Older 2017–2019 values are preserved nonpreferred because 2024 report supplies newer retrospective values.,,
DK,Denmark,DK_payroll_fte_v2021_2017_DK_dip2021_10,DK_payroll_fte_v2021,DK_dip2021,2017,2017,774,,,reported,True,all,Covered industry workforce,p 25 game-industry panel,DK_dip2021,True,Population narrowed and some games companies reclassified as Interactive;2016 latest recovered observation belongs to this cohort.,,Older 2017–2019 values are preserved nonpreferred because 2024 report supplies newer retrospective values.,,
DK,Denmark,DK_payroll_fte_v2021_2018_DK_dip2021_11,DK_payroll_fte_v2021,DK_dip2021,2018,2018,822,,,reported,True,all,Covered industry workforce,p 25 game-industry panel,DK_dip2021,True,Population narrowed and some games companies reclassified as Interactive;2016 latest recovered observation belongs to this cohort.,,Older 2017–2019 values are preserved nonpreferred because 2024 report supplies newer retrospective values.,,
DK,Denmark,DK_payroll_fte_v2021_2019_DK_dip2021_12,DK_payroll_fte_v2021,DK_dip2021,2019,2019,847,,,reported,True,all,Covered industry workforce,p 25 game-industry panel,DK_dip2021,True,Population narrowed and some games companies reclassified as Interactive;2016 latest recovered observation belongs to this cohort.,,Older 2017–2019 values are preserved nonpreferred because 2024 report supplies newer retrospective values.,,
ES,Spain,ES_direct_2015_ES_dev2023_0,ES_direct,ES_dev2023,2015,2015,4460,,,estimated,True,all,Covered industry workforce,p 31 Figure 16,ES_dev2023,False,,,"Source-reported actual estimate, not the adjacent forecast",,
ES,Spain,ES_direct_2016_ES_dev2023_1,ES_direct,ES_dev2023,2016,2016,5440,,,estimated,True,all,Covered industry workforce,p 31 Figure 16,ES_dev2023,False,,,"Source-reported actual estimate, not the adjacent forecast",,
ES,Spain,ES_direct_2017_ES_dev2023_2,ES_direct,ES_dev2023,2017,2017,6337,,,estimated,True,all,Covered industry workforce,p 31 Figure 16,ES_dev2023,False,,,"Source-reported actual estimate, not the adjacent forecast",,
ES,Spain,ES_direct_2018_ES_dev2023_3,ES_direct,ES_dev2023,2018,2018,6900,,,estimated,True,all,Covered industry workforce,p 31 Figure 16,ES_dev2023,False,,,"Source-reported actual estimate, not the adjacent forecast",,
ES,Spain,ES_direct_2019_ES_dev2023_4,ES_direct,ES_dev2023,2019,2019,7320,,,estimated,True,all,Covered industry workforce,p 31 Figure 16,ES_dev2023,False,,,"Source-reported actual estimate, not the adjacent forecast",,
ES,Spain,ES_direct_2020_ES_dev2025_5,ES_direct,ES_dev2025,2020,2020,8026,,,estimated,True,all,Covered industry workforce,p 35 actual-history chart,ES_dev2025,False,,,"Source-reported actual estimate, not the adjacent forecast",,
ES,Spain,ES_direct_2021_ES_dev2025_6,ES_direct,ES_dev2025,2021,2021,8833,,,estimated,True,all,Covered industry workforce,p 35 actual-history chart,ES_dev2025,False,,,"Source-reported actual estimate, not the adjacent forecast",,
ES,Spain,ES_direct_2022_ES_dev2025_7,ES_direct,ES_dev2025,2022,2022,9261,,,estimated,True,all,Covered industry workforce,p 35 actual-history chart,ES_dev2025,False,,,"Source-reported actual estimate, not the adjacent forecast",,
ES,Spain,ES_direct_2023_ES_dev2025_8,ES_direct,ES_dev2025,2023,2023,10259,,,estimated,True,all,Covered industry workforce,p 35 actual-history chart,ES_dev2025,False,,,"Source-reported actual estimate, not the adjacent forecast",,
ES,Spain,ES_direct_2024_ES_dev2025_9,ES_direct,ES_dev2025,2024,2024,10508,,,estimated,True,all,Covered industry workforce,p 35 actual-history chart,ES_dev2025,False,,,"Source-reported actual estimate, not the adjacent forecast",,
ES,Spain,ES_external_freelancers_2017_ES_dev2018_10,ES_external_freelancers,ES_dev2018,2017,2017,2218,,,estimated,True,external freelancers,External collaborators serving surveyed Spanish studios,p 32,ES_dev2018,False,,,2019 source rounded to 2500; contractor residency not established,,
ES,Spain,ES_external_freelancers_2019_ES_dev2020_11,ES_external_freelancers,ES_dev2020,2019,2019,2500,,,estimated,True,external freelancers,External collaborators serving surveyed Spanish studios,p 42,ES_dev2020,False,,,2019 source rounded to 2500; contractor residency not established,,
ES,Spain,ES_external_freelancers_2024_ES_dev2025_12,ES_external_freelancers,ES_dev2025,2024,2024,2330,,,estimated,True,external freelancers,External collaborators serving surveyed Spanish studios,p 35,ES_dev2025,False,,,2019 source rounded to 2500; contractor residency not established,,
ES,Spain,ES_foreign_origin_share_2019_ES_dev2020_13,ES_foreign_origin_share,ES_dev2020,2019,2019,11,,,reported,True,from other countries,Workers in DEV survey,p 42,ES_dev2020,False,,,,,
ES,Spain,ES_eu_of_foreign_2019_ES_dev2020_14,ES_eu_of_foreign,ES_dev2020,2019,2019,55,,,reported,True,EU origin,11% subgroup of workers originating from other countries,p 42,ES_dev2020,False,,,,,
ES,Spain,ES_permanent_contract_share_2017_ES_dev2018_15,ES_permanent_contract_share,ES_dev2018,2017,2017,67,,,reported,True,permanent contracts,Employee contracts in surveyed studios,p 32,ES_dev2018,False,,,,,
ES,Spain,ES_permanent_contract_share_2019_ES_dev2020_16,ES_permanent_contract_share,ES_dev2020,2019,2019,71,,,reported,True,permanent contracts,Employee contracts in surveyed studios,p 42,ES_dev2020,False,,,,,
ES,Spain,ES_permanent_contract_share_2022_ES_dev2023_17,ES_permanent_contract_share,ES_dev2023,2022,2022,93,,,reported,True,permanent contracts,Employee contracts in surveyed studios,p 31,ES_dev2023,False,,,,,
ES,Spain,ES_permanent_contract_share_2024_ES_dev2025_18,ES_permanent_contract_share,ES_dev2025,2024,2024,90,,,reported,True,permanent contracts,Employee contracts in surveyed studios,p 35,ES_dev2025,False,,,,,
FI,Finland,FI_studios_global_2016_FI_neogames2024_0,FI_studios_global,FI_neogames2024,end of 2016,2016,2750,,,estimated,True,all,Covered industry workforce,p 13 historical table,FI_neogames2024,False,,,"Includes overseas offices; 2020:250, 2022:400, 2024:500. Earlier office geography not separately quantified.",,
FI,Finland,FI_studios_global_2018_FI_neogames2024_1,FI_studios_global,FI_neogames2024,end of 2018,2018,3200,,,estimated,True,all,Covered industry workforce,p 13 historical table,FI_neogames2024,False,,,"Includes overseas offices; 2020:250, 2022:400, 2024:500. Earlier office geography not separately quantified.",,
FI,Finland,FI_studios_global_2020_FI_neogames2024_2,FI_studios_global,FI_neogames2024,end of 2020,2020,3600,,,estimated,True,all,Covered industry workforce,p 13 historical table,FI_neogames2024,False,,,"Includes overseas offices; 2020:250, 2022:400, 2024:500. Earlier office geography not separately quantified.",,
FI,Finland,FI_studios_global_2022_FI_neogames2024_3,FI_studios_global,FI_neogames2024,end of 2022,2022,4100,,,estimated,True,all,Covered industry workforce,p 13 historical table,FI_neogames2024,False,,,"Includes overseas offices; 2020:250, 2022:400, 2024:500. Earlier office geography not separately quantified.",,
FI,Finland,FI_studios_global_2024_FI_neogames2024_4,FI_studios_global,FI_neogames2024,end of 2024,2024,4300,,,estimated,True,all,Covered industry workforce,p 13 historical table,FI_neogames2024,False,,,"Includes overseas offices; 2020:250, 2022:400, 2024:500. Earlier office geography not separately quantified.",,
FI,Finland,FI_domestic_2024_fte_2024_FI_neogames2024_5,FI_domestic_2024_fte,FI_neogames2024,end of 2024,2024,3800,,,estimated,True,all,Covered industry workforce,p 12,FI_neogames2024,False,,,Source directly reports approximately 3800 FTE. Not simply an analyst conversion.,,
FI,Finland,FI_overseas_2020_FI_neogames2024_6,FI_overseas,FI_neogames2024,end of 2020,2020,250,,,estimated,True,overseas,Covered industry workforce,p 13 footnote,FI_neogames2024,False,,,,,
FI,Finland,FI_overseas_2022_FI_neogames2024_7,FI_overseas,FI_neogames2024,end of 2022,2022,400,,,estimated,True,overseas,Covered industry workforce,p 13 footnote,FI_neogames2024,False,,,,,
FI,Finland,FI_overseas_2024_FI_neogames2024_8,FI_overseas,FI_neogames2024,end of 2024,2024,500,,,estimated,True,overseas,Covered industry workforce,p 13 footnote,FI_neogames2024,False,,,,,
FI,Finland,FI_domestic_derived_2020_FI_neogames2024_9,FI_domestic_derived,FI_neogames2024,2020,2020,3350,,,derived,True,all,Covered industry workforce,p 13 table and footnotes,FI_neogames2024,False,,3600 - 250,Definitions not assumed equivalent to explicit 2024 FTE,,
FI,Finland,FI_domestic_derived_2022_FI_neogames2024_10,FI_domestic_derived,FI_neogames2024,2022,2022,3700,,,derived,True,all,Covered industry workforce,p 13 table and footnotes,FI_neogames2024,False,,4100 - 400,Definitions not assumed equivalent to explicit 2024 FTE,,
FI,Finland,FI_nonfinnish_sample_2024_FI_neogames2024_11,FI_nonfinnish_sample,FI_neogames2024,2024,2024,37,,,estimated,True,non-Finnish citizens,Employees in surveyed studios in Finland,p 13,FI_neogames2024,False,,,,,
FI,Finland,FI_nonfinnish_estimate_2024_FI_neogames2024_12,FI_nonfinnish_estimate,FI_neogames2024,2024,2024,,34,35,estimated,True,non-Finnish citizens,Industry employees working in Finland,p 13,FI_neogames2024,False,,,,,
FI,Finland,FI_non_eu_eea_sample_2022_FI_neogames2024_13,FI_non_eu_eea_sample,FI_neogames2024,2022,2022,15,,,estimated,True,outside EU/EEA,Employees in interviewed companies in Finland,p 13,FI_neogames2024,False,,,,,
FI,Finland,FI_non_eu_eea_sample_2024_FI_neogames2024_14,FI_non_eu_eea_sample,FI_neogames2024,2024,2024,19,,,estimated,True,outside EU/EEA,Employees in interviewed companies in Finland,p 13,FI_neogames2024,False,,,,,
FR,France,FR_ey_direct_fte_2019_FR_ey2025_0,FR_ey_direct_fte,FR_ey2025,2019,2019,6700,,,estimated,True,all,Direct employee FTE in the defined French games sector; independent workers excluded,printedp 56 employment chart,FR_ey2025,False,,Source thousands of FTE ×1000,"Published in thousands to one decimal; multiplied by 1000 solely for unit display, not FTE conversion.",,
FR,France,FR_ey_direct_fte_2020_FR_ey2025_1,FR_ey_direct_fte,FR_ey2025,2020,2020,9700,,,estimated,True,all,Direct employee FTE in the defined French games sector; independent workers excluded,printedp 56 employment chart,FR_ey2025,False,,Source thousands of FTE ×1000,"Published in thousands to one decimal; multiplied by 1000 solely for unit display, not FTE conversion.",,
FR,France,FR_ey_direct_fte_2021_FR_ey2025_2,FR_ey_direct_fte,FR_ey2025,2021,2021,10200,,,estimated,True,all,Direct employee FTE in the defined French games sector; independent workers excluded,printedp 56 employment chart,FR_ey2025,False,,Source thousands of FTE ×1000,"Published in thousands to one decimal; multiplied by 1000 solely for unit display, not FTE conversion.",,
FR,France,FR_ey_direct_fte_2022_FR_ey2025_3,FR_ey_direct_fte,FR_ey2025,2022,2022,11300,,,estimated,True,all,Direct employee FTE in the defined French games sector; independent workers excluded,printedp 56 employment chart,FR_ey2025,False,,Source thousands of FTE ×1000,"Published in thousands to one decimal; multiplied by 1000 solely for unit display, not FTE conversion.",,
FR,France,FR_ey_direct_fte_2023_FR_ey2025_4,FR_ey_direct_fte,FR_ey2025,2023,2023,10700,,,estimated,True,all,Direct employee FTE in the defined French games sector; independent workers excluded,printedp 56 employment chart,FR_ey2025,False,,Source thousands of FTE ×1000,"Published in thousands to one decimal; multiplied by 1000 solely for unit display, not FTE conversion.",,
FR,France,FR_ey_direct_fte_2024_FR_ey2025_5,FR_ey_direct_fte,FR_ey2025,2024,2024,9900,,,estimated,True,all,Direct employee FTE in the defined French games sector; independent workers excluded,printedp 56 employment chart,FR_ey2025,False,,Source thousands of FTE ×1000,"Published in thousands to one decimal; multiplied by 1000 solely for unit display, not FTE conversion.",,
FR,France,FR_sample_permanent_2022_FR_snjv2024_6,FR_sample_permanent,FR_snjv2024,2022,2022,76,,,reported,True,permanent,Salaried studio employees,printedp 8,FR_snjv2024,False,,,Permanent employee contracts (CDI); does not measure external freelance contractors.,,
FR,France,FR_sample_permanent_2024_FR_snjv2024_7,FR_sample_permanent,FR_snjv2024,2024,2024,74,,,reported,True,permanent,Salaried studio employees,printedp 8,FR_snjv2024,False,,,Permanent employee contracts (CDI); does not measure external freelance contractors.,,
FR,France,FR_sample_apprentices_2022_FR_snjv2024_8,FR_sample_apprentices,FR_snjv2024,2022,2022,6,,,derived,True,apprentices,Studio workforce in responding sample,printedp 8,FR_snjv2024,False,,7.8 -1.8 percentage points,2022 apprentices 6% is explicit 2024 value 7.8 less reported 1.8 percentage-point rise.,,
FR,France,FR_sample_apprentices_2024_FR_snjv2024_9,FR_sample_apprentices,FR_snjv2024,2024,2024,7.8,,,reported,True,apprentices,Studio workforce in responding sample,printedp 8,FR_snjv2024,False,,,2022 apprentices 6% is explicit 2024 value 7.8 less reported 1.8 percentage-point rise.,,
FR,France,FR_ey_direct_fte_2019_FR_ey2025_exact,FR_ey_direct_fte,FR_ey2025,2019,2019,6674,,,estimated,False,all,Direct employee FTE in the defined French games sector; independent workers excluded,printedp 54 sector summary / PDFpage 55,FR_ey2025,False,,,Exact source endpoint in the same games-sector direct employee-FTE definition. Preserved separately; preferred annual chart uses roundedp 56 values consistently.,,
FR,France,FR_ey_direct_fte_2024_FR_ey2025_exact,FR_ey_direct_fte,FR_ey2025,2024,2024,9944,,,estimated,False,all,Direct employee FTE in the defined French games sector; independent workers excluded,printedp 54 sector summary / PDFpage 55,FR_ey2025,False,,,Exact source endpoint in the same games-sector direct employee-FTE definition. Preserved separately; preferred annual chart uses roundedp 56 values consistently.,,
GB,United Kingdom,GB_tiga_fte_2016_GB_tiga2016_0,GB_tiga_fte,GB_tiga2016,March 2016,2016,11893,,,estimated,True,all,Covered national workforce,Employment key findings; methodology and FTE footnote,2016,False,,,,,
GB,United Kingdom,GB_tiga_fte_2018_GB_tiga2020_1,GB_tiga_fte,GB_tiga2020,November 2018,2018,14353,,,estimated,True,all,Covered national workforce,Employment key findings; methodology and FTE footnote,2020,False,,,,,
GB,United Kingdom,GB_tiga_fte_2020_GB_tiga2020_2,GB_tiga_fte,GB_tiga2020,April 2020,2020,16836,,,estimated,True,all,Covered national workforce,Employment key findings; methodology and FTE footnote,2020,False,,,,,
GB,United Kingdom,GB_tiga_fte_2021_GB_tiga2023_3,GB_tiga_fte,GB_tiga2023,December 2021,2021,20975,,,estimated,True,all,Covered national workforce,Employment key findings; methodology and FTE footnote,2023,False,,,,,
GB,United Kingdom,GB_tiga_fte_2023_GB_tiga2023_4,GB_tiga_fte,GB_tiga2023,April 2023,2023,24155,,,estimated,True,all,Covered national workforce,Employment key findings; methodology and FTE footnote,2023,False,,,,,
GB,United Kingdom,GB_tiga_fte_2024_GB_tiga2024_5,GB_tiga_fte,GB_tiga2024,May 2024,2024,25419,,,estimated,True,all,Covered national workforce,Employment key findings; methodology and FTE footnote,2024,False,,,,,
GB,United Kingdom,GB_tiga_people_2018_GB_tiga2020_6,GB_tiga_people,GB_tiga2020,November 2018,2018,16532,,,estimated,True,all,Covered national workforce,Workforce including freelancers bullet,2020,False,,,,,
GB,United Kingdom,GB_tiga_people_2020_GB_tiga2020_7,GB_tiga_people,GB_tiga2020,April 2020,2020,18279,,,estimated,True,all,Covered national workforce,Workforce including freelancers bullet,2020,False,,,,,
GB,United Kingdom,GB_tiga_people_2023_GB_tiga2023_8,GB_tiga_people,GB_tiga2023,April 2023,2023,25026,,,estimated,True,all,Covered national workforce,Workforce including freelancers bullet,2023,False,,,,,
GB,United Kingdom,GB_tiga_people_2024_GB_tiga2024_9,GB_tiga_people,GB_tiga2024,May 2024,2024,28516,,,estimated,True,all,Covered national workforce,Workforce including freelancers bullet,2024,False,,,,,
GB,United Kingdom,GB_tiga_people_2025_GB_tiga2025_10,GB_tiga_people,GB_tiga2025,September 2025,2025,27347,,,estimated,True,all,Covered national workforce,Workforce including freelancers bullet,2026-03-24 release; September 2025 survey,False,,,,,
GB,United Kingdom,GB_tiga_freelancers_2023_GB_tiga2024_11,GB_tiga_freelancers,GB_tiga2024,April 2023,2023,1102,,,estimated,True,all,Covered national workforce,Freelancer workforce bullet,2024,False,,,,,
GB,United Kingdom,GB_tiga_freelancers_2024_GB_tiga2024_12,GB_tiga_freelancers,GB_tiga2024,May 2024,2024,3625,,,estimated,True,all,Covered national workforce,Freelancer workforce bullet,2024,False,,,,,
GB,United Kingdom,GB_tiga_freelancers_2025_GB_tiga2025_13,GB_tiga_freelancers,GB_tiga2025,September 2025,2025,,4245,,estimated,True,all,Covered national workforce,Workforce bullet,2026-03-24 release; September 2025 survey,False,,,"Source says more than 4,245: lower bound is exclusive; no finite upper bound or midpoint.",,more_than
GB,United Kingdom,GB_dcms_jobs_2015_GB_dcms2026_14,GB_dcms_jobs,GB_dcms2026,January-December 2015 annual average,2015,20000,,,estimated,True,all,Covered national workforce,"Table 6, Computer Games column, Total / All filled jobs",2026-07-16,False,,20 thousand jobs × 1000,Source rounded to nearest thousand.,,
GB,United Kingdom,GB_dcms_jobs_2016_GB_dcms2026_15,GB_dcms_jobs,GB_dcms2026,January-December 2016 annual average,2016,23000,,,estimated,True,all,Covered national workforce,"Table 7, Computer Games column, Total / All filled jobs",2026-07-16,False,,23 thousand jobs × 1000,Source rounded to nearest thousand.,,
GB,United Kingdom,GB_dcms_jobs_2017_GB_dcms2026_16,GB_dcms_jobs,GB_dcms2026,January-December 2017 annual average,2017,30000,,,estimated,True,all,Covered national workforce,"Table 8, Computer Games column, Total / All filled jobs",2026-07-16,False,,30 thousand jobs × 1000,Source rounded to nearest thousand.,,
GB,United Kingdom,GB_dcms_jobs_2018_GB_dcms2026_17,GB_dcms_jobs,GB_dcms2026,January-December 2018 annual average,2018,22000,,,estimated,True,all,Covered national workforce,"Table 9, Computer Games column, Total / All filled jobs",2026-07-16,False,,22 thousand jobs × 1000,Source rounded to nearest thousand.,,
GB,United Kingdom,GB_dcms_jobs_2019_GB_dcms2026_18,GB_dcms_jobs,GB_dcms2026,January-December 2019 annual average,2019,27000,,,estimated,True,all,Covered national workforce,"Table 10, Computer Games column, Total / All filled jobs",2026-07-16,False,,27 thousand jobs × 1000,Source rounded to nearest thousand.,,
GB,United Kingdom,GB_dcms_jobs_2020_GB_dcms2026_19,GB_dcms_jobs,GB_dcms2026,January-December 2020 annual average,2020,33000,,,estimated,True,all,Covered national workforce,"Table 11, Computer Games column, Total / All filled jobs",2026-07-16,False,,33 thousand jobs × 1000,Source rounded to nearest thousand.,,
GB,United Kingdom,GB_dcms_jobs_2021_GB_dcms2026_20,GB_dcms_jobs,GB_dcms2026,January-December 2021 annual average,2021,43000,,,estimated,True,all,Covered national workforce,"Table 12, Computer Games column, Total / All filled jobs",2026-07-16,False,,43 thousand jobs × 1000,Source rounded to nearest thousand.,,
GB,United Kingdom,GB_dcms_jobs_2022_GB_dcms2026_21,GB_dcms_jobs,GB_dcms2026,January-December 2022 annual average,2022,47000,,,estimated,True,all,Covered national workforce,"Table 13, Computer Games column, Total / All filled jobs",2026-07-16,False,,47 thousand jobs × 1000,Source rounded to nearest thousand.,,
GB,United Kingdom,GB_dcms_jobs_2023_GB_dcms2026_22,GB_dcms_jobs,GB_dcms2026,January-December 2023 annual average,2023,48000,,,estimated,True,all,Covered national workforce,"Table 14, Computer Games column, Total / All filled jobs",2026-07-16,False,,48 thousand jobs × 1000,Source rounded to nearest thousand.,,
GB,United Kingdom,GB_dcms_jobs_2024_GB_dcms2026_23,GB_dcms_jobs,GB_dcms2026,January-December 2024 annual average,2024,45000,33000.0,57000.0,estimated,True,all,Covered national workforce,"Table 15, Computer Games column, Total / All filled jobs; CI Table 15c",2026-07-16,False,,45 thousand jobs × 1000,95% CI included.,,
GB,United Kingdom,GB_dcms_jobs_2025_GB_dcms2026_24,GB_dcms_jobs,GB_dcms2026,January-December 2025 annual average,2025,58000,46000.0,71000.0,estimated,True,all,Covered national workforce,"Table 16, Computer Games column, Total / All filled jobs; CI Table 16c",2026-07-16,False,,58 thousand jobs × 1000,95% CI included.,,
GB,United Kingdom,GB_ukie_freelancer_share_2021_GB_ukie2022_25,GB_ukie_freelancer_share,GB_ukie2022,Autumn 2021 survey,2021,3,,,reported,True,all,Respondents to contract-type question; total survey n=3603 (2021) or 1610 (2025-26),p16 contract type figure,2022,False,Substantial change in recruitment mix; shares not comparable population estimates.,,,,
GB,United Kingdom,GB_ukie_freelancer_share_2025_GB_ukie2025_26,GB_ukie_freelancer_share,GB_ukie2025,13 November 2025-31 January 2026 survey,2025,6,,,reported,True,all,Respondents to contract-type question; total survey n=3603 (2021) or 1610 (2025-26),p7 Figure 3,2026,True,Substantial change in recruitment mix; shares not comparable population estimates.,,,2025-26 survey,
GB,United Kingdom,GB_ukie_nationality_share_2021_GB_ukie2022_27,GB_ukie_nationality_share,GB_ukie2022,Autumn 2021 survey,2021,71,,,reported,True,UK/British,"Nationality question respondents; categories may include multiple nationalities, not a derived foreign-only denominator",p30 Nationality figure,2022,False,Recruitment mix changed; dual-nationality treatment not verified in 2025 edition.,,,,
GB,United Kingdom,GB_ukie_nationality_share_2021_GB_ukie2022_28,GB_ukie_nationality_share,GB_ukie2022,Autumn 2021 survey,2021,20,,,reported,True,EU/EEA,"Nationality question respondents; categories may include multiple nationalities, not a derived foreign-only denominator",p30 Nationality figure,2022,False,Recruitment mix changed; dual-nationality treatment not verified in 2025 edition.,,,,
GB,United Kingdom,GB_ukie_nationality_share_2021_GB_ukie2022_29,GB_ukie_nationality_share,GB_ukie2022,Autumn 2021 survey,2021,9,,,reported,True,Rest of world,"Nationality question respondents; categories may include multiple nationalities, not a derived foreign-only denominator",p30 Nationality figure,2022,False,Recruitment mix changed; dual-nationality treatment not verified in 2025 edition.,,,,
GB,United Kingdom,GB_ukie_nationality_share_2025_GB_ukie2025_30,GB_ukie_nationality_share,GB_ukie2025,13 November 2025-31 January 2026 survey,2025,76,,,reported,True,UK/British,"Nationality question respondents; categories may include multiple nationalities, not a derived foreign-only denominator",p20 Figure 21,2026,True,Recruitment mix changed; dual-nationality treatment not verified in 2025 edition.,,,2025-26 survey,
GB,United Kingdom,GB_ukie_nationality_share_2025_GB_ukie2025_31,GB_ukie_nationality_share,GB_ukie2025,13 November 2025-31 January 2026 survey,2025,16,,,reported,True,EU/EEA,"Nationality question respondents; categories may include multiple nationalities, not a derived foreign-only denominator",p20 Figure 21,2026,True,Recruitment mix changed; dual-nationality treatment not verified in 2025 edition.,,,2025-26 survey,
GB,United Kingdom,GB_ukie_nationality_share_2025_GB_ukie2025_32,GB_ukie_nationality_share,GB_ukie2025,13 November 2025-31 January 2026 survey,2025,8,,,reported,True,Rest of world,"Nationality question respondents; categories may include multiple nationalities, not a derived foreign-only denominator",p20 Figure 21,2026,True,Recruitment mix changed; dual-nationality treatment not verified in 2025 edition.,,,2025-26 survey,
ID,Indonesia,ID_official_core_min_None_ID_komdigi2024_0,ID_official_core_min,ID_komdigi2024,Observation year unstated,,,2112,,reported,True,all,Covered industry workforce,Book abstract,ID_komdigi2024,False,,,"Study title 2024, publication October 2025; abstract says currently, so exact observation year stays null.",,at least
ID,Indonesia,ID_broad_impact_None_ID_komdigi2024_1,ID_broad_impact,ID_komdigi2024,Observation year unstated,,,513000,1030000,estimated,True,all,Covered industry workforce,Book abstract economic-impact section,ID_komdigi2024,False,,,No midpoint; not part of core workforce.,,
IL,Israel,IL_ecosystem_2017_IL_gameis2021_0,IL_ecosystem,IL_gameis2021,2017; exact census date unspecified,2017,4000,,,estimated,True,all,All employment covered by this series.,p22 Number of employees,IL_gameis2021,False,,,"Approximate source value, not precise census. Domestic workplaces unresolved.",,approximately
IL,Israel,IL_ecosystem_2021_IL_gameis2021_1,IL_ecosystem,IL_gameis2021,2021; exact census date unspecified,2021,14000,,,estimated,True,all,All employment covered by this series.,p22 Number of employees,IL_gameis2021,False,,,"Approximate source value, not precise census. Domestic workplaces unresolved.",,approximately
IN,India,IN_ey2025_None_IN_mibey2025_0,IN_ey2025,IN_mibey2025,Observation year unstated,,66000,,,estimated,True,all,Covered industry workforce,pp 11 and 92,IN_mibey2025,False,,,Report calls this current employment; adjacent 2024 gamer statistic does not establish employment observation year.,,approximately
IN,India,IN_primus2025_None_IN_primus2025_1,IN_primus2025,IN_primus2025,Observation year unstated,,130000,,,estimated,True,all,Covered industry workforce,PDF p 5,IN_primus2025,False,,,"1.3 lakh converted to 130,000; observation date unstated.",,approximately
JP,Japan,JP_core_range_None_JP_cesa2025_0,JP_core_range,JP_cesa2025,Observation year unstated,,,58000,83000,estimated,True,all,Covered industry workforce,p 3 employment paragraph,JP_cesa2025,False,,,Approximately 5.8万–8.3万人; neither midpoint nor source edition used as a dated observation.,,approximately
JP,Japan,JP_broad_None_JP_cesa2025_1,JP_broad,JP_cesa2025,Observation year unstated,,200000,,,estimated,True,all,Covered industry workforce,p 3 employment paragraph,JP_cesa2025,False,,,Approximately 20万人; not a core studio figure.,,approximately
JP,Japan,JP_status_2024_2024_JP_cedec2024_2,JP_status_2024,JP_cedec2024,2024,2024,84.2,,,reported,True,Permanent employee,512 CEDEC survey respondents,p 25 Figure 2-14-1,JP_cedec2024,False,,,,,
JP,Japan,JP_status_2024_2024_JP_cedec2024_3,JP_status_2024,JP_cedec2024,2024,2024,4.7,,,reported,True,Fixed-term contract employee,512 CEDEC survey respondents,p 25 Figure 2-14-1,JP_cedec2024,False,,,,,
JP,Japan,JP_status_2024_2024_JP_cedec2024_4,JP_status_2024,JP_cedec2024,2024,2024,1.2,,,reported,True,Agency employee,512 CEDEC survey respondents,p 25 Figure 2-14-1,JP_cedec2024,False,,,,,
JP,Japan,JP_status_2024_2024_JP_cedec2024_5,JP_status_2024,JP_cedec2024,2024,2024,0.6,,,reported,True,Part-time employee,512 CEDEC survey respondents,p 25 Figure 2-14-1,JP_cedec2024,False,,,,,
JP,Japan,JP_status_2024_2024_JP_cedec2024_6,JP_status_2024,JP_cedec2024,2024,2024,4.5,,,reported,True,Freelancer or independent developer,512 CEDEC survey respondents,p 25 Figure 2-14-1,JP_cedec2024,False,,,,,
JP,Japan,JP_status_2024_2024_JP_cedec2024_7,JP_status_2024,JP_cedec2024,2024,2024,4.1,,,reported,True,Executive,512 CEDEC survey respondents,p 25 Figure 2-14-1,JP_cedec2024,False,,,,,
JP,Japan,JP_status_2024_2024_JP_cedec2024_8,JP_status_2024,JP_cedec2024,2024,2024,0.8,,,reported,True,Other,512 CEDEC survey respondents,p 25 Figure 2-14-1,JP_cedec2024,False,,,,,
JP,Japan,JP_status_2025_2025_JP_cedec2025_9,JP_status_2025,JP_cedec2025,2025,2025,87,,,reported,True,Permanent employee,339 CEDEC survey respondents,p 22 Figure 3-15,JP_cedec2025,False,,,,,
JP,Japan,JP_status_2025_2025_JP_cedec2025_10,JP_status_2025,JP_cedec2025,2025,2025,4.4,,,reported,True,Fixed-term contract employee,339 CEDEC survey respondents,p 22 Figure 3-15,JP_cedec2025,False,,,,,
JP,Japan,JP_status_2025_2025_JP_cedec2025_11,JP_status_2025,JP_cedec2025,2025,2025,0.3,,,reported,True,Agency employee,339 CEDEC survey respondents,p 22 Figure 3-15,JP_cedec2025,False,,,,,
JP,Japan,JP_status_2025_2025_JP_cedec2025_12,JP_status_2025,JP_cedec2025,2025,2025,1.8,,,reported,True,Part-time employee,339 CEDEC survey respondents,p 22 Figure 3-15,JP_cedec2025,False,,,,,
JP,Japan,JP_status_2025_2025_JP_cedec2025_13,JP_status_2025,JP_cedec2025,2025,2025,2.4,,,reported,True,Freelancer or independent developer,339 CEDEC survey respondents,p 22 Figure 3-15,JP_cedec2025,False,,,,,
JP,Japan,JP_status_2025_2025_JP_cedec2025_14,JP_status_2025,JP_cedec2025,2025,2025,3.5,,,reported,True,Executive,339 CEDEC survey respondents,p 22 Figure 3-15,JP_cedec2025,False,,,,,
JP,Japan,JP_status_2025_2025_JP_cedec2025_15,JP_status_2025,JP_cedec2025,2025,2025,0.6,,,reported,True,Other,339 CEDEC survey respondents,p 22 Figure 3-15,JP_cedec2025,False,,,,,
JP,Japan,JP_freelancers_2024_2024,JP_freelancers_2024,JP_cedec2024,2024,2024,4.5,,,reported,True,Freelancer or independent developer,512 CEDEC survey respondents,p 25 Figure 2-14-1,JP_cedec2024,False,,,,,
JP,Japan,JP_freelancers_2025_2025,JP_freelancers_2025,JP_cedec2025,2025,2025,2.4,,,reported,True,Freelancer or independent developer,339 CEDEC survey respondents,p 22 Figure 3-15,JP_cedec2025,False,,,,,
KR,South Korea,KR_core_2015_KR_content2018_0,KR_core,KR_content2018,2015,2015,35445,,,reported,True,all,Covered industry workforce,"Printed p 187/PDF p 23, table 3-4-13",KR_content2018,False,,,,,
KR,South Korea,KR_broad_2015_KR_content2018_1,KR_broad,KR_content2018,2015,2015,80388,,,reported,True,all,Covered industry workforce,"Printed p 187/PDF p 23, table 3-4-13",KR_content2018,False,,,,,
KR,South Korea,KR_core_2016_KR_content2018_2,KR_core,KR_content2018,2016,2016,33979,,,reported,False,all,Covered industry workforce,"Printed p 187/PDF p 23, table 3-4-13",KR_content2018,False,,,,,
KR,South Korea,KR_broad_2016_KR_content2018_3,KR_broad,KR_content2018,2016,2016,73993,,,reported,False,all,Covered industry workforce,"Printed p 187/PDF p 23, table 3-4-13",KR_content2018,False,,,,,
KR,South Korea,KR_core_2017_KR_content2018_4,KR_core,KR_content2018,2017,2017,34665,,,reported,False,all,Covered industry workforce,"Printed p 187/PDF p 23, table 3-4-13",KR_content2018,False,,,"2017 core count revised from 34,665 in 2018 Content Industry Statistics to 34,666 in later White Papers.",,
KR,South Korea,KR_broad_2017_KR_content2018_5,KR_broad,KR_content2018,2017,2017,81932,,,reported,False,all,Covered industry workforce,"Printed p 187/PDF p 23, table 3-4-13",KR_content2018,False,,,,,
KR,South Korea,KR_core_2016_KR_white2019_6,KR_core,KR_white2019,2016,2016,33979,,,reported,True,all,Covered industry workforce,"Printed p 10/PDF p 28, table 5",KR_white2019,False,,,,,
KR,South Korea,KR_broad_2016_KR_white2019_7,KR_broad,KR_white2019,2016,2016,73993,,,reported,True,all,Covered industry workforce,"Printed p 10/PDF p 28, table 5",KR_white2019,False,,,,,
KR,South Korea,KR_core_2017_KR_white2019_8,KR_core,KR_white2019,2017,2017,34666,,,reported,False,all,Covered industry workforce,"Printed p 10/PDF p 28, table 5",KR_white2019,False,,,"2017 core count revised from 34,665 in 2018 Content Industry Statistics to 34,666 in later White Papers.",,
KR,South Korea,KR_broad_2017_KR_white2019_9,KR_broad,KR_white2019,2017,2017,81932,,,reported,False,all,Covered industry workforce,"Printed p 10/PDF p 28, table 5",KR_white2019,False,,,,,
KR,South Korea,KR_core_2018_KR_white2019_10,KR_core,KR_white2019,2018,2018,37035,,,reported,False,all,Covered industry workforce,"Printed p 10/PDF p 28, table 5",KR_white2019,False,,,,,
KR,South Korea,KR_broad_2018_KR_white2019_11,KR_broad,KR_white2019,2018,2018,85492,,,reported,False,all,Covered industry workforce,"Printed p 10/PDF p 28, table 5",KR_white2019,False,,,,,
KR,South Korea,KR_core_2017_KR_white2020_12,KR_core,KR_white2020,2017,2017,34666,,,reported,True,all,Covered industry workforce,"Printed p 12/PDF p 14, table 5",KR_white2020,False,,,"2017 core count revised from 34,665 in 2018 Content Industry Statistics to 34,666 in later White Papers.",,
KR,South Korea,KR_broad_2017_KR_white2020_13,KR_broad,KR_white2020,2017,2017,81932,,,reported,True,all,Covered industry workforce,"Printed p 12/PDF p 14, table 5",KR_white2020,False,,,,,
KR,South Korea,KR_core_2018_KR_white2020_14,KR_core,KR_white2020,2018,2018,37035,,,reported,True,all,Covered industry workforce,"Printed p 12/PDF p 14, table 5",KR_white2020,False,,,,,
KR,South Korea,KR_broad_2018_KR_white2020_15,KR_broad,KR_white2020,2018,2018,85492,,,reported,True,all,Covered industry workforce,"Printed p 12/PDF p 14, table 5",KR_white2020,False,,,,,
KR,South Korea,KR_core_2019_KR_white2020_16,KR_core,KR_white2020,2019,2019,39390,,,reported,True,all,Covered industry workforce,"Printed p 12/PDF p 14, table 5",KR_white2020,False,,,,,
KR,South Korea,KR_broad_2019_KR_white2020_17,KR_broad,KR_white2020,2019,2019,89157,,,reported,True,all,Covered industry workforce,"Printed p 12/PDF p 14, table 5",KR_white2020,False,,,,,
KR,South Korea,KR_core_2021_KR_white2025_18,KR_core,KR_white2025,2021,2021,45262,,,reported,True,all,Covered industry workforce,"PDF p 9, table 1-5",KR_white2025,False,,,,,
KR,South Korea,KR_broad_2021_KR_white2025_19,KR_broad,KR_white2025,2021,2021,81856,,,reported,True,all,Covered industry workforce,"PDF p 9, table 1-5",KR_white2025,False,,,,,
KR,South Korea,KR_core_2022_KR_white2025_20,KR_core,KR_white2025,2022,2022,48514,,,reported,True,all,Covered industry workforce,"PDF p 9, table 1-5",KR_white2025,False,,,,,
KR,South Korea,KR_broad_2022_KR_white2025_21,KR_broad,KR_white2025,2022,2022,84347,,,reported,True,all,Covered industry workforce,"PDF p 9, table 1-5",KR_white2025,False,,,,,
KR,South Korea,KR_core_2023_KR_white2025_22,KR_core,KR_white2025,2023,2023,51783,,,reported,True,all,Covered industry workforce,"PDF p 9, table 1-5",KR_white2025,False,,,,,
KR,South Korea,KR_broad_2023_KR_white2025_23,KR_broad,KR_white2025,2023,2023,84970,,,reported,True,all,Covered industry workforce,"PDF p 9, table 1-5",KR_white2025,False,,,,,
KR,South Korea,KR_core_2024_KR_white2025_24,KR_core,KR_white2025,2024,2024,54285,,,reported,True,all,Covered industry workforce,"PDF p 9, table 1-5",KR_white2025,False,,,,,
KR,South Korea,KR_broad_2024_KR_white2025_25,KR_broad,KR_white2025,2024,2024,87576,,,reported,True,all,Covered industry workforce,"PDF p 9, table 1-5",KR_white2025,False,,,,,
KR,South Korea,KR_core_status_2017_2017_KR_content2018_26,KR_core_status_2017,KR_content2018,2017,2017,34020,,,reported,True,Regular employees,"34,665 production/publishing workers in original 2018 Content Industry Statistics vintage",Printed p 190/PDF p 26 table 3-4-16,KR_content2018,False,,,,,
KR,South Korea,KR_core_status_2017_2017_KR_content2018_27,KR_core_status_2017,KR_content2018,2017,2017,559,,,reported,True,Nonregular employees,"34,665 production/publishing workers in original 2018 Content Industry Statistics vintage",Printed p 190/PDF p 26 table 3-4-16,KR_content2018,False,,,,,
KR,South Korea,KR_core_status_2017_2017_KR_content2018_28,KR_core_status_2017,KR_content2018,2017,2017,86,,,reported,True,Agency/dispatched employees,"34,665 production/publishing workers in original 2018 Content Industry Statistics vintage",Printed p 190/PDF p 26 table 3-4-16,KR_content2018,False,,,,,
KR,South Korea,KR_core_2020_KR_white2021,KR_core,KR_white2021,2020,2020,44310,,,reported,True,all,Covered industry workforce,"Printed p 11/PDF p 13, table 5",2021 White Paper,False,,,,,
KR,South Korea,KR_broad_2020_KR_white2021,KR_broad,KR_white2021,2020,2020,83303,,,reported,True,all,Covered industry workforce,"Printed p 11/PDF p 13, table 5",2021 White Paper,False,,,,,
NL,Netherlands,NL_domestic_broad_2018_NL_gm2024_0,NL_domestic_broad,NL_gm2024,end of 2018,2018,3834,,,reported,True,all,Covered industry workforce,p 18 Table 1.1,NL_gm2024,False,,,,,
NL,Netherlands,NL_domestic_broad_2021_NL_gm2024_1,NL_domestic_broad,NL_gm2024,end of 2021,2021,4560,,,reported,True,all,Covered industry workforce,p 18 Table 1.1,NL_gm2024,False,,,,,
NL,Netherlands,NL_domestic_broad_2023_NL_gm2024_2,NL_domestic_broad,NL_gm2024,end of 2023,2023,4291,,,reported,True,all,Covered industry workforce,p 18 Table 1.1,NL_gm2024,True,Company-focus changes remove jobs from games coverage without those jobs necessarily disappearing.,,,,
NL,Netherlands,NL_foreign_passport_estimate_None_NL_gm2024_3,NL_foreign_passport_estimate,NL_gm2024,Undated workforce estimate in report released 2025; survey January/February 2025,,,,35,estimated,True,different passport than Dutch,Employees in Dutch games companies,p 73 section 7.4,NL_gm2024,False,,,Up to 35%; no point estimate or inferred 2024 date.,Year unspecified; 2024 report edition,
NL,Netherlands,NL_domestic_broad_2015_NL_gm2015_4,NL_domestic_broad,NL_gm2015,"2015, May 2015 register plus survey",2015,3030,,,estimated,True,all,Covered industry workforce,p 8 Table 1.1,NL_gm2015,True,"2015 estimates 35 companies; later report finds employment information for all companies. Stable broad industry definition, changing evidence completeness.",,,,
NO,Norway,NO_sample_permanent_2019_NO_spill2024_0,NO_sample_permanent,NO_spill2024,2019,2019,324,,,reported,True,all,Employees in annual respondent sample,p 10 Table 1 / p 11 Figure 1,NO_spill2024,True,Coverage varies between survey editions.,,,,
NO,Norway,NO_sample_permanent_2020_NO_spill2024_1,NO_sample_permanent,NO_spill2024,2020,2020,347,,,reported,True,all,Employees in annual respondent sample,p 10 Table 1 / p 11 Figure 1,NO_spill2024,True,Coverage varies between survey editions.,,,,
NO,Norway,NO_sample_permanent_2021_NO_spill2024_2,NO_sample_permanent,NO_spill2024,2021,2021,433,,,reported,True,all,Employees in annual respondent sample,p 10 Table 1 / p 11 Figure 1,NO_spill2024,True,Coverage varies between survey editions.,,,,
NO,Norway,NO_sample_permanent_2022_NO_spill2024_3,NO_sample_permanent,NO_spill2024,2022,2022,706,,,reported,True,all,Employees in annual respondent sample,p 10 Table 1 / p 11 Figure 1,NO_spill2024,True,Coverage varies between survey editions.,,,,
NO,Norway,NO_sample_permanent_2023_NO_spill2024_4,NO_sample_permanent,NO_spill2024,2023,2023,737,,,reported,True,all,Employees in annual respondent sample,p 10 Table 1 / p 11 Figure 1,NO_spill2024,True,Coverage varies between survey editions.,,,,
NO,Norway,NO_sample_permanent_2024_NO_spill2024_5,NO_sample_permanent,NO_spill2024,2024,2024,787,,,reported,True,all,Employees in annual respondent sample,p 10 Table 1 / p 11 Figure 1,NO_spill2024,False,Coverage varies between survey editions.,,,,
NO,Norway,NO_sample_temporary_2019_NO_spill2024_6,NO_sample_temporary,NO_spill2024,2019,2019,32,,,reported,True,all,Employees in annual respondent sample,p 10 Table 1 / p 11 Figure 1,NO_spill2024,True,Coverage varies between survey editions.,,,,
NO,Norway,NO_sample_temporary_2020_NO_spill2024_7,NO_sample_temporary,NO_spill2024,2020,2020,21,,,reported,True,all,Employees in annual respondent sample,p 10 Table 1 / p 11 Figure 1,NO_spill2024,True,Coverage varies between survey editions.,,,,
NO,Norway,NO_sample_temporary_2021_NO_spill2024_8,NO_sample_temporary,NO_spill2024,2021,2021,13,,,reported,True,all,Employees in annual respondent sample,p 10 Table 1 / p 11 Figure 1,NO_spill2024,True,Coverage varies between survey editions.,,,,
NO,Norway,NO_sample_temporary_2022_NO_spill2024_9,NO_sample_temporary,NO_spill2024,2022,2022,78,,,reported,True,all,Employees in annual respondent sample,p 10 Table 1 / p 11 Figure 1,NO_spill2024,True,Coverage varies between survey editions.,,,,
NO,Norway,NO_sample_temporary_2023_NO_spill2024_10,NO_sample_temporary,NO_spill2024,2023,2023,53,,,reported,True,all,Employees in annual respondent sample,p 10 Table 1 / p 11 Figure 1,NO_spill2024,True,Coverage varies between survey editions.,,,,
NO,Norway,NO_sample_temporary_2024_NO_spill2024_11,NO_sample_temporary,NO_spill2024,2024,2024,51,,,reported,True,all,Employees in annual respondent sample,p 10 Table 1 / p 11 Figure 1,NO_spill2024,False,Coverage varies between survey editions.,,,,
NO,Norway,NO_sample_total_2023_NO_spill2024_12,NO_sample_total,NO_spill2024,2023,2023,790,,,reported,True,all,Responding companies,p 11 Table 2,NO_spill2024,False,,,,,
NO,Norway,NO_sample_total_2024_NO_spill2024_13,NO_sample_total,NO_spill2024,2024,2024,838,,,reported,True,all,Responding companies,p 11 Table 2,NO_spill2024,False,,,,,
NO,Norway,NO_sample_fte_2023_NO_spill2024_14,NO_sample_fte,NO_spill2024,2023,2023,760,,,reported,True,all,Responding companies,p 11 Table 2,NO_spill2024,False,,,,,
NO,Norway,NO_sample_fte_2024_NO_spill2024_15,NO_sample_fte,NO_spill2024,2024,2024,813,,,reported,True,all,Responding companies,p 11 Table 2,NO_spill2024,False,,,,,
NZ,New Zealand,NZ_fulltime_2015_NZ_survey2015_0,NZ_fulltime,NZ_survey2015,FY ending 31 March 2015; employment at March where specified,2015,568,,,reported,True,all,All employment covered by this series.,Employment / Job Creation paragraph,NZ_survey2015,False,,,Survey respondents: 27 studios. ,,
NZ,New Zealand,NZ_fte_2016_NZ_survey2016_1,NZ_fte,NZ_survey2016,FY ending 31 March 2016; employment at March where specified,2016,475,,,reported,True,all,All employment covered by this series.,Employment / Job Creation paragraph,NZ_survey2016,False,,,Survey respondents: 38 studios. ,,
NZ,New Zealand,NZ_workers_2017_NZ_survey2017_2,NZ_workers,NZ_survey2017,FY ending 31 March 2017; employment at March where specified,2017,500,,,reported,True,all,All employment covered by this series.,Employment / Job Creation paragraph,NZ_survey2017,False,,,Survey respondents: 29 studios. ,,
NZ,New Zealand,NZ_fulltime_2018_NZ_survey2018_3,NZ_fulltime,NZ_survey2018,FY ending 31 March 2018; employment at March where specified,2018,550,,,reported,True,all,All employment covered by this series.,Employment / Job Creation paragraph,NZ_survey2018,False,,,Survey respondents: 41 studios. ,,
NZ,New Zealand,NZ_workers_2019_NZ_survey2019_4,NZ_workers,NZ_survey2019,FY ending 31 March 2019; employment at March where specified,2019,683,,,reported,True,all,All employment covered by this series.,Employment / Job Creation paragraph,NZ_survey2019,False,,,Survey respondents: 39 studios. ,,
NZ,New Zealand,NZ_fulltime_2020_NZ_survey2020_5,NZ_fulltime,NZ_survey2020,FY ending 31 March 2020; employment at March where specified,2020,747,,,reported,True,all,All employment covered by this series.,Employment / Job Creation paragraph,NZ_survey2020,False,,,Survey respondents: 42 studios. ,,
NZ,New Zealand,NZ_fte_2021_NZ_survey2021_6,NZ_fte,NZ_survey2021,FY ending 31 March 2021; employment at March where specified,2021,969,,,reported,True,all,All employment covered by this series.,Employment / Job Creation paragraph,NZ_survey2021,False,,,Survey respondents: 63 studios. ,,
NZ,New Zealand,NZ_fulltime_2022_NZ_survey2022_7,NZ_fulltime,NZ_survey2022,FY ending 31 March 2022; employment at March where specified,2022,1070,,,reported,True,all,All employment covered by this series.,Employment / Job Creation paragraph,NZ_survey2022,False,,,Survey respondents: 74 studios. ,,
NZ,New Zealand,NZ_fte_2023_NZ_survey2023_8,NZ_fte,NZ_survey2023,FY ending 31 March 2023; employment at March where specified,2023,1106,,,reported,True,all,All employment covered by this series.,Employment / Job Creation paragraph,NZ_survey2023,False,,,Survey respondents: 93 studios. ,,
NZ,New Zealand,NZ_fte_2024_NZ_survey2025_9,NZ_fte,NZ_survey2025,FY ending 31 March 2024; employment at March where specified,2024,1097,,,reported,True,all,All employment covered by this series.,Employment / Job Creation paragraph,NZ_survey2025,False,,,Survey respondents: 100 studios. 2024 value is explicit comparison in 2025 release; not a value inferred from a percentage.,,
NZ,New Zealand,NZ_fte_2025_NZ_survey2025_10,NZ_fte,NZ_survey2025,FY ending 31 March 2025; employment at March where specified,2025,1418,,,reported,True,all,All employment covered by this series.,Employment / Job Creation paragraph,NZ_survey2025,False,,,Survey respondents: not stated in release studios. ,,
NZ,New Zealand,NZ_visa_current_2018_NZ_survey2018_11,NZ_visa_current,NZ_survey2018,Survey workforce in FY ending March 2018,2018,15,,,reported,True,current work-supported visa,Workforce in 41 responding studios; source employment total is 550. Rounded share; source mixes people and FTE wording.,Skills/work-supported visas paragraph,NZ_survey2018,False,,,,,
NZ,New Zealand,NZ_visa_current_2019_NZ_survey2019_12,NZ_visa_current,NZ_survey2019,Survey workforce in FY ending March 2019,2019,14,,,reported,True,current work visa,Workforce in 39 responding studios; source employment total is 683. Rounded share; source mixes people and FTE wording.,Skills/work-supported visas paragraph,NZ_survey2019,False,,,2019 source says work visas without specifying employer-supported visas.,,
NZ,New Zealand,NZ_visa_current_2021_NZ_survey2021_13,NZ_visa_current,NZ_survey2021,Survey workforce in FY ending March 2021,2021,13,,,reported,True,current work-supported visa,Workforce in 63 responding studios; source employment total is 969. Rounded share; source mixes people and FTE wording.,Skills/work-supported visas paragraph,NZ_survey2021,False,,,,,
NZ,New Zealand,NZ_visa_current_2022_NZ_survey2022_14,NZ_visa_current,NZ_survey2022,Survey workforce in FY ending March 2022,2022,6,,,reported,True,current work-supported visa,Workforce in 74 responding studios; source employment total is 1070. Rounded share; source mixes people and FTE wording.,Skills/work-supported visas paragraph,NZ_survey2022,False,,,,,
NZ,New Zealand,NZ_visa_current_2023_NZ_survey2023_15,NZ_visa_current,NZ_survey2023,Survey workforce in FY ending March 2023,2023,8,,,reported,True,current work-supported visa,Workforce in 93 responding studios; source employment total is 1106. Rounded share; source mixes people and FTE wording.,Skills/work-supported visas paragraph,NZ_survey2023,False,,,,,
NZ,New Zealand,NZ_visa_ever_2020_NZ_survey2020_16,NZ_visa_ever,NZ_survey2020,FY ending 31 March 2020,2020,15,,,reported,True,current or former work-supported visa,747 full-time workers in 42 studio responses; 111 employees numerator.,Highlights: 111 employees currently or previously on work-supported visas,NZ_survey2020,False,,,Source share is rounded; historical and current visa statuses combined.,,
NZ,New Zealand,NZ_visa_counts_2018_NZ_survey2018_17,NZ_visa_counts,NZ_survey2018,FY 2018,2018,84,,,reported,True,current work-supported visa,41 studio respondents,Skills / visa-supported staff paragraphs,NZ_survey2018,False,,,,,
NZ,New Zealand,NZ_visa_counts_2021_NZ_survey2021_18,NZ_visa_counts,NZ_survey2021,FY 2021,2021,128,,,reported,True,current work-supported visa,63 studio respondents,Skills / visa-supported staff paragraphs,NZ_survey2021,False,,,,,
NZ,New Zealand,NZ_visa_counts_2022_NZ_survey2022_19,NZ_visa_counts,NZ_survey2022,FY 2022,2022,63,,,reported,True,current work-supported visa,74 studio respondents,Skills / visa-supported staff paragraphs,NZ_survey2022,False,,,,,
NZ,New Zealand,NZ_visa_counts_2023_NZ_survey2023_20,NZ_visa_counts,NZ_survey2023,FY 2023,2023,90,,,reported,True,current work-supported visa,93 studio respondents,Skills / visa-supported staff paragraphs,NZ_survey2023,False,,,,,
NZ,New Zealand,NZ_visa_counts_2024_NZ_survey2024_21,NZ_visa_counts,NZ_survey2024,May 2024 for detailed 98 statement; otherwise survey FY 2024,2024,97,,,reported,False,current work-supported visa,100 studio respondents,Skills / visa-supported staff paragraphs,NZ_survey2024,False,,,"2024 opening says 97, detailed section says 98 as of May; unresolved internal conflict, excluded from charts.",,
NZ,New Zealand,NZ_visa_counts_2024_NZ_survey2024_22,NZ_visa_counts,NZ_survey2024,May 2024 for detailed 98 statement; otherwise survey FY 2024,2024,98,,,reported,False,current work-supported visa,100 studio respondents,Skills / visa-supported staff paragraphs,NZ_survey2024,False,,,"2024 opening says 97, detailed section says 98 as of May; unresolved internal conflict, excluded from charts.",,
NZ,New Zealand,NZ_overseas_2024_NZ_survey2024_23,NZ_overseas,NZ_survey2024,2024 survey; exact staff reference date not stated,2024,31,,,reported,True,Australia,100 studio respondents; total overseas count not separately reconciled,Overseas Staff,NZ_survey2024,False,,,,,
NZ,New Zealand,NZ_overseas_2024_NZ_survey2024_24,NZ_overseas,NZ_survey2024,2024 survey; exact staff reference date not stated,2024,85,,,reported,True,Other overseas locations,100 studio respondents; total overseas count not separately reconciled,Overseas Staff,NZ_survey2024,False,,,,,
PH,Philippines,PH_boi2000_None_PH_boi2018_0,PH_boi2000,PH_boi2018,Observation year unstated,,,2000,,reported,True,all,Covered industry workforce,Roadmap paragraph,PH_boi2018,False,,,"More than 2,000; observation called last year but exact year unresolved. 4,000 by 2022 is a projection and excluded.",,more than
PL,Poland,PL_core_workforce_2021_PL_parp2021_0,PL_core_workforce,PL_parp2021,2021 current report estimate,2021,12110,,,estimated,True,all,Covered industry workforce,printedp 8,PL_parp2021,False,,,,,
PL,Poland,PL_core_workforce_2023_PL_parp2023_1,PL_core_workforce,PL_parp2023,2023 current report estimate; studio frameMay 2023,2023,15290,,,estimated,True,all,Covered industry workforce,printedp 9,PL_parp2023,False,,,,,
PL,Poland,PL_core_workforce_2025_PL_parp2025_2,PL_core_workforce,PL_parp2025,2025 current report estimate; studio frameOctober 2025,2025,14568,,,estimated,True,all,Covered industry workforce,printedp 18 Table 1,PL_parp2025,False,"Publisher identifies the methodological shift as studio counting, not workforce definition; employment data may be revised with improved data.",,,,
PL,Poland,PL_foreign_people_2021_PL_parp2021_3,PL_foreign_people,PL_parp2021,2021,2021,,1000,,estimated,True,foreigners,Polish game-production workforce,Employment infographic,PL_parp2021,False,,,"2025 figure 2020 is a count of people, not the year 2020; source calls it almost 15% although arithmetic 2020/14568≈13.87%.",,more_than
PL,Poland,PL_foreign_people_2023_PL_parp2023_4,PL_foreign_people,PL_parp2023,2023,2023,,2200,,estimated,True,foreigners,Polish game-production workforce,Employment infographic,PL_parp2023,False,,,"2025 figure 2020 is a count of people, not the year 2020; source calls it almost 15% although arithmetic 2020/14568≈13.87%.",,more_than
PL,Poland,PL_foreign_people_2025_PL_parp2025_5,PL_foreign_people,PL_parp2025,2025,2025,2020,,,estimated,True,foreigners,Polish game-production workforce,Employment infographic,PL_parp2025,False,,,"2025 figure 2020 is a count of people, not the year 2020; source calls it almost 15% although arithmetic 2020/14568≈13.87%.",,
PL,Poland,PL_foreign_share_2021_PL_parp2021_6,PL_foreign_share,PL_parp2021,2021,2021,,8,,estimated,True,foreigners,Game-production workforce,Employment infographic,PL_parp2021,False,,,2021/2023 more than lower bound; 2025 almost upper bound. The 2025 prose percentage is only approximate.,,more_than
PL,Poland,PL_foreign_share_2023_PL_parp2023_7,PL_foreign_share,PL_parp2023,2023,2023,,14.5,,estimated,True,foreigners,Game-production workforce,Employment infographic,PL_parp2023,False,,,2021/2023 more than lower bound; 2025 almost upper bound. The 2025 prose percentage is only approximate.,,more_than
PL,Poland,PL_foreign_share_2025_PL_parp2025_8,PL_foreign_share,PL_parp2025,2025,2025,,,15,estimated,True,foreigners,Game-production workforce,Employment infographic,PL_parp2025,False,,,2021/2023 more than lower bound; 2025 almost upper bound. The 2025 prose percentage is only approximate.,,almost
RO,Romania,RO_employees2024_2024_RO_rgda2025_0,RO_employees2024,RO_rgda2025,2024,2024,6100,,,estimated,True,all,Covered industry workforce,p 2 headcount,RO_rgda2025,False,,,Reported rounded count; do not infer precise 2023 baseline from-7.4%.,,
RO,Romania,RO_employees_collaborators_2022_RO_rgda2023_1,RO_employees_collaborators,RO_rgda2023,2022,2022,6800,,,estimated,True,all,Covered industry workforce,p 1,RO_rgda2023,False,,,,,
RO,Romania,RO_employees_collaborators_2023_RO_rgda2024_2,RO_employees_collaborators,RO_rgda2024,2023,2023,6600,,,estimated,True,all,Covered industry workforce,headcount infographic,RO_rgda2024,False,,,,,
RO,Romania,RO_earlier_benchmark_2018_RO_release2019_3,RO_earlier_benchmark,RO_release2019,2018,2018,,6000,,estimated,True,all,Covered industry workforce,2018 highlights,RO_release2019,False,,,"Over 6000 /6000+, not exact 6000.",,more_than
RO,Romania,RO_earlier_benchmark_2020_RO_release2021_4,RO_earlier_benchmark,RO_release2021,2020,2020,,6000,,estimated,True,all,Covered industry workforce,2020 highlights,RO_release2021,False,,,"Over 6000 /6000+, not exact 6000.",,more_than
RS,Serbia,RS_national_estimate_2024_RS_release2025_0,RS_national_estimate,RS_release2025,2024,2024,4500,,,estimated,True,all,Covered industry workforce,Other data section,RS_release2025,False,,,"2024 explicitly described as 300 more than 2025, alongside 2025 estimate.",,
RS,Serbia,RS_national_estimate_2025_RS_release2025_1,RS_national_estimate,RS_release2025,2025,2025,4200,,,estimated,True,all,Covered industry workforce,Other data section,RS_release2025,False,,,"2024 explicitly described as 300 more than 2025, alongside 2025 estimate.",,
RS,Serbia,RS_respondent_employees_2018_RS_sga2025_2,RS_respondent_employees,RS_sga2025,2018,2018,1281,,,reported,True,all,Covered industry workforce,p 16 historical table,RS_sga2025,True,Changing annual survey participation; 2023 includes relocated studios and a larger industry footprint.,,,,
RS,Serbia,RS_respondent_employees_2019_RS_sga2025_3,RS_respondent_employees,RS_sga2025,2019,2019,1325,,,reported,True,all,Covered industry workforce,p 16 historical table,RS_sga2025,True,Changing annual survey participation; 2023 includes relocated studios and a larger industry footprint.,,,,
RS,Serbia,RS_respondent_employees_2020_RS_sga2025_4,RS_respondent_employees,RS_sga2025,2020,2020,1431,,,reported,True,all,Covered industry workforce,p 16 historical table,RS_sga2025,True,Changing annual survey participation; 2023 includes relocated studios and a larger industry footprint.,,,,
RS,Serbia,RS_respondent_employees_2021_RS_sga2025_5,RS_respondent_employees,RS_sga2025,2021,2021,1548,,,reported,True,all,Covered industry workforce,p 16 historical table,RS_sga2025,True,Changing annual survey participation; 2023 includes relocated studios and a larger industry footprint.,,,,
RS,Serbia,RS_respondent_employees_2022_RS_sga2025_6,RS_respondent_employees,RS_sga2025,2022,2022,1744,,,reported,True,all,Covered industry workforce,p 16 historical table,RS_sga2025,True,Changing annual survey participation; 2023 includes relocated studios and a larger industry footprint.,,,,
RS,Serbia,RS_respondent_employees_2023_RS_sga2025_7,RS_respondent_employees,RS_sga2025,2023,2023,3419,,,reported,True,all,Covered industry workforce,p 16 historical table,RS_sga2025,True,Changing annual survey participation; 2023 includes relocated studios and a larger industry footprint.,,,,
RS,Serbia,RS_respondent_employees_2024_RS_sga2025_8,RS_respondent_employees,RS_sga2025,2024,2024,3596,,,reported,True,all,Covered industry workforce,p 16 historical table,RS_sga2025,True,Changing annual survey participation; 2023 includes relocated studios and a larger industry footprint.,,,,
RS,Serbia,RS_respondent_employees_2025_RS_sga2025_9,RS_respondent_employees,RS_sga2025,2025,2025,3170,,,reported,True,all,Covered industry workforce,p 16 historical table,RS_sga2025,True,Changing annual survey participation; 2023 includes relocated studios and a larger industry footprint.,,,,
RS,Serbia,RS_remote_abroad_sample_2025_RS_sga2025_10,RS_remote_abroad_sample,RS_sga2025,2025,2025,115,,,reported,True,outside Serbia,Respondent employees,p 11,RS_sga2025,False,,,,,
SE,Sweden,SE_domestic_2015_SE_gdi2025_0,SE_domestic,SE_gdi2025,2015 annual average,2015,3439,,,reported,True,all,Covered industry workforce,p 18 chart,SE_gdi2025,False,,,2025 report retrospective series,,
SE,Sweden,SE_domestic_2016_SE_gdi2025_1,SE_domestic,SE_gdi2025,2016 annual average,2016,3750,,,reported,True,all,Covered industry workforce,p 18 chart,SE_gdi2025,False,,,2025 report retrospective series,,
SE,Sweden,SE_domestic_2017_SE_gdi2025_2,SE_domestic,SE_gdi2025,2017 annual average,2017,4670,,,reported,True,all,Covered industry workforce,p 18 chart,SE_gdi2025,False,,,2025 report retrospective series,,
SE,Sweden,SE_domestic_2018_SE_gdi2025_3,SE_domestic,SE_gdi2025,2018 annual average,2018,5320,,,reported,True,all,Covered industry workforce,p 18 chart,SE_gdi2025,False,,,2025 report retrospective series,,
SE,Sweden,SE_domestic_2019_SE_gdi2025_4,SE_domestic,SE_gdi2025,2019 annual average,2019,5925,,,reported,True,all,Covered industry workforce,p 18 chart,SE_gdi2025,False,,,2025 report retrospective series,,
SE,Sweden,SE_domestic_2020_SE_gdi2025_5,SE_domestic,SE_gdi2025,2020 annual average,2020,6596,,,reported,True,all,Covered industry workforce,p 18 chart,SE_gdi2025,False,,,2025 report retrospective series,,
SE,Sweden,SE_domestic_2021_SE_gdi2025_6,SE_domestic,SE_gdi2025,2021 annual average,2021,7944,,,reported,True,all,Covered industry workforce,p 18 chart,SE_gdi2025,False,,,2025 report retrospective series,,
SE,Sweden,SE_domestic_2022_SE_gdi2025_7,SE_domestic,SE_gdi2025,2022 annual average,2022,8445,,,reported,True,all,Covered industry workforce,p 18 chart,SE_gdi2025,False,,,2025 report retrospective series,,
SE,Sweden,SE_domestic_2023_SE_gdi2025_8,SE_domestic,SE_gdi2025,2023 annual average,2023,9089,,,reported,True,all,Covered industry workforce,p 18 chart,SE_gdi2025,False,,,2025 report retrospective series,,
SE,Sweden,SE_domestic_2024_SE_gdi2025_9,SE_domestic,SE_gdi2025,2024 annual average,2024,9130,,,reported,True,all,Covered industry workforce,p 18 chart,SE_gdi2025,True,2024 cohort excludes firms bankrupt in 2025; King uses prior-year accounts,,2025 report retrospective series,,
SE,Sweden,SE_overseas_2024_SE_gdi2025_10,SE_overseas,SE_gdi2025,2024,2024,,11000,,estimated,True,overseas employees,Covered industry workforce,p 18,SE_gdi2025,False,,,"Source says just over 11, 000; lower bound retained, no point estimate.",,more_than
SG,Singapore,SG_games2021_2021_SG_mddi2022_0,SG_games2021,SG_mddi2022,2021,2021,2000,,,estimated,True,all,Covered industry workforce,Answer paragraph 5,SG_mddi2022,False,,,"Source qualifier: nearly 2,000. Rounded approximate count, not exact stock.",,nearly
TR,Turkey,TR_toged_2023_TR_egdf2023_0,TR_toged,TR_egdf2023,2023; precise reference date not stated,2023,10777,,,estimated,True,all,All employment covered by this series.,"p57 employment column, 2023 bar",TR_egdf2023,False,,,"The nearby 3,300 is turnover in million euros, not 2019 employment. All 2019-2022 employment bars are N/A.",,
TR,Turkey,TR_secondary_range_2023_TR_thesis2025_1,TR_secondary_range,TR_thesis2025,Claimed 2023 national figure,2023,,2500,3000,estimated,False,all,All employment covered by this series.,printed p4 / PDF p14,TR_thesis2025,False,,,"Claimed original source is Gaming in Türkiye 2023, but inspection did not verify this range. No midpoint or gap-filling.",,
TW,Taiwan,TW_survey2022_2022_TW_taicca2022_0,TW_survey2022,TW_taicca2022,2022 economic-period report; exact headcount reference date unstated,,9929,,,reported,True,all,"133 responding companies, with some missing employee answers imputed from 104 Job Bank","Printed p 11/PDF p 17, section 1.4 figure 1-2",TW_taicca2022,False,,,2022 refers to the report economic period; precise employment year remains null under the extraction contract.,,
UA,Ukraine,UA_panel_room8_2021_UA_dou2026_0,UA_panel_room8,UA_dou2026,2021 comparison (initial rankingNovember 2021),2021,680,,,reported,True,Room 8 Group,Named company workforce on DOU basis,Largest-company comparison,UA_dou2026,False,,,,,
UA,Ukraine,UA_panel_room8_2023_UA_dou2026_1,UA_panel_room8,UA_dou2026,Winter 2023,2023,1057,,,reported,True,Room 8 Group,Named company workforce on DOU basis,Largest-company comparison,UA_dou2026,False,,,,,
UA,Ukraine,UA_panel_room8_2026_UA_dou2026_2,UA_panel_room8,UA_dou2026,February 2026,2026,664,,,reported,True,Room 8 Group,Named company workforce on DOU basis,Largest-company comparison,UA_dou2026,False,,,,,
UA,Ukraine,UA_panel_ubisoft_2021_UA_dou2026_3,UA_panel_ubisoft,UA_dou2026,2021 comparison (initial rankingNovember 2021),2021,1211,,,reported,True,Ubisoft Ukraine,Named company workforce on DOU basis,Largest-company comparison,UA_dou2026,False,,,,,
UA,Ukraine,UA_panel_ubisoft_2026_UA_dou2026_4,UA_panel_ubisoft,UA_dou2026,February 2026,2026,586,,,reported,True,Ubisoft Ukraine,Named company workforce on DOU basis,Largest-company comparison,UA_dou2026,False,,,,,
UA,Ukraine,UA_panel_playrix_2021_UA_dou2026_5,UA_panel_playrix,UA_dou2026,2021 comparison (initial rankingNovember 2021),2021,,1500,,reported,True,Playrix group in Ukraine,Named company workforce on DOU basis,Largest-company comparison,UA_dou2026,False,,,,,
UA,Ukraine,UA_panel_playrix_2026_UA_dou2026_6,UA_panel_playrix,UA_dou2026,February 2026,2026,649,,,reported,True,Playrix group in Ukraine,Named company workforce on DOU basis,Largest-company comparison,UA_dou2026,False,,,,,
UA,Ukraine,UA_panel_playtika_2022_UA_dou2026_7,UA_panel_playtika,UA_dou2026,May 2022,2022,1000,,,estimated,True,Playtika Ukraine,Named company workforce on DOU basis,Largest-company comparison,UA_dou2026,False,,,,,
UA,Ukraine,UA_panel_playtika_2026_UA_dou2026_8,UA_panel_playtika,UA_dou2026,February 2026,2026,580,,,reported,True,Playtika Ukraine,Named company workforce on DOU basis,Largest-company comparison,UA_dou2026,False,,,,,
UA,Ukraine,UA_panel_net_change_2026_UA_dou2026_9,UA_panel_net_change,UA_dou2026,August 2025 toFebruary 2026,2026,-165,,,reported,True,Top 25 panel,Changing top 25 panel,Overall panel dynamics,UA_dou2026,False,,,,,
US,United States,US_mapping_2017_2015_US_esa2017_0,US_mapping_2017,US_esa2017,2015 ESA mapping observation,2015,60031,,,reported,True,all,Covered national workforce,p19 Tables E-1/E-2,2017,False,Different reporting universe: founding-year eligibility changes.,,"p14 calls impact year 2015; p19 explicitly describes 65,678 as 2016. Use 2016 for latest mapping total; 2015 table has 60,031.",,
US,United States,US_mapping_2017_2016_US_esa2017_1,US_mapping_2017,US_esa2017,2016 ESA mapping observation,2016,65678,,,reported,True,all,Covered national workforce,p12 Table C-2; p19 text assigns total to 2016,2017,True,Different reporting universe: founding-year eligibility changes.,,"p14 calls impact year 2015; p19 explicitly describes 65,678 as 2016. Use 2016 for latest mapping total; 2015 table has 60,031.",,
US,United States,US_broad_2019_US_esa2020_2,US_broad,US_esa2020,2019 active-firm database,2019,143045,,,estimated,True,all,Covered national workforce,p9 Table1,2020,False,,,,,
US,United States,US_core_2019_US_esa2020_3,US_core,US_esa2020,2019 active-firm database,2019,61230,,,derived,True,all,Covered national workforce,p9 Table1,2020,False,Firm database methods differ; comparable activity subset is not a fixed firm panel.,40676 + 16921 + 3633 (Developer + Developer/Publisher + Publisher),,,
US,United States,US_broad_2023_US_esa2024_4,US_broad,US_esa2024,2023 industry database,2023,104080,,,estimated,True,all,Covered national workforce,p9 Table1,2024,True,"2023 removed gambling, arcades, general-retail allocations and gamification; 2025 improved small firms, locations and remote workers.",,,,
US,United States,US_core_2023_US_esa2024_5,US_core,US_esa2024,2023 industry database,2023,71991,,,derived,True,all,Covered national workforce,p9 Table1,2024,True,Firm database methods differ; comparable activity subset is not a fixed firm panel.,35954 + 32282 + 3755 (Developer + Developer/Publisher + Publisher),,,
US,United States,US_broad_2025_US_esa2026_6,US_broad,US_esa2026,2025 database; mostly November-December employment,2025,82930,,,estimated,True,all,Covered national workforce,p10 Table1,2026,True,"2023 removed gambling, arcades, general-retail allocations and gamification; 2025 improved small firms, locations and remote workers.",,,,
US,United States,US_core_2025_US_esa2026_7,US_core,US_esa2026,2025 database; mostly November-December employment,2025,60276,,,derived,True,all,Covered national workforce,p10 Table1,2026,True,Firm database methods differ; comparable activity subset is not a fixed firm panel.,34070 + 23455 + 2751 (Developer + Developer/Publisher + Publisher),,,
US,United States,US_software_2023_US_esa2024_8,US_software,US_esa2024,2023 industry database,2023,75353,,,estimated,True,all,Covered national workforce,Table1: 2024 p9; 2026 p10,2024,False,Method refinements and sector classifications changed.,,,,
US,United States,US_services_2023_US_esa2024_9,US_services,US_esa2024,2023 industry database,2023,3431,,,estimated,True,all,Covered national workforce,Table1: 2024 p9; 2026 p10,2024,False,Method refinements and sector classifications changed.,,,,
US,United States,US_software_2025_US_esa2026_10,US_software,US_esa2026,2025 industry database,2025,63248,,,estimated,True,all,Covered national workforce,Table1: 2024 p9; 2026 p10,2026,True,Method refinements and sector classifications changed.,,,,
US,United States,US_services_2025_US_esa2026_11,US_services,US_esa2026,2025 industry database,2025,2409,,,estimated,True,all,Covered national workforce,Table1: 2024 p9; 2026 p10,2026,True,Method refinements and sector classifications changed.,,,,
VN,Vietnam,VN_4100_claim_2024_VN_briefing2024_0,VN_4100_claim,VN_briefing2024,2024,2024,4100,,,reported,True,all,Covered industry workforce,Revenue and employment table,VN_briefing2024,False,,,"Source-reported 31% increase preserved only as context, not used to derive prior-year stock.",,
VN,Vietnam,VN_35000_claim_None_VN_briefing2024_1,VN_35000_claim,VN_briefing2024,Observation year unstated,,35000,,,estimated,True,all,Covered industry workforce,Supportive dynamics paragraph,VN_briefing2024,False,,,"Approximately 35,000; year not explicitly attached to this claim.",,approximately
VN,Vietnam,VN_mobile_claim_None_VN_nhandan2025_2,VN_mobile_claim,VN_nhandan2025,Observation year unstated,,10000,,,estimated,True,all,Covered industry workforce,Paragraph beginning Anh NT,VN_nhandan2025,False,,,"Source says currently approximately nearly 10,000 in mobile games; rounded estimate, precise date unknown.",,nearly
