iso2,route,query,url,outcome
AU,statistical_agency,ABS Film television digital games employment census,https://www.abs.gov.au/statistics/industry/technology-and-innovation/film-television-and-digital-games-australia/latest-release,Inspected current original release and detailed glossary; 2016 and 2022 employment retained.
AU,industry_association,IGEA game development survey 2015 2025 employment archive,https://igea.net/2026/03/agds-2025/,Original historical table and latest infographic/FAQ inspected.
AU,local_language,Australia game development employment FTE contractors national survey,https://igea.net/wp-content/uploads/2024/12/AGDS-2024-Report-Final.pdf,English local-language sources inspected; footnotes distinguish FTEs/contractors from ABS persons.
BR,statistical_agency,IBGE CNAE jogos digitais emprego desenvolvedores 6203-1/00,https://cnae.ibge.gov.br/?subclasse=6203100&tipo=cnae&versao=9&view=subclasse,"IBGE classification indexed games within non-custom software, not an isolated game-workforce count; primary page 403 on direct retrieval. Abragames 2023 pp18-19 independently discusses the classification gap. No game-only annual administrative series verified."
BR,industry_association,Abragames Brazilian Games Industry Survey 2023 2024 2025 2026 employment,https://brazilgames.org/en/brazilian-games-industry-survey/,"Primary survey archive, 2018 summary and 2022/2023 full reports downloaded. Latest located workforce estimate 2023; 2024 Nordicity white paper repeats it."
BR,local_language,pesquisa industria brasileira games 2022 2023 profissionais estrangeiros terceirizados,https://www.abragames.org/links-uteis.html,"Portuguese primary 2022 report read, including work regime and nationality. Matched table-based historical totals against 2023 report; discovered conflicting historical chart labels."
CA,statistical_agency,Statistics Canada video game industry employment annual provinces 2025,https://www150.statcan.gc.ca/n1/pub/36-28-0001/2025008/article/00001-eng.htm,"Full administrative study inspected and saved: annual 2013-2022 ILUs, provinces excluding territories."
CA,industry_association,ESAC Canadian video game industry 2015 2017 2019 2021 2024 employment,https://theesa.ca/,"Downloaded primary ESAC reports; read 2015, 2017, 2021 and 2024 employment content, including the 2021 revision."
CA,local_language,Statistique Canada emploi industrie jeux video provinces 2025,https://www150.statcan.gc.ca/n1/pub/36-28-0001/2025008/article/00001-fra.htm,French primary study inspected: confirms classification and ILU coverage; not a separate source of nationality.
CN,statistical_agency,site.stats.gov.cn 游戏 从业人员 2023 2024 文化新业态,https://www.stats.gov.cn/hd/lyzx/zxgk/202609/t20260903_1965184.html,"NBS response directs detailed subclasses to economic census; annual cultural-new-form aggregate combines 16 categories, no annual game-only core series."
CN,industry_association,中国音数协 游戏工委 游戏产业报告 从业人员 2024 2025,https://www.cgigc.com.cn/,GPC/CADPA report route checked; revenue and user totals easier to retrieve than employment. Primary CNG personnel chart inspected separately.
CN,local_language,中国 游戏产业 从业人员 人员规模 上市企业 2025 2021 2022,https://pdf.dfcfw.com/pdf/H3_AP202507181711204583_1.pdf?1752858662000.pdf=,Located and inspected CNG listed-company panel and broad 2018 attributed estimate.
CY,statistical_agency,CYSTAT employment enterprise NACE 58.21 games,https://www.cystat.gov.cy/en/StaticPage?id=1226,General employment tables found; no separately verified comprehensive games workforce. CYGMA combines administrative sources.
CY,industry_association,CYGMA Cyprus video game industry report 2025 employment,https://cygma.eu/news/cyprus-video-game-industry-report-2025-published/,"Full original 2025 report downloaded, release dated 17 August 2026; historical employment inspected."
CY,local_language,Κύπρος απασχόληση έκδοση ηλεκτρονικών παιχνιδιών Στατιστική Υπηρεσία,https://library.cystat.gov.cy/Documents/Publication/EMPLOYMENT_ENT-NACE2-SIZE-2019-161220.pdf,Greek statistical-agency route located enterprise employment publication; broader classifications cannot substitute for the mapped games series.
DE,statistical_agency,site.destatis.de Computerspiele Beschäftigte 2024,https://www.destatis.de/,Broad information-sector tables do not capture manually classified games firms; game association used.
DE,industry_association,game annual report 2025 employment archive,https://www.game.de/publikationen/,2015–2018 chart plus 2019 and 2025 reports provide continuous core series.
DE,local_language,site.game.de 2019 Beschäftigte Entwickler Publisher,https://www.game.de/guides/jahresreport-der-deutschen-games-branche-2019/03-games-branche-in-deutschland/,"Local-language report confirms 2019 decline to 11014, unlike broad ecosystem totals."
DK,statistical_agency,site.dst.dk spilbranchen årsværk,https://www.dst.dk/,Statistical source found through producer report; payroll FTE definitions inspected.
DK,industry_association,Games Denmark Danske Indholdsproducenter 2024,https://gamesdenmark.dk/,Full report downloaded and read.
DK,local_language,Danske Indholdsproducenter 2025 tal grafer beskæftigelse,https://www.producentforeningen.dk/analyse/danske-indholdsproducenter-2024-tal-og-grafer,Newer Tableau release fully downloaded and decoded through public .twb endpoint; no SPIL segment exists. Earlier 2018/2021 reports supply 2015/2016 vintages.
DK,industry_association,DanskeIndholdsproducenter 2025 public workbook download,https://public.tableau.com/workbooks/DanskeIndholdsproducenter2025.twb,"200 response with 44,152 byte packaged workbook; decoded all threeHyperfiles and verified onlyFILM/TV/REKLAME segments. Older guessed 2024/2023 workbook endpoints 404."
ES,statistical_agency,site.ine.es videojuegos empleo desarrollo,https://www.ine.es/,Search returned broader/time-use material rather than dedicated development population; DEV used.
ES,industry_association,DEV Libro Blanco historical 2015 latest employment,https://dev.org.es/libro_blanco/,"Read 2018, 2020, 2023, 2025 primary editions; 2023 retrospective history supplies 2015 onward."
ES,local_language,Libro Blanco 2015 2016 empleo directo extranjeros freelance,https://dev.org.es/libro-blanco-2020/,Original Spanish wording distinguishes origin from citizenship; external freelancing from direct jobs.
FI,statistical_agency,site.stat.fi peliala työntekijät 2024,https://stat.fi/en/statistics/tyokay,General employment tables found; no clean whole-games national series located.
FI,industry_association,Neogames 2024 report employment nationality,https://neogames.fi/about-the-industry/,Full report read; 185-company employment evidence vs 71-company interviews separated.
FI,local_language,Neogames 2024 kansalaisuutta kansainvälistä,https://neogames.fi/fi/kansainvalinen-liiketoiminta-vaatii-kansainvalista-osaamista/,Local-language association commentary defines international talent as people without Finnish citizenship.
FR,statistical_agency,site.insee.fr emploi jeux vidéo 2024,https://www.insee.fr/,No clean complete national developer census found; EY report uses official statistical sources.
FR,industry_association,SNJV baromètre annuel jeu vidéo 2024 emploi,https://snjv.org/,"Full report inspected; survey contract mix found, no validated national workforce stock therein."
FR,local_language,site.cnc.fr jeu vidéo emplois 2024,https://www.artcena.fr/sites/default/files/medias/rapport-panorama-industries-culturelles-creatives-2025.pdf,French-language search found EY 2025 national FTE series and methodology.
GB,statistical_agency,DCMS employment computer games 2011 2025 data tables,https://www.gov.uk/government/statistics/economic-estimates-employment-january-2025-to-december-2025-for-dcms-sectors,"Downloaded 2026 release ODS; extracted games column, annual jobs and 2024/2025 confidence intervals. Employment type and nationality breakdowns unpublished (x)."
GB,industry_association,TIGA Making Games in UK 2016 2018 2020 2023 2024 2025 employment,https://tiga.org/news,Read primary TIGA public releases and methods via official WordPress API; full commercial report not purchased.
GB,local_language,UK games workforce demographic survey 2025 freelancer nationality,https://cms.ukie.org.uk/wp-content/uploads/2026/07/UK-Games-Industry-Workforce-Demographics-Survey-2025.pdf,"Inspected English-language primary Ukie 2022 and 2025 survey reports, including survey dates, nationality and contract-type figures."
ID,statistical_agency,site.bps.go.id pengembang permainan tenaga kerja industri gim,https://sirusa.web.bps.go.id/,"BPS creative-economy classifications/metadata include game development, but no clean annual game-only domestic population table retrieved."
ID,industry_association,Asosiasi Game Indonesia AGI jumlah tenaga kerja pengembang gim 2024 2025,https://ekraf.go.id/news/kementerian-ekraf-dan-agi-bangun-masa-depan-industri-gim-indonesia,AGI/government ecosystem reporting checked; official author-posted mapping report supplied the usable lower-bound claim.
ID,local_language,"Peta Ekosistem Industri Gim Indonesia 2024 2.112 talenta 64,23",https://www.researchgate.net/publication/396196002_Peta_Ekosistem_Industri_Gim_Indonesia_2024_Menuju_Transformasi_Ekonomi_Digital_Nasional_2025,Indonesian abstract inspected; lower-bound and broad-impact wording retained.
IL,statistical_agency,הלשכה המרכזית לסטטיסטיקה תעשיית משחקי מחשב מועסקים,https://www.cbs.gov.il/he/publications/DocLib/2024/shnaton2024.pdf,"General high-tech/yearbook employment found, no separately established comprehensive games workforce."
IL,industry_association,GameIS Deloitte Israeli game industry report employees,https://www.gameis.org.il/,Association reviewed; full Deloitte/GameIS report obtained from public mirror.
IL,local_language,דוח גיימינג ישראל 2021 14000 עובדים 4000 דלויט,https://www.funder.co.il/article/136571,Hebrew 11 July 2022 coverage corroborates report release and figures; no proof of domestic-only coverage.
IN,statistical_agency,site.pib.gov.in game industry employment developers AVGC 2025,https://www.pib.gov.in/PressReleasePage.aspx?PRID=2096169&lang=1&reg=3,Government AVGC policy figures found but too broad; government-hosted EY gaming estimate inspected.
IN,industry_association,site.gdai.in employment annual report 2025 India game developers,https://gdai.in/about/,GDAI membership and future jobs vision are not a measured stock. Current 2026 academic survey is still a collection initiative.
IN,local_language,भारत गेमिंग उद्योग कर्मचारी रोजगार 2025 डेवलपर,https://static.pib.gov.in/WriteReadData/specificdocs/documents/2026/feb/doc2026217794401.pdf,"Hindi policy and employment reporting checked; many job totals refer to RMG-ban exposure or future opportunities, not a core workforce count."
JP,statistical_agency,site.stat.go.jp e-stat ゲームソフトウェア業 従業者数 労働力調査,https://www.stat.go.jp/data/nenkan/75nenkan/19.html,"Official labour tables were identified, but no verified annual core-game total extracted; labour classifications are broader."
JP,industry_association,site.cesa.or.jp ゲーム産業レポート2025 就業人口 CEDEC 就業形態,https://www.cesa.or.jp/uploads/2025/release_game_industry_report2025.pdf,Primary association range and CEDEC employee/freelancer distributions inspected.
JP,local_language,ゲーム開発者 就業とキャリア形成 2024 2025 フリーランス 従業者数,https://cedec.cesa.or.jp/2025/past_cedec/enquete/,Annual survey archive inspected; 2024 and 2025 reports downloaded. Earlier survey editions exist but no stock totals established.
KR,statistical_agency,MCST KOCCA 콘텐츠산업조사 게임산업 종사자 2015 2019,https://www.mcst.go.kr/,Official content statistics and White Paper tables inspected; national core and venue headcounts separable.
KR,industry_association,Korea game industry association employment KOCCA White Paper 2025,https://welcon.kocca.kr/ko/info/report/1957738,Association/industry route leads to the authoritative KOCCA White Paper series.
KR,local_language,대한민국 게임백서 종사자 제작 배급 정규직 비정규직 2015 2024,https://welcon.kocca.kr/,Korean language tables provide early-year stock and 2017 worker-status distribution.
MY,statistical_agency,site.dosm.gov.my digital games e-sport professionals employment,https://myjobprofile.dosm.gov.my/bda-myjobprofile/job/2542/digital-games-and-e-sport-professionals,Official occupation 2542 combines digital games/esports; no game-development-only national stock verified.
MY,industry_association,MDEC IGDA Malaysia game industry workforce employees talent report 2024,https://www.mdec.my/ms/static/pdf/digitalcontent/SEA-Game-Talent-Economics-Report%202024_FINAL.pdf,"Primary MDEC regional talent report inspected; sample and salaries, not national workforce."
MY,local_language,Malaysia industri permainan digital jumlah pekerja tenaga kerja pembangunan permainan,https://www.mdec.my/static/pdf/digitalcontent/SEA-game-industry-report-2021.pdf,Malay/English industry routes checked; MDEC report and official occupation definitions insufficient for a comparable total.
NL,statistical_agency,site.cbs.nl games employment computerspellen,https://www.cbs.nl/,No dedicated complete games workforce series found; report links official employment and business sources.
NL,industry_association,Dutch Games Association Games Monitor 2024,https://dutchgamesassociation.nl/games-monitor/,Association archive and full report inspected.
NL,local_language,Nederland games industrie banen Games Monitor 2024,https://dutchgamesassociation.nl/,Latest industry monitor identified; Dutch and English routes converge on primary report.
NO,statistical_agency,site.ssb.no dataspill sysselsetting ansatte,https://www.ssb.no/,No dedicated whole-industry games series identified in targeted search.
NO,industry_association,Virke Spillrapporten 2024 ansatte,https://www.virke.no/,Joint report with NFI identified and inspected.
NO,local_language,NFI nyeste spillrapporten 2024,https://www.nfi.no/nyheter/her-er-den-nyeste-spillrapporten,Current Norwegian-language primary release confirms report published in 2026.
NZ,statistical_agency,Statistics NZ ANZSIC game development workforce national employment,https://datainfoplus.stats.govt.nz/item/nz.govt.stats/fe39918b-ed28-4775-bad4-eaab6bbea68f,"Stats NZ employment-indicator methodology inspected: broad industry categories, no separately identified game-development count. Ministry for Culture evidence brief also states codes historically could not directly measure games jobs and cites NZGDA. MBIE rebate review download did not return PDF; rebate cohort is not whole population."
NZ,industry_association,NZGDA industry survey archive 2015 through 2025,https://www.nzgda.com/blog/category/Reports,Annual original NZGDA releases recovered; 2016 original release hosted by IGEA.
NZ,local_language,New Zealand game developers survey employees visas contractors,https://www.nzgda.com/blog/news/2024-industry-survey-results,"English local sources checked; current-versus-former visa status, overseas offices and contradictory 2024 count retained."
PH,statistical_agency,site.psa.gov.ph games development employment creative economy digital interactive,https://psa.gov.ph/,"Creative-economy satellite statistics found, but creative/digital-interactive employment is broader than core game studios."
PH,industry_association,GDAP Philippines game industry workforce employees 2023 2024 2025,https://gdap.org.ph/news/,Current GDAP news checked; no national annual stock or documented freelancer/nationality ratio retrieved.
PH,local_language,Pilipinas industriya laro game development manggagawa empleyado GDAP,https://boi.gov.ph/boi-approves-micro-enterprise-game-development-project/,Filipino/local-market search found BOI games-development source; no verified newer comparable national figure.
PL,statistical_agency,site.stat.gov.pl gry komputerowe zatrudnienie,https://stat.gov.pl/,Dedicated developer workforce series not found through statistical-office route; government agency PARP reports located.
PL,industry_association,Game Industry Conference Poland 2025 report,https://gic.gd/,GIC-authored primary report inspected through PARP.
PL,local_language,site.parp.gov.pl branża gier zatrudnienie raport 2021,https://www.parp.gov.pl/component/content/article/74701%3Athe-game-industry-of-poland-2021,Polish-language agency release and reports found; production employment distinct from prior-year revenue.
RO,statistical_agency,site.insse.ro jocuri video salariati industria,https://insse.ro/,No clean dedicated national development workforce found through statistical-office query.
RO,industry_association,RGDA industry reports 2025 archive,https://rgda.ro/romanias-video-games-industry-report-2024/,Association archive and 2022–2024 primary infographics inspected.
RO,local_language,site.rgda.ro angajați 2025 6.100,https://rgda.ro/wp-content/uploads/2025/09/2025-09-12-RGDA-Romania-game-development-industry-in-2024-RO-BT.pdf,Romanian original confirms 6100 employees for 2024.
RS,statistical_agency,site.stat.gov.rs video games employment,https://www.stat.gov.rs/en-us/,No dedicated games workforce series identified in targeted statistical-office search.
RS,industry_association,Serbian Games Association 2025 annual report,https://sga.rs/en/,Full report and publisher release inspected.
RS,local_language,site.sga.rs gejming industrija 2025 zaposlenih 4200,https://sga.rs/,Local-language coverage located; original SGA report retained as numerical authority.
SE,statistical_agency,site.scb.se spelutveckling sysselsatta 2024 dataspel,https://www.scb.se/,No dedicated complete national games series found in search; GDI explicitly uses SCB and registry data plus manual recoding.
SE,industry_association,Dataspelsbranschen Game Developer Index 2025 archive,https://dataspelsbranschen.squarespace.com/game-developer-index,Full current report and historical archive inspected.
SE,local_language,site.dataspelsbranschen.se 2024 anställda,https://dataspelsbranschen.squarespace.com/nyheter/2025/11/10/spelundret-hotas-trots-rekordr,Swedish release confirms 2024 reporting basis; English report used for definitions.
SG,statistical_agency,Singstat IMDA annual survey infocomm media manpower games employment,https://www.mddi.gov.sg/newsroom/infocomm-and-media-professionals-required/,Official manpower answer found; broader tech/media totals were not substituted.
SG,industry_association,Singapore Games Association employment survey workforce 2024,https://www.linkedin.com/posts/singapore-games-association_as-part-of-sggas-support-for-the-games-industry-activity-7181865724779331584-HWL9,"SGGA talent-economics survey participation found; MDEC 2024 regional report is a 295-person sample, not a national stock."
SG,local_language,新加坡 游戏产业 从业人员 员工 2000,https://www.zaobao.com.sg/finance/singapore/story20241018-5179879,Chinese-language industry reporting checked; no better national core count found.
TR,statistical_agency,TÜİK oyun geliştirme istihdam çalışan sayısı 58.21,https://veriportali.tuik.gov.tr/tr/press/54059,General labor-force statistics found; no games-specific national extraction verified. Invest Türkiye 2025 report downloaded and screened; studio size and investment data do not give a national total.
TR,industry_association,TOGED oyun sektörü çalışan istihdam rapor EGDF,https://toged.org/,Association website checked; TOGED submission located in original EGDF report and employment bar visually inspected.
TR,local_language,Türkiye oyun sektörü raporu çalışan 2500 3000 2023 2025,https://www.turkiyeoyunsektoruraporu.com/tr/turkiye-oyun-sektoru-raporlari/,Local archive and 2023/2025 reports checked; thesis range retained as unverifiable secondary attribution.
TW,statistical_agency,台灣 數位遊戲 產業 從業人員 經濟部 數位發展部 統計,https://moda.gov.tw/ADI/services/govinfo/dataset-history/1225,Digital-industry official statistics route located; no clean annual domestic core headcount verified.
TW,industry_association,台灣 遊戲產業協會 從業人員 調查 TAICCA,https://taicca.tw/intelligence/industry_research/list/1,Industry survey route leads to TAICCA primary annual studies; 2022 full text and newer publication landings inspected.
TW,local_language,遊戲產業 從業人員 9929 133 2022 2023 2024,https://taicca.tw/files/book/1741142752642.pdf,"Chinese-language employment definition and footnote show sample-only figure, with missing answers imputed."
UA,statistical_agency,site.stat.gov.ua game development employment Ukraine,https://www.ukrstat.gov.ua/,Dedicated nationally complete games employment series not identified.
UA,industry_association,site.ugda.org.ua employment games Ukraine,https://ugda.org.ua/,No usable association employment observation found in targeted search.
UA,local_language,site.gamedev.dou.ua Топ-25 геймдев-компаній лютий2026,https://gamedev.dou.ua/articles/top-gamedev-companies-2026/,Original Ukrainian-language methodology and selected company history inspected.
US,statistical_agency,site.bls.gov video game industry software publishers employment NAICS,https://www.bls.gov/oes/2023/may/naics4_513200.htm,BLS software publishing includes non-game software; rejected as game-only employment.
US,industry_association,ESA economic impact 2026 2024 2020 2017 employment,https://www.theesa.com/resources/,"Downloaded primary 2017, 2020, 2024 and 2026 reports."
US,local_language,US video game workforce contractors foreign nationals employment statistics,https://www.theesa.com/wp-content/uploads/2026/04/EIR_2026_FINAL.pdf,English source methods distinguish domestic remote workers and service firms but do not establish individual freelancer or nationality census.
VN,statistical_agency,site.nso.gov.vn site.gso.gov.vn lao động ngành game phần mềm trò chơi,https://www.nso.gov.vn/,General official labour statistics did not yield a separately verified game-development workforce.
VN,industry_association,site.vinasa.org.vn game nhân lực lao động doanh nghiệp trò chơi,https://vinasa.org.vn/,Software/IT and game-association routes checked; no reproducible national annual core employment table found.
VN,local_language,ngành game Việt Nam 2024 4100 nhân sự 10000 lao động,https://baochinhphu.vn/nganh-cong-nghiep-game-viet-huong-toi-muc-tieu-ty-usd-102250526134104195.htm,Vietnamese government news and Nhan Dan interview inspected; source lineage and different scopes documented.
