iso2,country,series_id,label,measure,unit,industry_scope,occupation_scope,geography_basis,geography_note,worker_status,contractor_treatment,nationality_definition,method,population_basis,sample_size,comparability_group,chart_eligible,trend_eligible,index_2019_eligible,comparison_note,source_native_term,term_translation,cross_country_comparable
AU,Australia,AU_igea_survey,IGEA full-time employment incl. contractors,employment_stock,source_reported_full_time_employment,"Australian game development studios including contracted development and all internal roles; broader publishing distribution, hardware, retail, venues, esports and indirect employment not included as separate sectors.","All roles in covered businesses, including creative, technical and business functions.",domestic_workplace,Domestic workers irrespective of citizenship or employer ownership are the comparison target; exact source rules below.,"Source says full-time employees, includes full-time equivalents and contractors. Conversion of every contractor to FTE is not established. Founders/interns/apprentices not separately specified.",Included in source total; no separate count. Do not label as pure employee headcount or pure FTE.,Not reported.,"Voluntary studio survey, changing respondent pool; no verified full-population expansion for historical series.",survey_sample,See observations.,AU_igea_survey,True,False,False,Financial years ending 30 June. Changing studio samples; no continuous population estimate or index.,No. of employees; full time employees*,Source footnote: includes full-time equivalents and contractors.,
AU,Australia,AU_igea_augmented,IGEA survey plus studio estimates,employment_stock,source_reported_full_time_employment,"Australian game development studios including contracted development and all internal roles; broader publishing distribution, hardware, retail, venues, esports and indirect employment not included as separate sectors.","All roles in covered businesses, including creative, technical and business functions.",domestic_workplace,Domestic workers irrespective of citizenship or employer ownership are the comparison target; exact source rules below.,Full-time employees including FTEs and contractors; other statuses unknown.,Included in total per p1 footnote; no separate count or full conversion specification.,Not reported.,FY2025 voluntary responses from 141 studios plus third-party estimates for selected nonrespondents (FAQ). Not a demonstrated exhaustive national census.,national_estimate,141 usable studio responses; over 600 invited; supplementary estimates for selected nonrespondents.,AU_igea_augmented,True,False,False,Methodology break from historical survey. Source_native total retained; do not calculate a consistent 2024-25 decline.,IGEA survey plus studio estimates,IGEA survey plus studio estimates,
AU,Australia,AU_abs_headcount,ABS people employed in development businesses,employment_stock,people,"Digital game development businesses, own-title and fee-for-service production; all internal roles. Broader hardware, retail, venues and indirect jobs excluded. Other activities within multi-activity business units may remain.","All roles in covered businesses, including creative, technical and business functions.",domestic_workplace,Domestic workers irrespective of citizenship or employer ownership are the comparison target; exact source rules below.,"Working proprietors and partners, payroll employees including paid-leave and workers compensation, and contract workers paid through payroll included. Non-salaried directors and volunteers excluded. Apprentices and interns not separately quantified.",Payroll contract workers included. Payments to self-employed contractors are outside wages and salaries; off-payroll contractor headcount not included as an employee count.,Not reported.,Census of known digital game development businesses; ABS Business Register plus industry sources. Last pay period ending June. Scope/classification changes require caution across survey years.,national_estimate,Census of known in-scope businesses; response count not extracted.,AU_abs_headcount,True,False,False,"Headcount snapshots, no 2019 baseline. ABS cautions comparisons to 2015-16 as categories changed; do not join to IGEA.",ABS people employed in development businesses,ABS people employed in development businesses,
BR,Brazil,BR_developer_people,Estimated people at Brazilian game developers,employment_stock,people,"Brazilian digital-game developers, including own games, work-for-hire/co-development and serious games; formal and non-formal firms",All roles in covered businesses,unknown,Brazilian developer organisations; worker residence and offshore remote employment not separately established. Includes foreign-owned developers operating in Brazil.,Partners/founders and collaborators at formal and non-formal developers,Outsourced workers appear in developer workforce; separate standalone freelancer survey not added to this total.,Not reported,"Firm mapping and respondent mean employment for formal/non-formal groups, extrapolated by report authors to mapped developer universe.",national_estimate,2018 employment table: 201 formal +57 informal respondents; 2022:164+30; 2023:220+34.,BR_developer_people,True,False,False,"Discrete survey estimates with changing mapped coverage and respondent composition. 2018 historical chart contradicts table; use table 4,234 confirmed in 2022 and 2023. Not FTE or payroll-only national employment.",Estimativa de pessoas / Estimation of people,Estimativa de pessoas / Estimation of people,
BR,Brazil,BR_sample_people,People reported by developer survey respondents,employment_stock,people,"Brazilian digital-game developers, including own games, work-for-hire/co-development and serious games; formal and non-formal firms",All roles in covered businesses,unknown,Brazilian developer organisations; worker residence and offshore remote employment not separately established. Includes foreign-owned developers operating in Brazil.,Partners/founders and collaborators,Status combined; standalone freelance cohort separate,Not reported,Observed sum in sampled developer firms; not extrapolated.,survey_sample,Different company respondents each survey,BR_sample_people,False,False,False,"Changing sample, never substitute for estimated national workforce.",Employment,Employment,
BR,Brazil,BR_outsourced_count,Outsourced workers reported by sampled developers,contractor_count,people,"Brazilian digital-game developers, including own games, work-for-hire/co-development and serious games; formal and non-formal firms",All roles in covered businesses,unknown,Brazilian developer organisations; worker residence and offshore remote employment not separately established. Includes foreign-owned developers operating in Brazil.,Terceirizado(a) / outsourced worker,Outsourced work relationship; not assumed equivalent to independent freelancers or agency employees everywhere.,Not reported,"Sum of on-site, remote and hybrid counts in work-regime table.",survey_sample,2022 work-regime n=223 firms; 2023 n=235 firms.,BR_outsourced_count,True,False,False,"Sample count only. No cross-year cohort consistency, deduplication of individuals across employers or worker-location coverage established.",Terceirizado(a) / Outsourced,Terceirizado(a) / Outsourced,
BR,Brazil,BR_outsourced_share,Outsourced share in developer work-regime samples,contractor_share,percent,"Brazilian digital-game developers, including own games, work-for-hire/co-development and serious games; formal and non-formal firms",All roles in covered businesses,unknown,Brazilian developer organisations; worker residence and offshore remote employment not separately established. Includes foreign-owned developers operating in Brazil.,Sampled partners and collaborators; 2018 retrospective wording refers to collaborators,"Terceirizado / outsourcing arrangement; distinguish CLT payroll, partners and informal labour.",Not reported,"Reported share or explicit table arithmetic, marked per observation.",survey_sample,2018 denominator not supplied in retrospective text;2022 n=223 firms;2023 n=235.,BR_outsourced_share,True,False,False,Denominators differ and samples change. Cannot gross up by national developer headcount or infer employee-to-freelancer substitution.,Terceirização / Outsourcing,Terceirização / Outsourcing,
BR,Brazil,BR_foreign_sample,Foreign people in responding developers,nationality_count,people,"Brazilian digital-game developers, including own games, work-for-hire/co-development and serious games; formal and non-formal firms",All roles in covered businesses,unknown,Brazilian developer organisations; worker residence and offshore remote employment not separately established. Includes foreign-owned developers operating in Brazil.,Partners and collaborators reported by responding developers,Foreign-person category combines work arrangements; no citizenship by contractor cross-tab.,"Employer-reported estrangeiro / foreigner, without explicit citizenship or place-of-birth questionnaire definition. Refugees separate.",Employer-reported diversity count,survey_sample,2022 prose n=196 firms;2023 Table12 n=144.,BR_foreign_sample,True,False,False,Not a national foreign-national estimate and not comparable across changed respondents. Do not multiply sample proportions into national workforce.,Estrangeiros / Foreigner,Estrangeiros / Foreigner,
CA,Canada,CA_statcan_ilu,"Game design and publishing employment, administrative ILUs",employment_stock,ILU,NAICS 513212 video game publishers and 541515 video game design/development services,All roles in covered businesses,domestic_workplace,"Canadian provincial firms; territories excluded. Province assigned by firm headquarters, not each worker location.",T4 wage/salary recipients; each individual totals one ILU across issuing firms in a calendar year.,Non-payroll independent contractors not counted by the T4 ILU measure; self-employed businesses can enter firm universe but not automatically employment.,Not reported,"Linked business registry and tax microdata. One ILU per T4 recipient per year; split between firms when multiple T4s, including firms outside games.",administrative_population,All eligible firms in provincial administrative microdata; annual universe varies.,CA_statcan_ilu,True,True,True,"Consistent annual unit, but ILU is neither FTE nor point-in-time headcount. Use Table 3 values: adjacent prose incorrectly describes a 2022 total decline.",Individual labour units,Individual labour units,
CA,Canada,CA_esac_legacy,"Direct industry FTEs, earlier ESAC method",employment_stock,FTE,"Companies developing, publishing/selling video games and directly related services",All roles in covered businesses,domestic_workplace,"Domestic operations, including foreign-owned companies","Full-time, part-time and contract/freelance workforce expressed in FTEs",Contract/freelance workers included; no separate national individual headcount.,Not reported,Nordicity company survey and mapped industry universe; size/region gross-up and economic-impact modelling.,national_estimate,Not fixed across vintages,CA_esac_legacy,True,False,False,2017 and 2019 survey vintages; 2021 original retained but superseded by revised estimate. Dates can mean prior fiscal year or survey-year business status. Cannot join revised 2021/2024 as an unbroken method.,Employment,Employment,
CA,Canada,CA_esac_revised,"Direct industry FTEs, revised ESAC method",employment_stock,FTE,"Companies developing, publishing/selling video games and directly related services",All roles in covered businesses,domestic_workplace,"Domestic operations, including foreign-owned companies","Full-time, part-time and contract/freelance workforce expressed in FTEs",Contract/freelance workers included; no separate national individual headcount.,Not reported,Nordicity company survey and mapped industry universe; size/region gross-up and economic-impact modelling.,national_estimate,"2024 workforce n=166 companies, financial n=150; revised 2021 source sample.",CA_esac_revised,True,True,False,"2024 method adds eight company-size strata; source reapplied method to 2021, making this pair comparable. Reference periods 2020-21 and 2023-24.",Employment,Employment,
CA,Canada,CA_esac_2015_undated,"2015 report direct FTEs, ambiguous reference year",employment_stock,FTE,"Companies developing, publishing/selling video games and directly related services",All roles in covered businesses,domestic_workplace,"Domestic operations, including foreign-owned companies","Full-time, part-time and contract/freelance workforce expressed in FTEs",Contract/freelance workers included; no separate national individual headcount.,Not reported,Nordicity company survey and mapped industry universe; size/region gross-up and economic-impact modelling.,national_estimate,Not fixed across vintages,CA_esac_2015_undated,False,False,False,"Executive summary says 2015, direct employment section explicitly says 2014. Year left null; do not place automatically on 2015 axis.",Employment,Employment,
CA,Canada,CA_contract_share,Contract/freelance share of reported company workforce,contractor_share,percent,"Companies developing, publishing/selling video games and directly related services",All roles in covered businesses,domestic_workplace,"Domestic operations, including foreign-owned companies",Workers of responding companies,Source category combines contract workers and freelancers; not all external supplier employment.,Not reported,Company-survey workforce composition; report presents estimated shares.,survey_sample,2021 n=159; 2024 n=166; 2017 denominator not given in later reference.,CA_contract_share,True,False,False,Changing respondents and model weights; cannot multiply these shares into StatCan ILUs or national headcount.,Employment,Employment,
CA,Canada,CA_immigration_share,2015 surveyed workforce by immigration/citizenship status,nationality_share,percent,"Companies developing, publishing/selling video games and directly related services",All roles in covered businesses,domestic_workplace,"Domestic operations, including foreign-owned companies",Current workforce of responding companies,Treatment by status not separately specified,"Temporary foreign worker; permanent resident; naturalized Canadian citizen. Distinct immigration-status categories, not a foreign-citizenship total.",Employer-reported current workforce status shares,survey_sample,46 responding companies,CA_immigration_share,True,False,False,Naturalized citizens are Canadian citizens; never count them as foreign nationals. Permanent residence and TFW status do not equal place of birth. No national gross-up.,Percentage of total current workforce by citizenship/immigration status,Percentage of total current workforce by citizenship/immigration status,
CN,China,CN_listed_panel,Personnel at major listed game companies,employment_stock,people,Selected major listed Chinese game companies; game-only allocation not shown,All occupations within covered businesses,unknown,Company personnel figures; domestic/overseas employee split not given.,Source-reported workers; detailed status treatment not specified,Unknown; not assumed to include independent contractors,Not reported,CNG selected-company aggregation; constituent panel and territorial allocation not disclosed on chart.,company_panel,unknown,CN_listed_panel,True,False,False,"Company panel excluded from national core chart and index; cannot infer country employment contraction. Eligible only for a clearly labelled source-native snapshot, sample or context chart; not a comparable domestic core trend.",中国游戏产业主要上市游戏企业人员规模状况（万人）,"Personnel scale of major listed Chinese game companies, ten-thousand people",
CN,China,CN_broad_2018_claim,Broad game-industry employment claim,employment_stock,people,"Game industry, boundaries unstated",All occupations within covered businesses,unknown,People working in the country; nationality not implied.,Source-reported workers; detailed status treatment not specified,Unknown; not assumed to include independent contractors,Not reported,Source estimate; detailed methodology not publicly specified,unknown,unknown,CN_broad_2018_claim,False,False,False,Secondary attributed national figure with undefined scope; cannot compare with CNG listed-company panel.,Broad game-industry employment claim,Broad game-industry employment claim,
CY,Cyprus,CY_local,People employed and paying taxes in Cyprus,employment_stock,people,"Video game development/publishing company mapping; excludes iGaming as an intended scope. Administrative J58/J62 categories are imperfect proxies. Hardware, retail, venues and indirect jobs are not the intended total. Specialist services not separately quantified.","All roles in covered businesses, including creative, technical and business functions.",domestic_workplace,Source explicitly describes people employed and paying taxes in Cyprus. Citizenship and ownership not used as exclusions; offshore/remote treatment beyond this condition unknown.,People employed and paying taxes; employee/founder/contractor/apprentice/intern split unknown.,Not separately specified; do not add contractor estimates.,Not reported.,Company and tax/statistical data assembled by CBusiness Advisors. Report identifies broad NACE classification and omitted-head-office issues.,administrative_population,See observations.,CY_local,True,True,True,Continuous 2019-2024 chart from one report vintage; domestic tax employment is explicit. Index is a within-series change only. Pure core scope and contractor coverage remain imperfect.,People employed and paying taxes in Cyprus,People employed and paying taxes in Cyprus,
DE,Germany,DE_core,Employees at game developers and publishers,employment_stock,people,Core game developers and publishers in Germany,All occupations in covered organisations,domestic_workplace,See comparison note; local operations rather than nationality unless explicitly stated,Employees; freelance and unpaid-owner treatment unspecified,Not separately disclosed in these headline sources,all citizenships,"gamesmap database, industry monitoring and extrapolation;May snapshots",national_estimate,unknown,DE_core,True,True,True,Core market only. Snapshot year differs from financial observation-year series abroad. Persistent gamesmap concept; underlying population evolves.,Beschäftigte bei Entwicklern und Publishern,Employees at game developers and publishers,True
DE,Germany,DE_2026_unresolved,"2026 developer/publisher employment, unresolved primary-source conflict",employment_stock,people,Game developers and publishers,All occupations in covered organisations,domestic_workplace,See comparison note; local operations rather than nationality unless explicitly stated,Employees; contractor and owner treatment not established,unknown,all citizenships,Association industry compilation,national_estimate,unknown,DE_2026_unresolved,False,False,False,Latest narrative number cannot be reconciled with chart or reported decline. Keep nonpreferred evidence; do not calculate growth.,employees,"2026 developer/publisher employment, unresolved primary-source conflict",False
DK,Denmark,DK_payroll_fte,Domestic game-production payroll FTE,employment_stock,FTE,Core game content producers; excludes serious games/XR classified under Interactive,All occupations in covered organisations,domestic_workplace,See comparison note; local operations rather than nationality unless explicitly stated,"Payroll employees, including part-time hours converted by publisher; excludes invoice-only work and sole-proprietor hours",Payroll-covered temporary/freelance employment counts as hours; invoice contractors excluded,all citizenships,Statistics Denmark registry linked to manually selected producer company population,administrative_population,unknown,DK_payroll_fte,True,True,False,"2024 edition reconstructs five previous years. Company population revised in 2021; use within-edition history, not naive edition splicing.",årsværk,Domestic game-production payroll FTE,True
DK,Denmark,DK_payroll_fte_v2018,"Game-production payroll FTE, 2018 coverage",employment_stock,FTE,Private game producers creating rights-protected products under pre 2019 scope,All occupations in covered organisations,domestic_workplace,See comparison note; local operations rather than nationality unless explicitly stated,Full-time equivalent employment in selected private production companies; detailed freelancer boundary not established in this older edition,No quantified separate contractor share; cannot assume current selection criteria applied historically,all citizenships,Statistics Denmark special extraction on selected company CVR numbers,administrative_population,unknown,DK_payroll_fte_v2018,True,True,False,"Separate historical vintage. Do not splice with 2021 or 2024 editions: population changed. 2017 old value 1,009 differs from 2024 vintage 737.",årsværk,"Game-production payroll FTE,2018 coverage",False
DK,Denmark,DK_payroll_fte_v2021,"Game-production payroll FTE, 2021 coverage",employment_stock,FTE,Entertainment game producers; serious games and XR assigned to Interactive,All occupations in covered organisations,domestic_workplace,See comparison note; local operations rather than nationality unless explicitly stated,Registered employment FTE in selected core content producers; many independent supplier/freelancer companies excluded,Supplier-only and many sole-proprietor freelancer businesses excluded; no contractor share reported,all citizenships,"Statistics Denmark business register, HBS Economics and manual industry selection; retrospective 2019 cohort",administrative_population,unknown,DK_payroll_fte_v2021,True,True,False,2016–2019 within-vintage history; not a year-by-year complete historical population. 2021 report expressly warns against edition comparison.,årsværk,"Game-production payroll FTE,2021 coverage",False
ES,Spain,ES_direct,Direct employment in Spanish game development,employment_stock,people,Active Spanish game-development companies including outsourcing/codesvelopment and other studio activities,All occupations in covered organisations,domestic_workplace,See comparison note; local operations rather than nationality unless explicitly stated,Direct workers; external freelance collaborators reported separately,"External freelancers excluded from direct headline, separately recorded",all citizenships,DEV studio survey and estimation,national_estimate,2025 report:N=283;estimated universe 500 active companies,ES_direct,True,True,True,Domestic development-company workers; precise handling of owners and cross-border direct staff not fully specified. Retrospective direct series; explicit external freelancers separated.,empleo directo,Direct employment in Spanish game development,True
ES,Spain,ES_external_freelancers,External freelance collaborators,contractor_count,people,Game developers and publishers,All occupations in covered organisations,unknown,See comparison note; local operations rather than nationality unless explicitly stated,External freelance collaborators linked to studios,Separate from direct employees; unique-person deduplication and place of work unspecified,all citizenships,DEV survey estimate,national_estimate,unknown,ES_external_freelancers,True,True,False,Studios also outsource abroad; do not assume all freelancers reside in Spain,freelance externos / colaboradores freelance,External freelance collaborators,False
ES,Spain,ES_foreign_origin_share,Workers originating from other countries,nationality_share,percent,Game developers and publishers,All occupations in covered organisations,domestic_workplace,See comparison note; local operations rather than nationality unless explicitly stated,Workers in surveyed development companies,unknown,Source says workers come from other countries; citizenship not explicitly established,Association industry compilation,survey_sample,unknown,ES_foreign_origin_share,True,False,False,Foreign origin is not automatically foreign citizenship. Survey year 2020 refers workforce 2019.,trabajadores provienen de otros países,Workers originating from other countries,False
ES,Spain,ES_eu_of_foreign,EU origin among workers from other countries,nationality_share,percent,Game developers and publishers,All occupations in covered organisations,domestic_workplace,See comparison note; local operations rather than nationality unless explicitly stated,Employees; contractor and owner treatment not established,unknown,From EU; denominator is foreign-origin workers,Association industry compilation,survey_sample,unknown,ES_eu_of_foreign,True,False,False,Nested subgroup; not 55% of all workers,employees,EU origin among workers from other countries,False
ES,Spain,ES_permanent_contract_share,Permanent contract share,other,percent,Game developers and publishers,All occupations in covered organisations,domestic_workplace,See comparison note; local operations rather than nationality unless explicitly stated,Contracted workers in covered studios,unknown,all citizenships,Association industry compilation,survey_sample,unknown,ES_permanent_contract_share,True,False,False,Contract permanence not freelancer share,contratos indefinidos,Permanent contract share,False
FI,Finland,FI_studios_global,Finnish-studio employment including overseas offices,employment_stock,people,"Finnish game development studios, including foreign-owned operations in Finland and Finnish-owned offices abroad",All occupations in covered organisations,company_worldwide,See comparison note; local operations rather than nationality unless explicitly stated,Employees and entrepreneurs,Entrepreneurs included; external freelancers not separately quantified,all citizenships,71 studio interviews supplemented by public sources; 185 studios with employee data in 2024,national_estimate,71 interviews; 185 studios with employee information,FI_studios_global,True,True,False,Publisher labels total people; domestic 2024 component described as FTE. Not country-comparable; no 2019 baseline.,employees,Finnish-studio employment including overseas offices,False
FI,Finland,FI_domestic_2024_fte,Domestic game-studio FTE including entrepreneurs,employment_stock,FTE,Game studios in Finland,All occupations in covered organisations,domestic_workplace,See comparison note; local operations rather than nationality unless explicitly stated,Employees and entrepreneurs,Entrepreneurs included; external freelancers unknown,all citizenships,Interviews and public-source employment compilation,national_estimate,71 interviewed studios; 185 studios with employment data,FI_domestic_2024_fte,True,False,False,Reportp 12 explicitly uses FTE even though nearby passages call the same figure people; retained as FTE without conversion.,employees,Domestic game-studio FTE including entrepreneurs,True
FI,Finland,FI_overseas,Finnish-owned studios overseas employment,employment_stock,people,Game developers and publishers,All occupations in covered organisations,company_worldwide,See comparison note; local operations rather than nationality unless explicitly stated,Employees in overseas offices,unknown,all citizenships,Association industry compilation,national_estimate,unknown,FI_overseas,True,True,False,Separate overseas component,employees,Finnish-owned studios overseas employment,False
FI,Finland,FI_domestic_derived,Domestic component derived from reported people totals,employment_stock,people,Game developers and publishers,All occupations in covered organisations,domestic_workplace,See comparison note; local operations rather than nationality unless explicitly stated,Employees and entrepreneurs,unknown,all citizenships,Association industry compilation,national_estimate,unknown,FI_domestic_derived,False,True,False,Subtract overseas from global; not independently verified as headcount versus FTE; excluded from cross-country charts,employees,Domestic component derived from reported people totals,False
FI,Finland,FI_nonfinnish_sample,Non-Finnish citizenship share in surveyed studios,nationality_share,percent,Game developers and publishers,All occupations in covered organisations,domestic_workplace,See comparison note; local operations rather than nationality unless explicitly stated,Employees working in Finland in interviewed studios,unknown,Not holding Finnish citizenship,Association industry compilation,survey_sample,2024:71 studios; 2022:134 interviews,FI_nonfinnish_sample,True,False,False,Different survey coverage by year; not grossed up to national or global counts,employees,Non-Finnish citizenship share in surveyed studios,False
FI,Finland,FI_nonfinnish_estimate,Estimated non-Finnish citizenship share,nationality_share,percent,Game developers and publishers,All occupations in covered organisations,domestic_workplace,See comparison note; local operations rather than nationality unless explicitly stated,Employees; contractor and owner treatment not established,unknown,Not holding Finnish citizenship,Association industry compilation,national_estimate,unknown,FI_nonfinnish_estimate,True,False,False,Publisher adjusts sample 37% to estimated 34–35% nationally,employees,Estimated non-Finnish citizenship share,False
FI,Finland,FI_non_eu_eea_sample,Outside EU/EEA share in surveyed studios,nationality_share,percent,Game developers and publishers,All occupations in covered organisations,domestic_workplace,See comparison note; local operations rather than nationality unless explicitly stated,Employees; contractor and owner treatment not established,unknown,From outside EU/EEA,Association industry compilation,survey_sample,2024:71 studios; 2022:134 interviews,FI_non_eu_eea_sample,True,False,False,Sample composition changed between reports,employees,Outside EU/EEA share in surveyed studios,False
FR,France,FR_ey_direct_fte,"Direct games-sector employee FTE, excluding independent workers",employment_stock,FTE,"Video-game publishers, developers and technology suppliers; excludes console/accessory manufacturing, local associations and esports organisations. Measured using EY weighted industry-code allocations.",All occupations in covered organisations,domestic_workplace,See comparison note; local operations rather than nationality unless explicitly stated,Employee FTE; independent workers explicitly excluded by the games-sector definition on printedp 54. Salaried owner treatment is not separately described.,Independent workers excluded. Salaried employment at included technology suppliers remains within the sector; no separate employee-contract breakdown.,all citizenships,"INSEE ESANE, company accounts in Diane, URSSAF and EY sector allocation",national_estimate,unknown,FR_ey_direct_fte,True,True,False,Domestic direct employee FTE. Games-specificp 54 exclusion of independent workers overrides the generic appendix discussion of non-salaried work. Preferred annual chart retains the consistent roundedp 56 series; exactp 54 endpoints 6674 and 9944 are separately preserved nonpreferred. No splice with older EY editions.,emplois en ETP,"Direct games-sector employee FTE, excluding independent workers",False
FR,France,FR_sample_permanent,Permanent-contract share of salaried employment,other,percent,Game developers and publishers,All occupations in covered organisations,domestic_workplace,See comparison note; local operations rather than nationality unless explicitly stated,Surveyed studio salaried employees,"CDI means permanent employee contract, not freelance contractor",all citizenships,SNJV annual studio survey,survey_sample,unknown,FR_sample_permanent,True,False,False,Survey contract composition only; never multiplied by EY national FTE.,employees,Permanent-contract share of salaried employment,False
FR,France,FR_sample_apprentices,Apprentice share of studio workforce,other,percent,Game developers and publishers,All occupations in covered organisations,domestic_workplace,See comparison note; local operations rather than nationality unless explicitly stated,Surveyed studio salaried employees,"CDI means permanent employee contract, not freelance contractor",all citizenships,SNJV annual studio survey,survey_sample,unknown,FR_sample_apprentices,True,False,False,Survey contract composition only; never multiplied by EY national FTE.,employees,Apprentice share of studio workforce,False
GB,United Kingdom,GB_tiga_fte,Development and production-support full-time equivalent roles,employment_stock,FTE,"UK studios, publishers, publisher studios, development-service companies and games divisions of broadcasters","Production, QA, support, localisation and technical roles; excludes HR/admin/finance/sales/marketing/commercial staff not directly in production",domestic_workplace,"Domestic operations, including foreign-owned companies",Full-time workers plus prorated part-time/freelance work,Freelancers prorated into FTEs. Not a full-time employee-only count.,Not reported,"GIC/TIGA company database with company-by-company verification, surveys and desk estimates for missing firms; each edition maps active businesses.",national_estimate,"2016: 534 responding or public-data companies, 70% of headcount; later editions active company universe.",GB_tiga_fte,True,True,False,"Survey endpoint snapshots, not annual averages. 2025 exact FTE not disclosed in inspected summary. No 2019 observation; never use 2018 or 2020 as 2019 baseline.",Full-time and full-time equivalent development staff,Full-time and full-time equivalent development staff,
GB,United Kingdom,GB_tiga_people,Development workforce including all counted freelancers,employment_stock,people,"UK studios, publishers, publisher studios, development-service companies and games divisions of broadcasters","Production, QA, support, localisation and technical roles; excludes HR/admin/finance/sales/marketing/commercial staff not directly in production",domestic_workplace,"Domestic operations, including foreign-owned companies",Full-time development workers and counted freelancers,Freelancers included without FTE prorating; cannot add to FTE series.,Not reported,"GIC/TIGA company database with company-by-company verification, surveys and desk estimates for missing firms; each edition maps active businesses.",national_estimate,Not fixed across vintages,GB_tiga_people,True,True,False,Total workforce including freelancers. Public releases use headcount rather than FTE. Contractor location/deduplication across firms not fully explained publicly.,Total games development workforce including contractors/freelancers,Total games development workforce including contractors/freelancers,
GB,United Kingdom,GB_tiga_freelancers,Freelancers counted at development companies,contractor_count,people,"UK studios, publishers, publisher studios, development-service companies and games divisions of broadcasters","Production, QA, support, localisation and technical roles; excludes HR/admin/finance/sales/marketing/commercial staff not directly in production",domestic_workplace,"Domestic operations, including foreign-owned companies",Freelancers/contractors,Individual contractor category in TIGA mapping; may differ from standalone freelance sector.,Not reported,"GIC/TIGA company database with company-by-company verification, surveys and desk estimates for missing firms; each edition maps active businesses.",national_estimate,Not fixed across vintages,GB_tiga_freelancers,True,True,False,"2025 is explicitly more than 4,245, not an exact point. Do not subtract lower bound from total to estimate employees.",Freelancers; contractors,Freelancers; contractors,
GB,United Kingdom,GB_dcms_jobs,Annual average filled jobs in computer games,employment_stock,jobs,SIC 58.21 Publishing of Computer Games and 62.011 Ready-made interactive leisure and entertainment software development,All occupations within covered SIC activities,domestic_residence,APS UK household survey; workplace region reported for jobs. Not a census of corporate payroll locations.,"First and second filled jobs, employed and self-employed",Self-employed jobs included; employment-type subdivisions unpublished in games column.,Not reported,"ONS Annual Population Survey weighted estimates, calendar-year mean. Source values in thousands, converted to jobs by multiplying by 1,000.",national_estimate,"Small game-sector APS sample; 2024 CV 14%, 2025 CV 11%.",GB_dcms_jobs,True,False,False,"Official statistics in development; accreditation suspended August 2025 over APS quality. Plot with uncertainty, not as reliable annual hiring/layoff change; do not combine with TIGA or use in headline index.",Number of filled jobs (thousands),Number of filled jobs (thousands),
GB,United Kingdom,GB_ukie_freelancer_share,Freelancer share of Ukie workforce respondents,contractor_share,percent,UK games industry: production and non-production business roles,All roles in responding workforce,domestic_residence,"People reporting work in UK games industry; self-selected sample, not foreign-owned firms or UK company staff abroad.","Responding workers, company owners/directors and freelancers",Freelancer self-identification separate from full-time fixed-term employment.,"Self-reported UK/British, EU/EEA or rest-of-world nationality. 2021 allows multiple nationalities; 2025 dual-citizenship handling not explicitly verified.","Employer links and open-link recruitment; respondent shares, not population census.",survey_sample,2021 n=3603 people; 2025-26 n=1610; question n may vary.,GB_ukie_freelancer_share,True,False,False,"Recruitment changes from 36% open link in 2021 to 71% in 2025-26. No national gross-up, no causal interpretation of differences, and no summed foreign-national share where categories can overlap.",Employment,Employment,
GB,United Kingdom,GB_ukie_nationality_share,Nationality distribution of Ukie workforce respondents,nationality_share,percent,UK games industry: production and non-production business roles,All roles in responding workforce,domestic_residence,"People reporting work in UK games industry; self-selected sample, not foreign-owned firms or UK company staff abroad.","Responding workers, company owners/directors and freelancers",Freelancer self-identification separate from full-time fixed-term employment.,"Self-reported UK/British, EU/EEA or rest-of-world nationality. 2021 allows multiple nationalities; 2025 dual-citizenship handling not explicitly verified.","Employer links and open-link recruitment; respondent shares, not population census.",survey_sample,2021 n=3603 people; 2025-26 n=1610; question n may vary.,GB_ukie_nationality_share,True,False,False,"Recruitment changes from 36% open link in 2021 to 71% in 2025-26. No national gross-up, no causal interpretation of differences, and no summed foreign-national share where categories can overlap.",Employment,Employment,
ID,Indonesia,ID_official_core_min,Minimum identified development/publishing talent,employment_stock,people,Game development and publishing,All occupations within covered businesses,domestic_workplace,People working in the country; nationality not implied.,Source-reported workers; detailed status treatment not specified,Unknown; not assumed to include independent contractors,Not reported,Official ecosystem mapping study; public abstract omits sampling/extrapolation detail.,unknown,unknown,ID_official_core_min,True,False,False,"Lower-bound mapping result, no national completeness or precise observation date verified. Do not infer 2015 count by reversing stated growth. Eligible only for a clearly labelled source-native snapshot, sample or context chart; not a comparable domestic core trend.",setidaknya terdapat 2.112 talenta pada pengembang dan penerbit video gim,"At least 2,112 talents at video-game developers and publishers",
ID,Indonesia,ID_broad_impact,Economy-wide workers affected by games activity,employment_stock,jobs,Broad economic impact across related activity,All occupations within covered businesses,domestic_workplace,People working in the country; nationality not implied.,Source-reported workers; detailed status treatment not specified,Unknown; not assumed to include independent contractors,Not reported,Economic impact modelling; not direct employment headcount.,national_estimate,unknown,ID_broad_impact,False,False,False,Indirect/broad impact not comparable with core employment.,Economy-wide workers affected by games activity,Economy-wide workers affected by games activity,
IL,Israel,IL_ecosystem,Broad Israeli-company ecosystem estimate,employment_stock,people,Game publishing plus supportive technologies and platforms; roster includes 888 real-money gambling. No clean domestic core-only subset verified.,"All roles in covered businesses, including creative, technical and business functions.",unknown,Israel-based and global companies operating in Israel; adjacent profiles quote company headcounts across worldwide offices. Cannot establish that aggregate excludes overseas workers.,"Reported employees/workers; FTE, contractors, freelancers, founders, interns and agency staff unresolved.",unknown,Not reported.,"Company ecosystem mapping using Start-Up Nation, Crunchbase, PitchBook and company websites; no domestic reconciliation or sampling method exposed for aggregate.",unknown,See observations.,IL_ecosystem,True,False,False,"Context-only snapshots. Unresolved geography and wider industry scope bar national ranking, trends and index.",Broad Israeli-company ecosystem estimate,Broad Israeli-company ecosystem estimate,
IN,India,IN_ey2025,Gaming-sector estimated employment,employment_stock,people,Game development/services and online gaming; examples include real-money/fantasy-related businesses,All occupations within covered businesses,domestic_workplace,People working in the country; nationality not implied.,Source-reported workers; detailed status treatment not specified,Unknown; not assumed to include independent contractors,Not reported,"EY/MESC estimates combining industry discussions, associations, secondary research and assumptions; p 122.",national_estimate,unknown,IN_ey2025,False,False,False,Undated current estimate and unresolved online-gaming/RMG boundary; excluded from dated domestic core comparison.,Gaming-sector estimated employment,Gaming-sector estimated employment,
IN,India,IN_primus2025,Gaming-company employment estimate,employment_stock,people,"Over 1,900 gaming companies; scope not isolated to core video-game development",All occupations within covered businesses,domestic_workplace,People working in the country; nationality not implied.,Source-reported workers; detailed status treatment not specified,Unknown; not assumed to include independent contractors,Not reported,Report summary claim; reproducible employment estimation method not supplied alongside claim.,unknown,unknown,IN_primus2025,False,False,False,"130,000 claim is separate from EY 66,000 estimate, not a subsequent observation proving growth.",Gaming-company employment estimate,Gaming-company employment estimate,
JP,Japan,JP_core_range,"Core game-company workforce, including console hardware",employment_stock,people,"Console hardware makers, developer-publishers and development studios",All occupations within covered businesses,domestic_workplace,People working in the country; nationality not implied.,Source-reported workers; detailed status treatment not specified,Unknown; not assumed to include independent contractors,Not reported,Source estimate; detailed methodology not publicly specified,national_estimate,unknown,JP_core_range,True,False,False,"Range only, observation year unresolved and hardware included. Do not map to 2024 or use a midpoint. Eligible only for a clearly labelled source-native snapshot, sample or context chart; not a comparable domestic core trend.",ゲーム基幹企業の就業総人数,Total people employed in core game companies,
JP,Japan,JP_broad,Game ecosystem workforce,employment_stock,people,"Core plus development support, systems/design, peripherals, gaming PCs, distribution/retail, amusement, toys and media",All occupations within covered businesses,domestic_workplace,People working in the country; nationality not implied.,Source-reported workers; detailed status treatment not specified,Unknown; not assumed to include independent contractors,Not reported,Source estimate; detailed methodology not publicly specified,national_estimate,unknown,JP_broad,False,False,False,Not eligible for country trend comparison without a verified annual domestic core series.,Game ecosystem workforce,Game ecosystem workforce,
JP,Japan,JP_status_2024,CEDEC 2024 respondent employment status,other,percent,Commercial game developers primarily; educators and students also admitted to survey,Development professionals and some education/student respondents,unknown,Japanese game-developer survey; national workforce coverage is not established.,Respondent self-reported status,Freelance/independent developers distinguished from fixed-term and agency employees,Not reported,Voluntary online survey; 2024-07-01 to 2024-09-02,survey_sample,512,JP_status_2024,True,False,False,"Shares describe respondents only. Changing samples cannot estimate national contractor trends. Eligible only for a clearly labelled source-native snapshot, sample or context chart; not a comparable domestic core trend.",CEDEC 2024 respondent employment status,CEDEC 2024 respondent employment status,
JP,Japan,JP_status_2025,CEDEC 2025 respondent employment status,other,percent,Commercial game developers primarily; educators and students also admitted to survey,Development professionals and some education/student respondents,unknown,Japanese game-developer survey; national workforce coverage is not established.,Respondent self-reported status,Freelance/independent developers distinguished from fixed-term and agency employees,Not reported,Voluntary online survey; 2025-06-02 to 2025-08-04,survey_sample,339,JP_status_2025,True,False,False,"Shares describe respondents only. Changing samples cannot estimate national contractor trends. Eligible only for a clearly labelled source-native snapshot, sample or context chart; not a comparable domestic core trend.",CEDEC 2025 respondent employment status,CEDEC 2025 respondent employment status,
JP,Japan,JP_freelancers_2024,Freelancer or independent developer share of CEDEC respondents,contractor_share,percent,Commercial game developers primarily; educators and students also admitted to survey,Development professionals and some education/student respondents,unknown,Japanese game-developer survey; national workforce coverage is not established.,Respondent self-reported status,Freelance/independent developers distinguished from fixed-term and agency employees,Not reported,Voluntary online survey; 2024-07-01 to 2024-09-02,survey_sample,512,JP_status_2024,True,False,False,"Shares describe respondents only. Changing samples cannot estimate national contractor trends. Eligible only for a clearly labelled source-native snapshot, sample or context chart; not a comparable domestic core trend.",CEDEC 2024 respondent employment status,CEDEC 2024 respondent employment status,
JP,Japan,JP_freelancers_2025,Freelancer or independent developer share of CEDEC respondents,contractor_share,percent,Commercial game developers primarily; educators and students also admitted to survey,Development professionals and some education/student respondents,unknown,Japanese game-developer survey; national workforce coverage is not established.,Respondent self-reported status,Freelance/independent developers distinguished from fixed-term and agency employees,Not reported,Voluntary online survey; 2025-06-02 to 2025-08-04,survey_sample,339,JP_status_2025,True,False,False,"Shares describe respondents only. Changing samples cannot estimate national contractor trends. Eligible only for a clearly labelled source-native snapshot, sample or context chart; not a comparable domestic core trend.",CEDEC 2025 respondent employment status,CEDEC 2025 respondent employment status,
KR,South Korea,KR_core,Game development and publishing workers,employment_stock,people,"PC, mobile, console and arcade-game production/publishing; excludes PC cafes and arcade venues",All occupations within covered businesses,domestic_workplace,People working in the country; nationality not implied.,Source-reported workers; detailed status treatment not specified,"2017 status table distinguishes regular, nonregular and agency employees; independent freelancers not expressly measured.",Not reported,Annual KOCCA/MCST industry statistical survey; source-reported national headcount estimates.,national_estimate,unknown,KR_core,True,True,False,Domestic development/publishing. Latest survey frame excludes operating firms with no revenue; when this rule began is unresolved. Index withheld because population-frame continuity is not fully audited.,게임 제작 및 배급업 종사자 수,Workers in game production and publishing,
KR,South Korea,KR_broad,Game-industry workers including play venues,employment_stock,people,Core production/publishing plus computer game rooms (PC cafes) and electronic game arcades,All occupations within covered businesses,domestic_workplace,People working in the country; nationality not implied.,Source-reported workers; detailed status treatment not specified,Unknown; not assumed to include independent contractors,Not reported,Annual KOCCA/MCST industry statistical survey.,national_estimate,unknown,KR_broad,False,False,False,"Broad direct industry headcount, not comparable with core developer/publisher totals.",Game-industry workers including play venues,Game-industry workers including play venues,
KR,South Korea,KR_core_status_2017,Employment status within game production/publishing,other,people,Game production/publishing only,All occupations within covered businesses,domestic_workplace,People working in the country; nationality not implied.,"Regular, nonregular and dispatched employees distinguished",Nonregular employees are not equivalent to freelance contractors; agency workers separate.,Not reported,"Source-reported 2017 status distribution with 34,665 denominator.",national_estimate,unknown,KR_core_status_2017,True,False,False,"2017 composition uses original-vintage denominator, not later revised total. Eligible only for a clearly labelled source-native snapshot, sample or context chart; not a comparable domestic core trend.",Employment status within game production/publishing,Employment status within game production/publishing,
NL,Netherlands,NL_domestic_broad,Dutch games-industry jobs including self-employed specialists,employment_stock,jobs,"Development, production, publishing, facilitation and electronic distribution; entertainment and applied games; specialist services and freelancers; excludes retail and gambling",All occupations in covered organisations,domestic_workplace,See comparison note; local operations rather than nationality unless explicitly stated,Employees and active self-employed specialists; founders with main employment elsewhere not active jobs,Specialist freelancers and one-person subcontractors included; no independent contractor share,all citizenships,"LISA employment register, survey, company websites and LinkedIn cross-checks",administrative_population,unknown,NL_domestic_broad,True,True,False,"Same published definition; most 2021–2023 decline is reclassification of company focus, not job loss. No 2019 observation.",employment,Dutch games-industry jobs including self-employed specialists,False
NL,Netherlands,NL_foreign_passport_estimate,Estimated employees with a non-Dutch passport,nationality_share,percent,Game developers and publishers,All occupations in covered organisations,domestic_workplace,See comparison note; local operations rather than nationality unless explicitly stated,Employees; contractor and owner treatment not established,unknown,Passport different from Dutch; dual citizenship handling unspecified,Association industry compilation,national_estimate,unknown,NL_foreign_passport_estimate,True,False,False,Publisher estimate based on 2025 survey and supplementary company information. Observation date is not explicitly assigned; retained null.,employees,Estimated employees with a non-Dutch passport,False
NO,Norway,NO_sample_permanent,Permanent employees,employment_stock,people,Game developers and publishers,All occupations in covered organisations,domestic_workplace,See comparison note; local operations rather than nationality unless explicitly stated,Permanent employees,External independent contractors not separately reported,all citizenships,NFI/Virke studio survey,survey_sample,2019:15; 2020:14; 2021:15; 2022:24; 2023:30; 2024:30 employment respondents,NO_sample_permanent,True,False,False,Changing sample coverage; no national gross-up and no cross-country ranking.,faste ansatte,Permanent employees,False
NO,Norway,NO_sample_temporary,Temporary employees,employment_stock,people,Game developers and publishers,All occupations in covered organisations,domestic_workplace,See comparison note; local operations rather than nationality unless explicitly stated,Temporary employees; not external freelance contractors,External independent contractors not separately reported,all citizenships,NFI/Virke studio survey,survey_sample,2019:15; 2020:14; 2021:15; 2022:24; 2023:30; 2024:30 employment respondents,NO_sample_temporary,True,False,False,Changing sample coverage; no national gross-up and no cross-country ranking.,midlertidige ansatte,Temporary employees,False
NO,Norway,NO_sample_total,All respondent employees,employment_stock,people,Game developers and publishers,All occupations in covered organisations,domestic_workplace,See comparison note; local operations rather than nationality unless explicitly stated,Permanent and temporary employees,unknown,all citizenships,Association industry compilation,survey_sample,30 employment respondents in 2023 and 2024,NO_sample_total,True,True,False,Sample counts are separately shown as people and FTE; no conversion.,antall ansatte,All respondent employees,False
NO,Norway,NO_sample_fte,Respondent annual full-time equivalents,employment_stock,FTE,Game developers and publishers,All occupations in covered organisations,domestic_workplace,See comparison note; local operations rather than nationality unless explicitly stated,Permanent and temporary employees,unknown,all citizenships,Association industry compilation,survey_sample,30 employment respondents in 2023 and 2024,NO_sample_fte,True,True,False,Sample counts are separately shown as people and FTE; no conversion.,antall årsverk,Respondent annual full-time equivalents,False
NZ,New Zealand,NZ_fulltime,Survey full-time employees / roles,employment_stock,full_time_positions,"Games and interactive studios; later surveys explicitly include VR/AR, education technology and serious games. Contract development and studio services included; hardware, retail, venues and indirect employment not the intended scope.","All roles in covered businesses, including creative, technical and business functions.",mixed,"New Zealand studios, all ownerships; 2017/18 explicitly workers in NZ studios. Later respondents include remote teams in NZ and overseas. 2024 reports 31 FTE Australia and 85 other overseas, without proving if included in headline. No subtraction made.","Source wording shown per observation. Contractors, founders, agency staff, apprentices and interns not separately defined.",unknown,Not reported.,Annual voluntary association studio survey; sample sizes and source wording vary. No documented national gross-up or full-time-equivalence conversion across all years.,survey_sample,See observations.,NZ_fulltime,True,False,False,Fiscal years ending 31 March; reference-date exceptions in country notes. Variable samples and source units; no line trend or index. Overseas-office inclusion unresolved in later summaries.,Survey full-time employees / roles,Survey full-time employees / roles,
NZ,New Zealand,NZ_workers,Survey workers; hours not specified,employment_stock,people,"Games and interactive studios; later surveys explicitly include VR/AR, education technology and serious games. Contract development and studio services included; hardware, retail, venues and indirect employment not the intended scope.","All roles in covered businesses, including creative, technical and business functions.",mixed,"New Zealand studios, all ownerships; 2017/18 explicitly workers in NZ studios. Later respondents include remote teams in NZ and overseas. 2024 reports 31 FTE Australia and 85 other overseas, without proving if included in headline. No subtraction made.","Source wording shown per observation. Contractors, founders, agency staff, apprentices and interns not separately defined.",unknown,Not reported.,Annual voluntary association studio survey; sample sizes and source wording vary. No documented national gross-up or full-time-equivalence conversion across all years.,survey_sample,See observations.,NZ_workers,True,False,False,Fiscal years ending 31 March; reference-date exceptions in country notes. Variable samples and source units; no line trend or index. Overseas-office inclusion unresolved in later summaries.,Survey workers; hours not specified,Survey workers; hours not specified,
NZ,New Zealand,NZ_fte,Survey full-time equivalents,employment_stock,FTE,"Games and interactive studios; later surveys explicitly include VR/AR, education technology and serious games. Contract development and studio services included; hardware, retail, venues and indirect employment not the intended scope.","All roles in covered businesses, including creative, technical and business functions.",mixed,"New Zealand studios, all ownerships; 2017/18 explicitly workers in NZ studios. Later respondents include remote teams in NZ and overseas. 2024 reports 31 FTE Australia and 85 other overseas, without proving if included in headline. No subtraction made.","Source wording shown per observation. Contractors, founders, agency staff, apprentices and interns not separately defined.",unknown,Not reported.,Annual voluntary association studio survey; sample sizes and source wording vary. No documented national gross-up or full-time-equivalence conversion across all years.,survey_sample,See observations.,NZ_fte,True,False,False,Fiscal years ending 31 March; reference-date exceptions in country notes. Variable samples and source units; no line trend or index. Overseas-office inclusion unresolved in later summaries.,Survey full-time equivalents,Survey full-time equivalents,
NZ,New Zealand,NZ_visa_current,Staff currently on work visas,visa_share,percent,"Games and interactive studios; later surveys explicitly include VR/AR, education technology and serious games. Contract development and studio services included; hardware, retail, venues and indirect employment not the intended scope.","All roles in covered businesses, including creative, technical and business functions.",mixed,Domestic workers irrespective of citizenship or employer ownership are the comparison target; exact source rules below.,Employees; other statuses unknown unless specified.,unknown,Current visa status. 2019 says work visas; other years specify work-supported visas. Not nationality and not all migrants.,Annual voluntary association studio survey; sample sizes and source wording vary. No documented national gross-up or full-time-equivalence conversion across all years.,survey_sample,See observations.,NZ_visa_current,True,False,False,Source-reported rounded share of survey workforce. Visa status is not citizenship; do not use to infer number of foreign nationals. No multiplication into national totals.,Staff currently on work-supported visas,Staff currently on work-supported visas,
NZ,New Zealand,NZ_visa_ever,Staff currently or formerly on work-supported visas,visa_share,percent,"Games and interactive studios; later surveys explicitly include VR/AR, education technology and serious games. Contract development and studio services included; hardware, retail, venues and indirect employment not the intended scope.","All roles in covered businesses, including creative, technical and business functions.",mixed,Domestic workers irrespective of citizenship or employer ownership are the comparison target; exact source rules below.,Employees; other statuses unknown unless specified.,unknown,Current OR prior work-supported visa; not comparable to current status.,Annual voluntary association studio survey; sample sizes and source wording vary. No documented national gross-up or full-time-equivalence conversion across all years.,survey_sample,See observations.,NZ_visa_ever,True,False,False,Source-reported rounded share of survey workforce. Visa status is not citizenship; do not use to infer number of foreign nationals. No multiplication into national totals.,Staff currently or formerly on work-supported visas,Staff currently or formerly on work-supported visas,
NZ,New Zealand,NZ_visa_counts,Survey staff on work-supported visas,visa_count,people,"Games and interactive studios; later surveys explicitly include VR/AR, education technology and serious games. Contract development and studio services included; hardware, retail, venues and indirect employment not the intended scope.","All roles in covered businesses, including creative, technical and business functions.",mixed,Domestic workers irrespective of citizenship or employer ownership are the comparison target; exact source rules below.,Employees; other statuses unknown unless specified.,unknown,"Visa status, not foreign nationality.",Annual voluntary association studio survey; sample sizes and source wording vary. No documented national gross-up or full-time-equivalence conversion across all years.,survey_sample,See observations.,NZ_visa_counts,False,False,False,Counts retained for denominator audit. 2024 page conflicts (97 and 98); neither selected.,Survey staff on work-supported visas,Survey staff on work-supported visas,
NZ,New Zealand,NZ_overseas,Staff based overseas in responding studios,other,FTE,"Games and interactive studios; later surveys explicitly include VR/AR, education technology and serious games. Contract development and studio services included; hardware, retail, venues and indirect employment not the intended scope.","All roles in covered businesses, including creative, technical and business functions.",company_worldwide,Domestic workers irrespective of citizenship or employer ownership are the comparison target; exact source rules below.,Employees; other statuses unknown unless specified.,unknown,Not reported.,Annual voluntary association studio survey; sample sizes and source wording vary. No documented national gross-up or full-time-equivalence conversion across all years.,survey_sample,See observations.,NZ_overseas,False,False,False,Overseas locations are not nationality. Inclusion in headline employment unresolved; do not subtract automatically.,Staff based overseas in responding studios,Staff based overseas in responding studios,
PH,Philippines,PH_boi2000,Game-development and related-services employment,employment_stock,people,"Game development, offshore production, game management support, customer support/moderation and community management",All occupations within covered businesses,domestic_workplace,People working in the country; nationality not implied.,Source-reported workers; detailed status treatment not specified,Unknown; not assumed to include independent contractors,Not reported,Source estimate; detailed methodology not publicly specified,national_estimate,unknown,PH_boi2000,True,False,False,"Lower-bound snapshot with ambiguous observation year and specialist-services scope. Not suitable for annual core trend. Eligible only for a clearly labelled source-native snapshot, sample or context chart; not a comparable domestic core trend.",Game-development and related-services employment,Game-development and related-services employment,
PL,Poland,PL_core_workforce,Domestic game-production workforce,employment_stock,people,Actual game production including external development; excludes auxiliary service-only player support/localisation,All occupations in covered organisations,domestic_workplace,See comparison note; local operations rather than nationality unless explicitly stated,"Game-production people in developers, publishers and external development studios; individual B 2 B/owner split unknown",Outsourcing development-company staff included; B 2 B contract share not quantified,all citizenships,GIC compiled industry data; PARP questionnaires and company/public-source verification,national_estimate,unknown,PL_core_workforce,True,True,False,"Studio counting changed in 2025; the publisher says this is the only methodological shift. Workforce data can also be corrected as source coverage improves. Chart is an estimated industry workforce series, not a payroll census.",employees,Domestic game-production workforce,True
PL,Poland,PL_foreign_people,Foreign workers in game production,nationality_count,people,Game developers and publishers,All occupations in covered organisations,domestic_workplace,See comparison note; local operations rather than nationality unless explicitly stated,Employees; contractor and owner treatment not established,unknown,Source term foreigners/expats; exact legal citizenship definition not specified,Association industry compilation,national_estimate,unknown,PL_foreign_people,True,True,False,"Excludes service-only player support/localisation; same production workforce denominator, no global-company expansion.",employees,Foreign workers in game production,False
PL,Poland,PL_foreign_share,Publisher foreign-worker share,nationality_share,percent,Game developers and publishers,All occupations in covered organisations,domestic_workplace,See comparison note; local operations rather than nationality unless explicitly stated,Employees; contractor and owner treatment not established,unknown,"Foreigners/expats as defined by source, citizenship test unspecified",Association industry compilation,national_estimate,unknown,PL_foreign_share,True,True,False,Bounds preserve publisher wording; no imputed midpoint.,employees,Publisher foreign-worker share,False
RO,Romania,RO_employees2024,"Game-industry employees, 2024 wording",employment_stock,people,Romanian game-development industry including international studios and service providers,All occupations in covered organisations,domestic_workplace,See comparison note; local operations rather than nationality unless explicitly stated,Employees; source no longer says collaborators,unknown,all citizenships,RGDA industry compilation,national_estimate,unknown,RO_employees2024,True,False,False,2024-only series because prior infographic explicitly includes collaborators. Source reports-7.4% but contractor perimeter not reconciled.,employees,"Game-industry employees, 2024 wording",False
RO,Romania,RO_employees_collaborators,Game workforce including collaborators,employment_stock,people,"Game development, original IP and service companies in Romania",All occupations in covered organisations,domestic_workplace,See comparison note; local operations rather than nationality unless explicitly stated,Employees and collaborators (freelance or contract collaborator legal status unspecified),Collaborators explicitly included but not separately counted,all citizenships,RGDA industry snapshots,national_estimate,unknown,RO_employees_collaborators,True,True,False,Includes collaborators; not automatically comparable to employee-only payroll measures.,employees,Game workforce including collaborators,False
RO,Romania,RO_earlier_benchmark,Earlier association employment lower bounds,employment_stock,people,Game developers and publishers,All occupations in covered organisations,domestic_workplace,See comparison note; local operations rather than nationality unless explicitly stated,Employees; collaborator treatment not specified,unknown,all citizenships,Association industry compilation,national_estimate,unknown,RO_earlier_benchmark,True,False,False,Rounded lower-bound statements; no point estimate inferred.,employees,Earlier association employment lower bounds,False
RS,Serbia,RS_national_estimate,Industry workforce estimate,employment_stock,people,"Serbian development studios and teams, including service development",All occupations in covered organisations,mixed,See comparison note; local operations rather than nationality unless explicitly stated,Game development professionals; detailed employee/contractor boundary not supplied,Not separately quantified,all citizenships,Association estimate; respondent survey and PwC company analysis,national_estimate,unknown,RS_national_estimate,True,True,False,National estimate distinguished from respondent count. Treatment of 115 respondent workers outside Serbia is unresolved; exclude strict domestic comparison.,employees,Industry workforce estimate,False
RS,Serbia,RS_respondent_employees,Employees in responding studios,employment_stock,people,Game developers and publishers,All occupations in covered organisations,mixed,See comparison note; local operations rather than nationality unless explicitly stated,Respondent employees; expatriate coverage not reconciled,unknown,all citizenships,Annual SGA questionnaire,survey_sample,Respondents vary by year,RS_respondent_employees,True,False,False,Historical respondent totals are not national industry estimates.,respondents employees,Employees in responding studios,False
RS,Serbia,RS_remote_abroad_sample,Respondent employees outside Serbia,employment_stock,people,Game developers and publishers,All occupations in covered organisations,company_worldwide,See comparison note; local operations rather than nationality unless explicitly stated,Remote employees outside Serbia,unknown,all citizenships,Association industry compilation,survey_sample,unknown,RS_remote_abroad_sample,True,False,False,Not foreign citizenship and not domestic employment.,employees,Respondent employees outside Serbia,False
SE,Sweden,SE_domestic,Domestic annual-average full-time positions,employment_stock,annual_average_full_time_positions,"Developers, publishers and game-specialist subcontracting companies, primarily limited companies",All occupations in covered organisations,domestic_workplace,See comparison note; local operations rather than nationality unless explicitly stated,Salaried employees and owners receiving salary or benefits; unpaid owners/dividend-only owners excluded,Game-specialist subcontractor company employment covered; consultants in outside-industry firms and interns excluded,all citizenships,"Audited annual reports, business registers and manual industry selection",administrative_population,unknown,SE_domestic,True,True,False,"Domestic series, distinct from overseas subsidiaries. 2024 sample excludes approximately 40 positions at firms bankrupt in 2025. King uses 2023 accounts. No conversion to year-end people.",average number of full-time employees,Domestic annual-average full-time positions,True
SE,Sweden,SE_overseas,Employment of Swedish game companies outside Sweden,employment_stock,people,Overseas subsidiaries of Swedish companies,All occupations in covered organisations,company_worldwide,See comparison note; local operations rather than nationality unless explicitly stated,Employees abroad,unknown,all citizenships,Association industry compilation,national_estimate,unknown,SE_overseas,True,False,False,Supplemental overseas count; never summed into Sweden domestic rankings,employees,Employment of Swedish game companies outside Sweden,False
SG,Singapore,SG_games2021,Games-sector employees including esports context,employment_stock,people,"Games sector; game developers, publishers and esports context",All occupations within covered businesses,domestic_workplace,People working in the country; nationality not implied.,Source-reported workers; detailed status treatment not specified,Unknown; not assumed to include independent contractors,Not reported,Source estimate; detailed methodology not publicly specified,national_estimate,unknown,SG_games2021,True,False,False,"Approximate snapshot only; domestic core developer/publisher scope not separable. Eligible only for a clearly labelled source-native snapshot, sample or context chart; not a comparable domestic core trend.",Games-sector employees including esports context,Games-sector employees including esports context,
TR,Turkey,TR_toged,TOGED developer/publisher workforce estimate,employment_stock,FTE,"Game development and publishing; excludes non-development specialist services, pure asset suppliers, retail and distribution in EGDF questionnaire. Hardware, venues, gambling and esports boundaries not individually specified for Turkey.","All roles in covered businesses, including creative, technical and business functions.",mixed,Includes direct remote employees in third countries under EGDF rules. Excludes staff of foreign subsidiaries and subcontractor companies abroad. Foreign-owned local subsidiaries are reported independently; nationality is not an exclusion.,"EGDF FTE definition includes employees, entrepreneurs and in-house freelancers. Agency staff, apprentices and interns not separately specified; Turkey-specific implementation not documented.",In-house freelancers in requested FTE measure; foreign subcontractor companies excluded. No separate contractor count.,Not reported.,"TOGED national submission to EGDF. Questionnaire requests full-time equivalent employees, entrepreneurs and in-house freelancers; country-specific sampling details not published.",national_estimate,See observations.,TR_toged,True,False,False,Usable association snapshot only; mixed remote geography and missing local method prevent strict domestic comparison or a trend. No 2019 observation.,Number of people working in the industry,The chart calls this people; questionnaire p76 specifies FTE. Turkey-specific conversion is not independently documented.,
TR,Turkey,TR_secondary_range,Unverified secondary workforce range,employment_stock,people,Claimed game developers and indie teams; industry exclusions unresolved.,"All roles in covered businesses, including creative, technical and business functions.",unknown,Domestic workers irrespective of citizenship or employer ownership are the comparison target; exact source rules below.,Employees; other statuses unknown unless specified.,unknown,Not reported.,Thesis repeats attributed population estimate; original calculation not recovered.,unknown,See observations.,TR_secondary_range,False,False,False,Retained separately as secondary context. Conflicts with TOGED estimate; insufficient evidence to reconcile scope or date.,Unverified secondary workforce range,Unverified secondary workforce range,
TW,Taiwan,TW_survey2022,Employees at responding games companies,employment_stock,people,"Games value chain: development, operations/publishing, platforms/retail, game media and some immersive venues",All occupations within covered businesses,unknown,"Taiwan company survey, but overseas employee allocation not explicitly specified.",Source-reported workers; detailed status treatment not specified,Unknown; not assumed to include independent contractors,Not reported,Company questionnaire; missing employee figures supplemented from 104 Job Bank. Active-firm selection bias explicitly disclosed.,survey_sample,133 companies,TW_survey2022,True,False,False,133 responding companies; some missing employee counts imputed from 104 Job Bank. Respondent total is not a national workforce estimate. Games-company boundary may include adjacent activity.,有回覆調查問卷之業者，得員工總人數,Total employees among responding companies,
UA,Ukraine,UA_panel_room8,Room 8 Group workforce,employment_stock,people,"Named company only, as reported by DOU",All occupations in covered organisations,mixed,See comparison note; local operations rather than nationality unless explicitly stated,Company staff including Ukrainian tax residents abroad; employment-contract status not disaggregated,unknown,all citizenships,DOU company submissions and editorial comparison,company_panel,One company or company group,UA_panel_room8,False,False,False,"Tax-residence basis, not domestic workplaces or nationality. Never sum selected companies as national industry total.",employees,Room 8 Group workforce,False
UA,Ukraine,UA_panel_ubisoft,Ubisoft Ukraine workforce,employment_stock,people,"Named company only, as reported by DOU",All occupations in covered organisations,mixed,See comparison note; local operations rather than nationality unless explicitly stated,Company staff including Ukrainian tax residents abroad; employment-contract status not disaggregated,unknown,all citizenships,DOU company submissions and editorial comparison,company_panel,One company or company group,UA_panel_ubisoft,False,False,False,"Tax-residence basis, not domestic workplaces or nationality. Never sum selected companies as national industry total.",employees,Ubisoft Ukraine workforce,False
UA,Ukraine,UA_panel_playrix,Playrix group in Ukraine workforce,employment_stock,people,"Named company only, as reported by DOU",All occupations in covered organisations,mixed,See comparison note; local operations rather than nationality unless explicitly stated,Company staff including Ukrainian tax residents abroad; employment-contract status not disaggregated,unknown,all citizenships,DOU company submissions and editorial comparison,company_panel,One company or company group,UA_panel_playrix,False,False,False,"Tax-residence basis, not domestic workplaces or nationality. Never sum selected companies as national industry total.",employees,Playrix group in Ukraine workforce,False
UA,Ukraine,UA_panel_playtika,Playtika Ukraine workforce,employment_stock,people,"Named company only, as reported by DOU",All occupations in covered organisations,mixed,See comparison note; local operations rather than nationality unless explicitly stated,Company staff including Ukrainian tax residents abroad; employment-contract status not disaggregated,unknown,all citizenships,DOU company submissions and editorial comparison,company_panel,One company or company group,UA_panel_playtika,False,False,False,"Tax-residence basis, not domestic workplaces or nationality. Never sum selected companies as national industry total.",employees,Playtika Ukraine workforce,False
UA,Ukraine,UA_panel_net_change,Top 25 panel net change,other,people,Game developers and publishers,All occupations in covered organisations,mixed,See comparison note; local operations rather than nationality unless explicitly stated,Employees; contractor and owner treatment not established,unknown,all citizenships,Association industry compilation,company_panel,Changing top 25 company panel,UA_panel_net_change,False,False,False,"Change over sixmonths; not an employment stock, not national layoffs.",employees,Top 25 panel net change,False
US,United States,US_core,Core developer and publisher company employment,employment_stock,jobs,Game development and publishing,All roles in covered businesses,domestic_workplace,"Domestic operations, including foreign-owned companies",Company workforce; precise employment-status scope varies,Individuals with contractor status not separately enumerated; specialist service firms excluded from this derived subset.,Not reported,Sum of Developer + Developer/Publisher + Publisher categories in ESA firm database.,national_estimate,Not fixed across vintages,US_core,True,False,False,"Definition close across three editions, but database methodology changed. Plot discrete observations or explicit methodology breaks; no 2019 index.",Developer; Developer/Publisher; Publisher,Developer; Developer/Publisher; Publisher,
US,United States,US_broad,Broad direct games-industry employment,employment_stock,jobs,"Software, hardware, retail, services/support; 2019 also includes arcades and broad-retail allocations",All roles in covered businesses,domestic_workplace,"Domestic operations, including foreign-owned companies",Company workforce; precise employment-status scope varies,Not separately identified,Not reported,Source-reported industry estimate,national_estimate,Not fixed across vintages,US_broad,True,False,False,2019-to-2023 removes entire activities and changes firm estimation; 2025 improves small-firm and remote coverage. Broad series cannot measure like-for-like job loss.,Employment,Employment,
US,United States,US_software,Software-sector employment,employment_stock,jobs,"Developer, developer/publisher, publisher, tools, platform/other software activities",All roles in covered businesses,domestic_workplace,"Domestic operations, including foreign-owned companies",Company workforce; precise employment-status scope varies,Not separately identified,Not reported,Source-reported industry estimate,national_estimate,Not fixed across vintages,US_software,True,False,False,2025 adds Platform explicitly; 2023 other may include some activities. Method changes preclude index.,Employment,Employment,
US,United States,US_services,Specialist game-development services employment,employment_stock,jobs,"Creative development support, localisation, porting, related services",All roles in covered businesses,domestic_workplace,"Domestic operations, including foreign-owned companies",Company workforce; precise employment-status scope varies,Includes staff of contracted service firms; not a total freelancer headcount.,Not reported,Source-reported industry estimate,national_estimate,Not fixed across vintages,US_services,True,False,False,Different support-service coverage by edition; do not add this to contractor headcounts from other sources.,Employment,Employment,
US,United States,US_mapping_2017,Earlier ESA mapping-project reported employment,employment_stock,people,"Developers and publishers; publisher category also includes hardware/software manufacturers, service providers and distributors",All roles in covered businesses,domestic_workplace,"Domestic operations, including foreign-owned companies",Company workforce; precise employment-status scope varies,Not separately identified,Not reported,Source-reported industry estimate,company_panel,"2015: 1,522 locations with employment and founding-year information; 2016: 1,682 locations reporting employment",US_mapping_2017,True,False,False,2015 table excludes 151 locations without founding-year data; 2016 covers wider reporting universe. No comparable link to newer TEConomy series.,Employment,Employment,
VN,Vietnam,VN_4100_claim,Reported games-industry workers,employment_stock,people,Games-industry activity alongside G1 licensing and esports context; scope unresolved,All occupations within covered businesses,domestic_workplace,People working in the country; nationality not implied.,Source-reported workers; detailed status treatment not specified,Unknown; not assumed to include independent contractors,Not reported,Source estimate; detailed methodology not publicly specified,unknown,unknown,VN_4100_claim,False,False,False,Conflicts with another workforce claim on same source page; not eligible for country core chart.,Reported games-industry workers,Reported games-industry workers,
VN,Vietnam,VN_35000_claim,Reported game-developer estimate,employment_stock,people,Game developers; definition and count method unstated,Term game developers may denote people or broader creator community; unknown,domestic_workplace,People working in the country; nationality not implied.,Source-reported workers; detailed status treatment not specified,Unknown; not assumed to include independent contractors,Not reported,Source estimate; detailed methodology not publicly specified,unknown,unknown,VN_35000_claim,False,False,False,"Unreconciled with 4,100 workforce claim and not independently substantiated.",Reported game-developer estimate,Reported game-developer estimate,
VN,Vietnam,VN_mobile_claim,Estimated people in mobile-game production,employment_stock,people,Mobile-game production businesses,All occupations within covered businesses,domestic_workplace,People working in the country; nationality not implied.,Source-reported workers; detailed status treatment not specified,Unknown; not assumed to include independent contractors,Not reported,"Interview estimate by a mobile-game business owner, not a national workforce survey.",unknown,unknown,VN_mobile_claim,False,False,False,"Subsector interview estimate, observation date only contemporary with 2025 article; exclude from annual trend.",Estimated people in mobile-game production,Estimated people in mobile-game production,
